name,image_url
Yin-Yang 0.7%,https://imperator-server.onrender.com/storage-proxy/gift_assets/symbols/Yin-Yang_0_7.png
Chili Pepper 0.4%,https://imperator-server.onrender.com/storage-proxy/gift_assets/symbols/Chili_Pepper_0_4.png
Fish Skeleton 0.7%,https://imperator-server.onrender.com/storage-proxy/gift_assets/symbols/Fish_Skeleton_0_7.png
Sakura 0.7%,https://imperator-server.onrender.com/storage-proxy/gift_assets/symbols/Sakura_0_7.png
Moon Eagle 0.7%,https://imperator-server.onrender.com/storage-proxy/gift_assets/symbols/Moon_Eagle_0_7.png
Shield 0.7%,https://imperator-server.onrender.com/storage-proxy/gift_assets/symbols/Shield_0_7.png
Flower Tulip 0.7%,https://imperator-server.onrender.com/storage-proxy/gift_assets/symbols/Flower_Tulip_0_7.png
Eagle 0.7%,https://imperator-server.onrender.com/storage-proxy/gift_assets/symbols/Eagle_0_7.png
Hot Matcha 0.7%,https://imperator-server.onrender.com/storage-proxy/gift_assets/symbols/Hot_Matcha_0_7.png
Inca Sun 0.7%,https://imperator-server.onrender.com/storage-proxy/gift_assets/symbols/Inca_Sun_0_7.png
Plum 0.7%,https://imperator-server.onrender.com/storage-proxy/gift_assets/symbols/Plum_0_7.png
Shako 0.7%,https://imperator-server.onrender.com/storage-proxy/gift_assets/symbols/Shako_0_7.png
Illuminati 0.7%,https://imperator-server.onrender.com/storage-proxy/gift_assets/symbols/Illuminati_0_7.png
Croissant 0.5%,https://imperator-server.onrender.com/storage-proxy/gift_assets/symbols/Croissant_0_5.png
Seahorse 0.7%,https://imperator-server.onrender.com/storage-proxy/gift_assets/symbols/Seahorse_0_7.png
Lion King 0.4%,https://imperator-server.onrender.com/storage-proxy/gift_assets/symbols/Lion_King_0_4.png
Snail 0.2%,https://imperator-server.onrender.com/storage-proxy/gift_assets/symbols/Snail_0_2.png
Thunderbird 0.7%,https://imperator-server.onrender.com/storage-proxy/gift_assets/symbols/Thunderbird_0_7.png
Tetsubin 0.7%,https://imperator-server.onrender.com/storage-proxy/gift_assets/symbols/Tetsubin_0_7.png
Visor 0.7%,https://imperator-server.onrender.com/storage-proxy/gift_assets/symbols/Visor_0_7.png
Party Hat 0.2%,https://imperator-server.onrender.com/storage-proxy/gift_assets/symbols/Party_Hat_0_2.png
Calm Wolf 0.7%,https://imperator-server.onrender.com/storage-proxy/gift_assets/symbols/Calm_Wolf_0_7.png
Bottlenose 0.4%,https://imperator-server.onrender.com/storage-proxy/gift_assets/symbols/Bottlenose_0_4.png
Sea Dragon 0.7%,https://imperator-server.onrender.com/storage-proxy/gift_assets/symbols/Sea_Dragon_0_7.png
Novus Ordo 0.5%,https://imperator-server.onrender.com/storage-proxy/gift_assets/symbols/Novus_Ordo_0_5.png
Pickaxe 0.2%,https://imperator-server.onrender.com/storage-proxy/gift_assets/symbols/Pickaxe_0_2.png
Pencil 0.2%,https://imperator-server.onrender.com/storage-proxy/gift_assets/symbols/Pencil_0_2.png
Bastet 0.7%,https://imperator-server.onrender.com/storage-proxy/gift_assets/symbols/Bastet_0_7.png
Tricorne 0.4%,https://imperator-server.onrender.com/storage-proxy/gift_assets/symbols/Tricorne_0_4.png
Diamond 0.2%,https://imperator-server.onrender.com/storage-proxy/gift_assets/symbols/Diamond_0_2.png
Porrige 0.4%,https://imperator-server.onrender.com/storage-proxy/gift_assets/symbols/Porrige_0_4.png
Cash 0.4%,https://imperator-server.onrender.com/storage-proxy/gift_assets/symbols/Cash_0_4.png
Aztec Falcon 0.4%,https://imperator-server.onrender.com/storage-proxy/gift_assets/symbols/Aztec_Falcon_0_4.png
Clover 0.7%,https://imperator-server.onrender.com/storage-proxy/gift_assets/symbols/Clover_0_7.png
Wizard Hat 0.2%,https://imperator-server.onrender.com/storage-proxy/gift_assets/symbols/Wizard_Hat_0_2.png
Acorn 0.7%,https://imperator-server.onrender.com/storage-proxy/gift_assets/symbols/Acorn_0_7.png
Sprout 0.4%,https://imperator-server.onrender.com/storage-proxy/gift_assets/symbols/Sprout_0_4.png
Drug 0.2%,https://imperator-server.onrender.com/storage-proxy/gift_assets/symbols/Drug_0_2.png
Watermelon 0.7%,https://imperator-server.onrender.com/storage-proxy/gift_assets/symbols/Watermelon_0_7.png
Shooting Star 0.7%,https://imperator-server.onrender.com/storage-proxy/gift_assets/symbols/Shooting_Star_0_7.png
Flashlight 0.7%,https://imperator-server.onrender.com/storage-proxy/gift_assets/symbols/Flashlight_0_7.png
Pyramid 0.7%,https://imperator-server.onrender.com/storage-proxy/gift_assets/symbols/Pyramid_0_7.png
Alarm 0.7%,https://imperator-server.onrender.com/storage-proxy/gift_assets/symbols/Alarm_0_7.png
Mountain Goat 0.7%,https://imperator-server.onrender.com/storage-proxy/gift_assets/symbols/Mountain_Goat_0_7.png
Aztec Totem 0.7%,https://imperator-server.onrender.com/storage-proxy/gift_assets/symbols/Aztec_Totem_0_7.png
Kitsune Mask 0.7%,https://imperator-server.onrender.com/storage-proxy/gift_assets/symbols/Kitsune_Mask_0_7.png
Sushi Rolls 0.2%,https://imperator-server.onrender.com/storage-proxy/gift_assets/symbols/Sushi_Rolls_0_2.png
Dragonfly 0.4%,https://imperator-server.onrender.com/storage-proxy/gift_assets/symbols/Dragonfly_0_4.png
Pomegranate 0.4%,https://imperator-server.onrender.com/storage-proxy/gift_assets/symbols/Pomegranate_0_4.png
Manta Ray 0.4%,https://imperator-server.onrender.com/storage-proxy/gift_assets/symbols/Manta_Ray_0_4.png
Owl 0.7%,https://imperator-server.onrender.com/storage-proxy/gift_assets/symbols/Owl_0_7.png
Bamboo 0.7%,https://imperator-server.onrender.com/storage-proxy/gift_assets/symbols/Bamboo_0_7.png
Magic Wand 0.7%,https://imperator-server.onrender.com/storage-proxy/gift_assets/symbols/Magic_Wand_0_7.png
Ice Pop 0.7%,https://imperator-server.onrender.com/storage-proxy/gift_assets/symbols/Ice_Pop_0_7.png
Strawberry 0.4%,https://imperator-server.onrender.com/storage-proxy/gift_assets/symbols/Strawberry_0_4.png
Turtle 0.4%,https://imperator-server.onrender.com/storage-proxy/gift_assets/symbols/Turtle_0_4.png
Flamingo 0.7%,https://imperator-server.onrender.com/storage-proxy/gift_assets/symbols/Flamingo_0_7.png
Unicorn 0.2%,https://imperator-server.onrender.com/storage-proxy/gift_assets/symbols/Unicorn_0_2.png
Donut 0.5%,https://imperator-server.onrender.com/storage-proxy/gift_assets/symbols/Donut_0_5.png
Anubis 0.7%,https://imperator-server.onrender.com/storage-proxy/gift_assets/symbols/Anubis_0_7.png
Scorpion 0.7%,https://imperator-server.onrender.com/storage-proxy/gift_assets/symbols/Scorpion_0_7.png
Crusader 0.4%,https://imperator-server.onrender.com/storage-proxy/gift_assets/symbols/Crusader_0_4.png
Baphomet 0.7%,https://imperator-server.onrender.com/storage-proxy/gift_assets/symbols/Baphomet_0_7.png
Toilet 0.7%,https://imperator-server.onrender.com/storage-proxy/gift_assets/symbols/Toilet_0_7.png
Egg Basket 0.7%,https://imperator-server.onrender.com/storage-proxy/gift_assets/symbols/Egg_Basket_0_7.png
Rose 0.7%,https://imperator-server.onrender.com/storage-proxy/gift_assets/symbols/Rose_0_7.png
Okami Wolf 0.4%,https://imperator-server.onrender.com/storage-proxy/gift_assets/symbols/Okami_Wolf_0_4.png
Hippo 0.4%,https://imperator-server.onrender.com/storage-proxy/gift_assets/symbols/Hippo_0_4.png
Feather 0.7%,https://imperator-server.onrender.com/storage-proxy/gift_assets/symbols/Feather_0_7.png
Fireman Hat 0.4%,https://imperator-server.onrender.com/storage-proxy/gift_assets/symbols/Fireman_Hat_0_4.png
Rocket 0.4%,https://imperator-server.onrender.com/storage-proxy/gift_assets/symbols/Rocket_0_4.png
Melon 0.7%,https://imperator-server.onrender.com/storage-proxy/gift_assets/symbols/Melon_0_7.png
Flag 0.4%,https://imperator-server.onrender.com/storage-proxy/gift_assets/symbols/Flag_0_4.png
Cricket Helmet 0.2%,https://imperator-server.onrender.com/storage-proxy/gift_assets/symbols/Cricket_Helmet_0_2.png
Sword Fight 0.4%,https://imperator-server.onrender.com/storage-proxy/gift_assets/symbols/Sword_Fight_0_4.png
Birthday Cake 0.2%,https://imperator-server.onrender.com/storage-proxy/gift_assets/symbols/Birthday_Cake_0_2.png
Crystal Ball 0.7%,https://imperator-server.onrender.com/storage-proxy/gift_assets/symbols/Crystal_Ball_0_7.png
Cone 0.7%,https://imperator-server.onrender.com/storage-proxy/gift_assets/symbols/Cone_0_7.png
Book 0.5%,https://imperator-server.onrender.com/storage-proxy/gift_assets/symbols/Book_0_5.png
Breeze 0.4%,https://imperator-server.onrender.com/storage-proxy/gift_assets/symbols/Breeze_0_4.png
Turkey 0.4%,https://imperator-server.onrender.com/storage-proxy/gift_assets/symbols/Turkey_0_4.png
Hersir 0.4%,https://imperator-server.onrender.com/storage-proxy/gift_assets/symbols/Hersir_0_4.png
Elephant 0.7%,https://imperator-server.onrender.com/storage-proxy/gift_assets/symbols/Elephant_0_7.png
Lily 0.7%,https://imperator-server.onrender.com/storage-proxy/gift_assets/symbols/Lily_0_7.png
Smartphone 0.7%,https://imperator-server.onrender.com/storage-proxy/gift_assets/symbols/Smartphone_0_7.png
Bone 0.5%,https://imperator-server.onrender.com/storage-proxy/gift_assets/symbols/Bone_0_5.png
Lemon 0.7%,https://imperator-server.onrender.com/storage-proxy/gift_assets/symbols/Lemon_0_7.png
Rook 0.5%,https://imperator-server.onrender.com/storage-proxy/gift_assets/symbols/Rook_0_5.png
Moto Helmet 0.7%,https://imperator-server.onrender.com/storage-proxy/gift_assets/symbols/Moto_Helmet_0_7.png
Dolphin 0.7%,https://imperator-server.onrender.com/storage-proxy/gift_assets/symbols/Dolphin_0_7.png
Steampunk Hat 0.4%,https://imperator-server.onrender.com/storage-proxy/gift_assets/symbols/Steampunk_Hat_0_4.png
Cocktail 0.7%,https://imperator-server.onrender.com/storage-proxy/gift_assets/symbols/Cocktail_0_7.png
Twin Koi 0.2%,https://imperator-server.onrender.com/storage-proxy/gift_assets/symbols/Twin_Koi_0_2.png
Mayan Moth 0.4%,https://imperator-server.onrender.com/storage-proxy/gift_assets/symbols/Mayan_Moth_0_4.png
Horn 0.7%,https://imperator-server.onrender.com/storage-proxy/gift_assets/symbols/Horn_0_7.png
Monarch 0.7%,https://imperator-server.onrender.com/storage-proxy/gift_assets/symbols/Monarch_0_7.png
Carrot 0.4%,https://imperator-server.onrender.com/storage-proxy/gift_assets/symbols/Carrot_0_4.png
Trophy 0.7%,https://imperator-server.onrender.com/storage-proxy/gift_assets/symbols/Trophy_0_7.png
Flower Cross 0.2%,https://imperator-server.onrender.com/storage-proxy/gift_assets/symbols/Flower_Cross_0_2.png
Robin Hood 0.7%,https://imperator-server.onrender.com/storage-proxy/gift_assets/symbols/Robin_Hood_0_7.png
Puzzle 0.7%,https://imperator-server.onrender.com/storage-proxy/gift_assets/symbols/Puzzle_0_7.png
Cursor 0.7%,https://imperator-server.onrender.com/storage-proxy/gift_assets/symbols/Cursor_0_7.png
Peaked Cap 0.7%,https://imperator-server.onrender.com/storage-proxy/gift_assets/symbols/Peaked_Cap_0_7.png
War Bonnet 0.4%,https://imperator-server.onrender.com/storage-proxy/gift_assets/symbols/War_Bonnet_0_4.png
Lemon Slice 0.7%,https://imperator-server.onrender.com/storage-proxy/gift_assets/symbols/Lemon_Slice_0_7.png
Sword 0.4%,https://imperator-server.onrender.com/storage-proxy/gift_assets/symbols/Sword_0_4.png
Bearskin 0.4%,https://imperator-server.onrender.com/storage-proxy/gift_assets/symbols/Bearskin_0_4.png
Leaf 0.7%,https://imperator-server.onrender.com/storage-proxy/gift_assets/symbols/Leaf_0_7.png
Spellbook 0.7%,https://imperator-server.onrender.com/storage-proxy/gift_assets/symbols/Spellbook_0_7.png
Bottle 0.7%,https://imperator-server.onrender.com/storage-proxy/gift_assets/symbols/Bottle_0_7.png
Radar 0.7%,https://imperator-server.onrender.com/storage-proxy/gift_assets/symbols/Radar_0_7.png
Wise Raven 0.2%,https://imperator-server.onrender.com/storage-proxy/gift_assets/symbols/Wise_Raven_0_2.png
Bicorne 0.4%,https://imperator-server.onrender.com/storage-proxy/gift_assets/symbols/Bicorne_0_4.png
Lion of Babylon 0.4%,https://imperator-server.onrender.com/storage-proxy/gift_assets/symbols/Lion_of_Babylon_0_4.png
Axe 0.2%,https://imperator-server.onrender.com/storage-proxy/gift_assets/symbols/Axe_0_2.png
Bunny 0.4%,https://imperator-server.onrender.com/storage-proxy/gift_assets/symbols/Bunny_0_4.png
Cap 0.7%,https://imperator-server.onrender.com/storage-proxy/gift_assets/symbols/Cap_0_7.png
Garden Pot 0.7%,https://imperator-server.onrender.com/storage-proxy/gift_assets/symbols/Garden_Pot_0_7.png
Moon 0.2%,https://imperator-server.onrender.com/storage-proxy/gift_assets/symbols/Moon_0_2.png
Red Deer 0.4%,https://imperator-server.onrender.com/storage-proxy/gift_assets/symbols/Red_Deer_0_4.png
Piggy Bank 0.7%,https://imperator-server.onrender.com/storage-proxy/gift_assets/symbols/Piggy_Bank_0_7.png
Heart 0.7%,https://imperator-server.onrender.com/storage-proxy/gift_assets/symbols/Heart_0_7.png
Genie Lamp 0.4%,https://imperator-server.onrender.com/storage-proxy/gift_assets/symbols/Genie_Lamp_0_4.png
Narcissus 0.7%,https://imperator-server.onrender.com/storage-proxy/gift_assets/symbols/Narcissus_0_7.png
Old Candle 0.2%,https://imperator-server.onrender.com/storage-proxy/gift_assets/symbols/Old_Candle_0_2.png
War Tiger 0.5%,https://imperator-server.onrender.com/storage-proxy/gift_assets/symbols/War_Tiger_0_5.png
Flat Cap 0.7%,https://imperator-server.onrender.com/storage-proxy/gift_assets/symbols/Flat_Cap_0_7.png
Flying Dragon 0.5%,https://imperator-server.onrender.com/storage-proxy/gift_assets/symbols/Flying_Dragon_0_5.png
Elf Hat 0.7%,https://imperator-server.onrender.com/storage-proxy/gift_assets/symbols/Elf_Hat_0_7.png
Fenrir 0.7%,https://imperator-server.onrender.com/storage-proxy/gift_assets/symbols/Fenrir_0_7.png
Moon Cross 0.2%,https://imperator-server.onrender.com/storage-proxy/gift_assets/symbols/Moon_Cross_0_2.png
Chili 0.7%,https://imperator-server.onrender.com/storage-proxy/gift_assets/symbols/Chili_0_7.png
Carambola 0.5%,https://imperator-server.onrender.com/storage-proxy/gift_assets/symbols/Carambola_0_5.png
Boat 0.2%,https://imperator-server.onrender.com/storage-proxy/gift_assets/symbols/Boat_0_2.png
Magic Hat 0.7%,https://imperator-server.onrender.com/storage-proxy/gift_assets/symbols/Magic_Hat_0_7.png
Winged Helmet 0.4%,https://imperator-server.onrender.com/storage-proxy/gift_assets/symbols/Winged_Helmet_0_4.png
Totem Bear 0.2%,https://imperator-server.onrender.com/storage-proxy/gift_assets/symbols/Totem_Bear_0_2.png
Nemes 0.4%,https://imperator-server.onrender.com/storage-proxy/gift_assets/symbols/Nemes_0_4.png
Pawn 0.5%,https://imperator-server.onrender.com/storage-proxy/gift_assets/symbols/Pawn_0_5.png
Khinkali 0.7%,https://imperator-server.onrender.com/storage-proxy/gift_assets/symbols/Khinkali_0_7.png
The Eye 0.7%,https://imperator-server.onrender.com/storage-proxy/gift_assets/symbols/The_Eye_0_7.png
Baby Bottle 0.5%,https://imperator-server.onrender.com/storage-proxy/gift_assets/symbols/Baby_Bottle_0_5.png
Hard Hat 0.7%,https://imperator-server.onrender.com/storage-proxy/gift_assets/symbols/Hard_Hat_0_7.png
Flipper 0.5%,https://imperator-server.onrender.com/storage-proxy/gift_assets/symbols/Flipper_0_5.png
Maple 0.7%,https://imperator-server.onrender.com/storage-proxy/gift_assets/symbols/Maple_0_7.png
Polar Bear 0.7%,https://imperator-server.onrender.com/storage-proxy/gift_assets/symbols/Polar_Bear_0_7.png
Alkonost 0.4%,https://imperator-server.onrender.com/storage-proxy/gift_assets/symbols/Alkonost_0_4.png
Flower Sun 0.2%,https://imperator-server.onrender.com/storage-proxy/gift_assets/symbols/Flower_Sun_0_2.png
Maple Leaf 0.4%,https://imperator-server.onrender.com/storage-proxy/gift_assets/symbols/Maple_Leaf_0_4.png
Cherry 0.4%,https://imperator-server.onrender.com/storage-proxy/gift_assets/symbols/Cherry_0_4.png
Gem 0.7%,https://imperator-server.onrender.com/storage-proxy/gift_assets/symbols/Gem_0_7.png
Deerstalker 0.4%,https://imperator-server.onrender.com/storage-proxy/gift_assets/symbols/Deerstalker_0_4.png
Morgenstern 0.2%,https://imperator-server.onrender.com/storage-proxy/gift_assets/symbols/Morgenstern_0_2.png
Grenade 0.7%,https://imperator-server.onrender.com/storage-proxy/gift_assets/symbols/Grenade_0_7.png
Piranha 0.7%,https://imperator-server.onrender.com/storage-proxy/gift_assets/symbols/Piranha_0_7.png
Mushroom 0.2%,https://imperator-server.onrender.com/storage-proxy/gift_assets/symbols/Mushroom_0_2.png
Two Katanas 0.2%,https://imperator-server.onrender.com/storage-proxy/gift_assets/symbols/Two_Katanas_0_2.png
Egg 0.7%,https://imperator-server.onrender.com/storage-proxy/gift_assets/symbols/Egg_0_7.png
Beer 0.2%,https://imperator-server.onrender.com/storage-proxy/gift_assets/symbols/Beer_0_2.png
Fried Egg 0.7%,https://imperator-server.onrender.com/storage-proxy/gift_assets/symbols/Fried_Egg_0_7.png
Dagger 0.2%,https://imperator-server.onrender.com/storage-proxy/gift_assets/symbols/Dagger_0_2.png
Thor Hammer 0.2%,https://imperator-server.onrender.com/storage-proxy/gift_assets/symbols/Thor_Hammer_0_2.png
Bishop 0.7%,https://imperator-server.onrender.com/storage-proxy/gift_assets/symbols/Bishop_0_7.png
Cactus 0.2%,https://imperator-server.onrender.com/storage-proxy/gift_assets/symbols/Cactus_0_2.png
Pearl 0.2%,https://imperator-server.onrender.com/storage-proxy/gift_assets/symbols/Pearl_0_2.png
Press Hat 0.5%,https://imperator-server.onrender.com/storage-proxy/gift_assets/symbols/Press_Hat_0_5.png
Chest 0.2%,https://imperator-server.onrender.com/storage-proxy/gift_assets/symbols/Chest_0_2.png
Hedgehog 0.2%,https://imperator-server.onrender.com/storage-proxy/gift_assets/symbols/Hedgehog_0_2.png
Nigiri 0.7%,https://imperator-server.onrender.com/storage-proxy/gift_assets/symbols/Nigiri_0_7.png
Viking Shield 0.7%,https://imperator-server.onrender.com/storage-proxy/gift_assets/symbols/Viking_Shield_0_7.png
Holy Grail 0.7%,https://imperator-server.onrender.com/storage-proxy/gift_assets/symbols/Holy_Grail_0_7.png
Bug 0.7%,https://imperator-server.onrender.com/storage-proxy/gift_assets/symbols/Bug_0_7.png
Fedora 0.7%,https://imperator-server.onrender.com/storage-proxy/gift_assets/symbols/Fedora_0_7.png
Pineapple 0.2%,https://imperator-server.onrender.com/storage-proxy/gift_assets/symbols/Pineapple_0_2.png
Baseball Cap 0.7%,https://imperator-server.onrender.com/storage-proxy/gift_assets/symbols/Baseball_Cap_0_7.png
Cobra 0.4%,https://imperator-server.onrender.com/storage-proxy/gift_assets/symbols/Cobra_0_4.png
Turban 0.5%,https://imperator-server.onrender.com/storage-proxy/gift_assets/symbols/Turban_0_5.png
Corn 0.7%,https://imperator-server.onrender.com/storage-proxy/gift_assets/symbols/Corn_0_7.png
Lion Head 0.2%,https://imperator-server.onrender.com/storage-proxy/gift_assets/symbols/Lion_Head_0_2.png
Money Bag 0.2%,https://imperator-server.onrender.com/storage-proxy/gift_assets/symbols/Money_Bag_0_2.png
Shuriken 0.7%,https://imperator-server.onrender.com/storage-proxy/gift_assets/symbols/Shuriken_0_7.png
All-Seeing Eye 0.5%,https://imperator-server.onrender.com/storage-proxy/gift_assets/symbols/All-Seeing_Eye_0_5.png
Bobby Helmet 0.4%,https://imperator-server.onrender.com/storage-proxy/gift_assets/symbols/Bobby_Helmet_0_4.png
Tree of Life 0.4%,https://imperator-server.onrender.com/storage-proxy/gift_assets/symbols/Tree_of_Life_0_4.png
Shark Knife 0.7%,https://imperator-server.onrender.com/storage-proxy/gift_assets/symbols/Shark_Knife_0_7.png
Plume Shako 0.2%,https://imperator-server.onrender.com/storage-proxy/gift_assets/symbols/Plume_Shako_0_2.png
Fleur-de-lis 0.4%,https://imperator-server.onrender.com/storage-proxy/gift_assets/symbols/Fleur-de-lis_0_4.png
Ramen 0.4%,https://imperator-server.onrender.com/storage-proxy/gift_assets/symbols/Ramen_0_4.png
Worker Ant 0.2%,https://imperator-server.onrender.com/storage-proxy/gift_assets/symbols/Worker_Ant_0_2.png
Car 0.2%,https://imperator-server.onrender.com/storage-proxy/gift_assets/symbols/Car_0_2.png
UFO 0.2%,https://imperator-server.onrender.com/storage-proxy/gift_assets/symbols/UFO_0_2.png
Leprechaun 0.2%,https://imperator-server.onrender.com/storage-proxy/gift_assets/symbols/Leprechaun_0_2.png
Wreath 0.2%,https://imperator-server.onrender.com/storage-proxy/gift_assets/symbols/Wreath_0_2.png
Mafdet 0.2%,https://imperator-server.onrender.com/storage-proxy/gift_assets/symbols/Mafdet_0_2.png
Manta Ray 0.2%,https://imperator-server.onrender.com/storage-proxy/gift_assets/symbols/Manta_Ray_0_2.png
Tie 0.8%,https://imperator-server.onrender.com/storage-proxy/gift_assets/symbols/Tie_0_8.png
Skull 0.2%,https://imperator-server.onrender.com/storage-proxy/gift_assets/symbols/Skull_0_2.png
Moon Eagle 1%,https://imperator-server.onrender.com/storage-proxy/gift_assets/symbols/Moon_Eagle_1.png
Owl 1%,https://imperator-server.onrender.com/storage-proxy/gift_assets/symbols/Owl_1.png
Cicada 0.8%,https://imperator-server.onrender.com/storage-proxy/gift_assets/symbols/Cicada_0_8.png
Tribal Shield 1%,https://imperator-server.onrender.com/storage-proxy/gift_assets/symbols/Tribal_Shield_1.png
Yogi Shaman 0.5%,https://imperator-server.onrender.com/storage-proxy/gift_assets/symbols/Yogi_Shaman_0_5.png
Bell Pepper 0.2%,https://imperator-server.onrender.com/storage-proxy/gift_assets/symbols/Bell_Pepper_0_2.png
Fehu Rune 1%,https://imperator-server.onrender.com/storage-proxy/gift_assets/symbols/Fehu_Rune_1.png
Gold 0.5%,https://imperator-server.onrender.com/storage-proxy/gift_assets/symbols/Gold_0_5.png
Dice 1%,https://imperator-server.onrender.com/storage-proxy/gift_assets/symbols/Dice_1.png
Cobra 0.8%,https://imperator-server.onrender.com/storage-proxy/gift_assets/symbols/Cobra_0_8.png
Sauron 0.5%,https://imperator-server.onrender.com/storage-proxy/gift_assets/symbols/Sauron_0_5.png
The Eye 0.8%,https://imperator-server.onrender.com/storage-proxy/gift_assets/symbols/The_Eye_0_8.png
Eagle 1%,https://imperator-server.onrender.com/storage-proxy/gift_assets/symbols/Eagle_1.png
Coconut 0.5%,https://imperator-server.onrender.com/storage-proxy/gift_assets/symbols/Coconut_0_5.png
Knight 1%,https://imperator-server.onrender.com/storage-proxy/gift_assets/symbols/Knight_1.png
Inguz Rune 1%,https://imperator-server.onrender.com/storage-proxy/gift_assets/symbols/Inguz_Rune_1.png
Trophy 0.8%,https://imperator-server.onrender.com/storage-proxy/gift_assets/symbols/Trophy_0_8.png
Viking 0.2%,https://imperator-server.onrender.com/storage-proxy/gift_assets/symbols/Viking_0_2.png
Pyramid 1%,https://imperator-server.onrender.com/storage-proxy/gift_assets/symbols/Pyramid_1.png
Spirit Impala 1%,https://imperator-server.onrender.com/storage-proxy/gift_assets/symbols/Spirit_Impala_1.png
Firebird 0.8%,https://imperator-server.onrender.com/storage-proxy/gift_assets/symbols/Firebird_0_8.png
Phoenix 1%,https://imperator-server.onrender.com/storage-proxy/gift_assets/symbols/Phoenix_1.png
Hand of God 1%,https://imperator-server.onrender.com/storage-proxy/gift_assets/symbols/Hand_of_God_1.png
Top Hat 0.8%,https://imperator-server.onrender.com/storage-proxy/gift_assets/symbols/Top_Hat_0_8.png
Mountain Goat 1%,https://imperator-server.onrender.com/storage-proxy/gift_assets/symbols/Mountain_Goat_1.png
Sakura 0.5%,https://imperator-server.onrender.com/storage-proxy/gift_assets/symbols/Sakura_0_5.png
Lion Head 0.8%,https://imperator-server.onrender.com/storage-proxy/gift_assets/symbols/Lion_Head_0_8.png
Coin Purse 1%,https://imperator-server.onrender.com/storage-proxy/gift_assets/symbols/Coin_Purse_1.png
Sun Lion 0.8%,https://imperator-server.onrender.com/storage-proxy/gift_assets/symbols/Sun_Lion_0_8.png
Sun Mountain 0.5%,https://imperator-server.onrender.com/storage-proxy/gift_assets/symbols/Sun_Mountain_0_5.png
Scorpion 0.8%,https://imperator-server.onrender.com/storage-proxy/gift_assets/symbols/Scorpion_0_8.png
Coat of Arms 1%,https://imperator-server.onrender.com/storage-proxy/gift_assets/symbols/Coat_of_Arms_1.png
Scarab 0.8%,https://imperator-server.onrender.com/storage-proxy/gift_assets/symbols/Scarab_0_8.png
Garden Pot 0.2%,https://imperator-server.onrender.com/storage-proxy/gift_assets/symbols/Garden_Pot_0_2.png
Spanner 0.2%,https://imperator-server.onrender.com/storage-proxy/gift_assets/symbols/Spanner_0_2.png
Diamond 1%,https://imperator-server.onrender.com/storage-proxy/gift_assets/symbols/Diamond_1.png
Eikthyrnir 1%,https://imperator-server.onrender.com/storage-proxy/gift_assets/symbols/Eikthyrnir_1.png
Bishop 0.5%,https://imperator-server.onrender.com/storage-proxy/gift_assets/symbols/Bishop_0_5.png
Mafdet 1%,https://imperator-server.onrender.com/storage-proxy/gift_assets/symbols/Mafdet_1.png
Mayan Moth 1%,https://imperator-server.onrender.com/storage-proxy/gift_assets/symbols/Mayan_Moth_1.png
White Deer 0.8%,https://imperator-server.onrender.com/storage-proxy/gift_assets/symbols/White_Deer_0_8.png
Wolf Rage 1%,https://imperator-server.onrender.com/storage-proxy/gift_assets/symbols/Wolf_Rage_1.png
Calm Wolf 1%,https://imperator-server.onrender.com/storage-proxy/gift_assets/symbols/Calm_Wolf_1.png
Crusader 0.8%,https://imperator-server.onrender.com/storage-proxy/gift_assets/symbols/Crusader_0_8.png
Leaf 0.2%,https://imperator-server.onrender.com/storage-proxy/gift_assets/symbols/Leaf_0_2.png
Crystal Ball 0.2%,https://imperator-server.onrender.com/storage-proxy/gift_assets/symbols/Crystal_Ball_0_2.png
Fenrir 0.8%,https://imperator-server.onrender.com/storage-proxy/gift_assets/symbols/Fenrir_0_8.png
Sword 0.2%,https://imperator-server.onrender.com/storage-proxy/gift_assets/symbols/Sword_0_2.png
Celtic Wolf 1%,https://imperator-server.onrender.com/storage-proxy/gift_assets/symbols/Celtic_Wolf_1.png
High Heels 0.8%,https://imperator-server.onrender.com/storage-proxy/gift_assets/symbols/High_Heels_0_8.png
Apple 0.2%,https://imperator-server.onrender.com/storage-proxy/gift_assets/symbols/Apple_0_2.png
Heart 0.2%,https://imperator-server.onrender.com/storage-proxy/gift_assets/symbols/Heart_0_2.png
Piggy Bank 0.8%,https://imperator-server.onrender.com/storage-proxy/gift_assets/symbols/Piggy_Bank_0_8.png
Coffee Bean 0.2%,https://imperator-server.onrender.com/storage-proxy/gift_assets/symbols/Coffee_Bean_0_2.png
Sparks 1%,https://imperator-server.onrender.com/storage-proxy/gift_assets/symbols/Sparks_1.png
Wreath 0.5%,https://imperator-server.onrender.com/storage-proxy/gift_assets/symbols/Wreath_0_5.png
Car 0.8%,https://imperator-server.onrender.com/storage-proxy/gift_assets/symbols/Car_0_8.png
Mask 1%,https://imperator-server.onrender.com/storage-proxy/gift_assets/symbols/Mask_1.png
Shark Knife 0.2%,https://imperator-server.onrender.com/storage-proxy/gift_assets/symbols/Shark_Knife_0_2.png
Hamburger 0.2%,https://imperator-server.onrender.com/storage-proxy/gift_assets/symbols/Hamburger_0_2.png
Money Bag 0.8%,https://imperator-server.onrender.com/storage-proxy/gift_assets/symbols/Money_Bag_0_8.png
Bull of Heaven 1%,https://imperator-server.onrender.com/storage-proxy/gift_assets/symbols/Bull_of_Heaven_1.png
Champagne 1%,https://imperator-server.onrender.com/storage-proxy/gift_assets/symbols/Champagne_1.png
Cocktail 1%,https://imperator-server.onrender.com/storage-proxy/gift_assets/symbols/Cocktail_1.png
Koala 0.2%,https://imperator-server.onrender.com/storage-proxy/gift_assets/symbols/Koala_0_2.png
Okami Wolf 0.8%,https://imperator-server.onrender.com/storage-proxy/gift_assets/symbols/Okami_Wolf_0_8.png
Pegasus 0.8%,https://imperator-server.onrender.com/storage-proxy/gift_assets/symbols/Pegasus_0_8.png
Pearl 0.8%,https://imperator-server.onrender.com/storage-proxy/gift_assets/symbols/Pearl_0_8.png
Turkey 0.2%,https://imperator-server.onrender.com/storage-proxy/gift_assets/symbols/Turkey_0_2.png
Grape 0.2%,https://imperator-server.onrender.com/storage-proxy/gift_assets/symbols/Grape_0_2.png
Moon Cross 1%,https://imperator-server.onrender.com/storage-proxy/gift_assets/symbols/Moon_Cross_1.png
Star Crown 0.2%,https://imperator-server.onrender.com/storage-proxy/gift_assets/symbols/Star_Crown_0_2.png
Sun 0.2%,https://imperator-server.onrender.com/storage-proxy/gift_assets/symbols/Sun_0_2.png
Sumerian Bird 1%,https://imperator-server.onrender.com/storage-proxy/gift_assets/symbols/Sumerian_Bird_1.png
Mountain Lion 1%,https://imperator-server.onrender.com/storage-proxy/gift_assets/symbols/Mountain_Lion_1.png
Palette 0.2%,https://imperator-server.onrender.com/storage-proxy/gift_assets/symbols/Palette_0_2.png
Smartphone 0.2%,https://imperator-server.onrender.com/storage-proxy/gift_assets/symbols/Smartphone_0_2.png
Golden Scarab 0.8%,https://imperator-server.onrender.com/storage-proxy/gift_assets/symbols/Golden_Scarab_0_8.png
Alkonost 1%,https://imperator-server.onrender.com/storage-proxy/gift_assets/symbols/Alkonost_1.png
Cap 0.5%,https://imperator-server.onrender.com/storage-proxy/gift_assets/symbols/Cap_0_5.png
Gem 0.8%,https://imperator-server.onrender.com/storage-proxy/gift_assets/symbols/Gem_0_8.png
Crown 0.8%,https://imperator-server.onrender.com/storage-proxy/gift_assets/symbols/Crown_0_8.png
Kitsune 0.8%,https://imperator-server.onrender.com/storage-proxy/gift_assets/symbols/Kitsune_0_8.png
Ouroboros 0.5%,https://imperator-server.onrender.com/storage-proxy/gift_assets/symbols/Ouroboros_0_5.png
Baphomet 0.8%,https://imperator-server.onrender.com/storage-proxy/gift_assets/symbols/Baphomet_0_8.png
Royal Crown 1%,https://imperator-server.onrender.com/storage-proxy/gift_assets/symbols/Royal_Crown_1.png
Mannaz Rune 0.5%,https://imperator-server.onrender.com/storage-proxy/gift_assets/symbols/Mannaz_Rune_0_5.png
Plume 0.2%,https://imperator-server.onrender.com/storage-proxy/gift_assets/symbols/Plume_0_2.png
Gear 0.2%,https://imperator-server.onrender.com/storage-proxy/gift_assets/symbols/Gear_0_2.png
Lemon 0.2%,https://imperator-server.onrender.com/storage-proxy/gift_assets/symbols/Lemon_0_2.png
Unicorn Head 1%,https://imperator-server.onrender.com/storage-proxy/gift_assets/symbols/Unicorn_Head_1.png
Venetian Mask 0.8%,https://imperator-server.onrender.com/storage-proxy/gift_assets/symbols/Venetian_Mask_0_8.png
Nordic Wolf 1%,https://imperator-server.onrender.com/storage-proxy/gift_assets/symbols/Nordic_Wolf_1.png
Paw 0.2%,https://imperator-server.onrender.com/storage-proxy/gift_assets/symbols/Paw_0_2.png
Arabian Horse 0.8%,https://imperator-server.onrender.com/storage-proxy/gift_assets/symbols/Arabian_Horse_0_8.png
Bastet 1%,https://imperator-server.onrender.com/storage-proxy/gift_assets/symbols/Bastet_1.png
Celtic Cross 0.5%,https://imperator-server.onrender.com/storage-proxy/gift_assets/symbols/Celtic_Cross_0_5.png
Flamingo 0.2%,https://imperator-server.onrender.com/storage-proxy/gift_assets/symbols/Flamingo_0_2.png
Fleur-de-lis 0.5%,https://imperator-server.onrender.com/storage-proxy/gift_assets/symbols/Fleur-de-lis_0_5.png
Ram of Amun 1%,https://imperator-server.onrender.com/storage-proxy/gift_assets/symbols/Ram_of_Amun_1.png
Cash 0.5%,https://imperator-server.onrender.com/storage-proxy/gift_assets/symbols/Cash_0_5.png
Melon 0.2%,https://imperator-server.onrender.com/storage-proxy/gift_assets/symbols/Melon_0_2.png
Rhino Warrior 0.8%,https://imperator-server.onrender.com/storage-proxy/gift_assets/symbols/Rhino_Warrior_0_8.png
Coin 0.5%,https://imperator-server.onrender.com/storage-proxy/gift_assets/symbols/Coin_0_5.png
Ball 0.2%,https://imperator-server.onrender.com/storage-proxy/gift_assets/symbols/Ball_0_2.png
Totem Bear 1%,https://imperator-server.onrender.com/storage-proxy/gift_assets/symbols/Totem_Bear_1.png
Hammerhead 0.2%,https://imperator-server.onrender.com/storage-proxy/gift_assets/symbols/Hammerhead_0_2.png
Inca Sun 0.8%,https://imperator-server.onrender.com/storage-proxy/gift_assets/symbols/Inca_Sun_0_8.png
Glasses 0.5%,https://imperator-server.onrender.com/storage-proxy/gift_assets/symbols/Glasses_0_5.png
Wasp 0.2%,https://imperator-server.onrender.com/storage-proxy/gift_assets/symbols/Wasp_0_2.png
Cheese 0.2%,https://imperator-server.onrender.com/storage-proxy/gift_assets/symbols/Cheese_0_2.png
Flower Cross 0.8%,https://imperator-server.onrender.com/storage-proxy/gift_assets/symbols/Flower_Cross_0_8.png
Chest 0.5%,https://imperator-server.onrender.com/storage-proxy/gift_assets/symbols/Chest_0_5.png
Oak Leaf 0.2%,https://imperator-server.onrender.com/storage-proxy/gift_assets/symbols/Oak_Leaf_0_2.png
Lily 0.2%,https://imperator-server.onrender.com/storage-proxy/gift_assets/symbols/Lily_0_2.png
Twin Peaks 0.2%,https://imperator-server.onrender.com/storage-proxy/gift_assets/symbols/Twin_Peaks_0_2.png
Flower Tulip 0.2%,https://imperator-server.onrender.com/storage-proxy/gift_assets/symbols/Flower_Tulip_0_2.png
Star 0.8%,https://imperator-server.onrender.com/storage-proxy/gift_assets/symbols/Star_0_8.png
Polar Bear 0.2%,https://imperator-server.onrender.com/storage-proxy/gift_assets/symbols/Polar_Bear_0_2.png
Sea Jelly 0.2%,https://imperator-server.onrender.com/storage-proxy/gift_assets/symbols/Sea_Jelly_0_2.png
Bunny Ears 0.2%,https://imperator-server.onrender.com/storage-proxy/gift_assets/symbols/Bunny_Ears_0_2.png
Turtle 0.2%,https://imperator-server.onrender.com/storage-proxy/gift_assets/symbols/Turtle_0_2.png
Ink Pen 0.8%,https://imperator-server.onrender.com/storage-proxy/gift_assets/symbols/Ink_Pen_0_8.png
Pizza Slice 0.2%,https://imperator-server.onrender.com/storage-proxy/gift_assets/symbols/Pizza_Slice_0_2.png
Illuminati 0.8%,https://imperator-server.onrender.com/storage-proxy/gift_assets/symbols/Illuminati_0_8.png
Bone 0.2%,https://imperator-server.onrender.com/storage-proxy/gift_assets/symbols/Bone_0_2.png
Bottle 0.2%,https://imperator-server.onrender.com/storage-proxy/gift_assets/symbols/Bottle_0_2.png
Bubble Tea 0.2%,https://imperator-server.onrender.com/storage-proxy/gift_assets/symbols/Bubble_Tea_0_2.png
Octopus 0.2%,https://imperator-server.onrender.com/storage-proxy/gift_assets/symbols/Octopus_0_2.png
Shield 0.8%,https://imperator-server.onrender.com/storage-proxy/gift_assets/symbols/Shield_0_8.png
Gift Box 0.2%,https://imperator-server.onrender.com/storage-proxy/gift_assets/symbols/Gift_Box_0_2.png
Grenade 0.2%,https://imperator-server.onrender.com/storage-proxy/gift_assets/symbols/Grenade_0_2.png
Jellyfish 0.2%,https://imperator-server.onrender.com/storage-proxy/gift_assets/symbols/Jellyfish_0_2.png
Genie Lamp 0.8%,https://imperator-server.onrender.com/storage-proxy/gift_assets/symbols/Genie_Lamp_0_8.png
Doberman 0.5%,https://imperator-server.onrender.com/storage-proxy/gift_assets/symbols/Doberman_0_5.png
Bandage 0.2%,https://imperator-server.onrender.com/storage-proxy/gift_assets/symbols/Bandage_0_2.png
Rook 0.8%,https://imperator-server.onrender.com/storage-proxy/gift_assets/symbols/Rook_0_8.png
Clubs 0.2%,https://imperator-server.onrender.com/storage-proxy/gift_assets/symbols/Clubs_0_2.png
Jumbo Pencil 0.2%,https://imperator-server.onrender.com/storage-proxy/gift_assets/symbols/Jumbo_Pencil_0_2.png
Alarm 0.2%,https://imperator-server.onrender.com/storage-proxy/gift_assets/symbols/Alarm_0_2.png
Tree of Life 0.5%,https://imperator-server.onrender.com/storage-proxy/gift_assets/symbols/Tree_of_Life_0_5.png
Moon 0.8%,https://imperator-server.onrender.com/storage-proxy/gift_assets/symbols/Moon_0_8.png
Bread 0.2%,https://imperator-server.onrender.com/storage-proxy/gift_assets/symbols/Bread_0_2.png
Lion King 1%,https://imperator-server.onrender.com/storage-proxy/gift_assets/symbols/Lion_King_1.png
Police Badge 0.2%,https://imperator-server.onrender.com/storage-proxy/gift_assets/symbols/Police_Badge_0_2.png
Ring 0.8%,https://imperator-server.onrender.com/storage-proxy/gift_assets/symbols/Ring_0_8.png
Bunny 0.2%,https://imperator-server.onrender.com/storage-proxy/gift_assets/symbols/Bunny_0_2.png
Piñata 0.2%,https://imperator-server.onrender.com/storage-proxy/gift_assets/symbols/Pi_ata_0_2.png
Flashlight 0.2%,https://imperator-server.onrender.com/storage-proxy/gift_assets/symbols/Flashlight_0_2.png
Anchor 0.8%,https://imperator-server.onrender.com/storage-proxy/gift_assets/symbols/Anchor_0_8.png
Sprout 0.2%,https://imperator-server.onrender.com/storage-proxy/gift_assets/symbols/Sprout_0_2.png
Monstera 0.2%,https://imperator-server.onrender.com/storage-proxy/gift_assets/symbols/Monstera_0_2.png
Chili 0.2%,https://imperator-server.onrender.com/storage-proxy/gift_assets/symbols/Chili_0_2.png
Scissors 0.2%,https://imperator-server.onrender.com/storage-proxy/gift_assets/symbols/Scissors_0_2.png
Narcissus 0.2%,https://imperator-server.onrender.com/storage-proxy/gift_assets/symbols/Narcissus_0_2.png
Chili Pepper 0.2%,https://imperator-server.onrender.com/storage-proxy/gift_assets/symbols/Chili_Pepper_0_2.png
Fish Skeleton 0.2%,https://imperator-server.onrender.com/storage-proxy/gift_assets/symbols/Fish_Skeleton_0_2.png
Flipper 0.2%,https://imperator-server.onrender.com/storage-proxy/gift_assets/symbols/Flipper_0_2.png
Hippo 0.2%,https://imperator-server.onrender.com/storage-proxy/gift_assets/symbols/Hippo_0_2.png
Fire 0.2%,https://imperator-server.onrender.com/storage-proxy/gift_assets/symbols/Fire_0_2.png
Dragonfly 0.2%,https://imperator-server.onrender.com/storage-proxy/gift_assets/symbols/Dragonfly_0_2.png
Maple Leaf 0.2%,https://imperator-server.onrender.com/storage-proxy/gift_assets/symbols/Maple_Leaf_0_2.png
Fish 0.2%,https://imperator-server.onrender.com/storage-proxy/gift_assets/symbols/Fish_0_2.png
Crab 0.2%,https://imperator-server.onrender.com/storage-proxy/gift_assets/symbols/Crab_0_2.png
Croissant 0.2%,https://imperator-server.onrender.com/storage-proxy/gift_assets/symbols/Croissant_0_2.png
Bottlenose 0.2%,https://imperator-server.onrender.com/storage-proxy/gift_assets/symbols/Bottlenose_0_2.png
Tooth 0.2%,https://imperator-server.onrender.com/storage-proxy/gift_assets/symbols/Tooth_0_2.png
Oxen of Fire 0.5%,https://imperator-server.onrender.com/storage-proxy/gift_assets/symbols/Oxen_of_Fire_0_5.png
Love Lock 0.2%,https://imperator-server.onrender.com/storage-proxy/gift_assets/symbols/Love_Lock_0_2.png
Blood Drop 0.2%,https://imperator-server.onrender.com/storage-proxy/gift_assets/symbols/Blood_Drop_0_2.png
Key 0.2%,https://imperator-server.onrender.com/storage-proxy/gift_assets/symbols/Key_0_2.png
Pomegranate 0.2%,https://imperator-server.onrender.com/storage-proxy/gift_assets/symbols/Pomegranate_0_2.png
Spider Web 0.2%,https://imperator-server.onrender.com/storage-proxy/gift_assets/symbols/Spider_Web_0_2.png
Candy 0.2%,https://imperator-server.onrender.com/storage-proxy/gift_assets/symbols/Candy_0_2.png
Acorn 0.2%,https://imperator-server.onrender.com/storage-proxy/gift_assets/symbols/Acorn_0_2.png
Light Bulb 0.2%,https://imperator-server.onrender.com/storage-proxy/gift_assets/symbols/Light_Bulb_0_2.png
Maple 0.2%,https://imperator-server.onrender.com/storage-proxy/gift_assets/symbols/Maple_0_2.png
Wasp 0.5%,https://imperator-server.onrender.com/storage-proxy/gift_assets/symbols/Wasp_0_5.png
Phoenix 0.5%,https://imperator-server.onrender.com/storage-proxy/gift_assets/symbols/Phoenix_0_5.png
Toilet Paper 0.5%,https://imperator-server.onrender.com/storage-proxy/gift_assets/symbols/Toilet_Paper_0_5.png
Watermelon 0.3%,https://imperator-server.onrender.com/storage-proxy/gift_assets/symbols/Watermelon_0_3.png
Bottle 0.3%,https://imperator-server.onrender.com/storage-proxy/gift_assets/symbols/Bottle_0_3.png
Leaf 0.5%,https://imperator-server.onrender.com/storage-proxy/gift_assets/symbols/Leaf_0_5.png
Spades 0.3%,https://imperator-server.onrender.com/storage-proxy/gift_assets/symbols/Spades_0_3.png
Conch 0.3%,https://imperator-server.onrender.com/storage-proxy/gift_assets/symbols/Conch_0_3.png
Beetle 0.4%,https://imperator-server.onrender.com/storage-proxy/gift_assets/symbols/Beetle_0_4.png
Sparks 0.5%,https://imperator-server.onrender.com/storage-proxy/gift_assets/symbols/Sparks_0_5.png
Grape 0.4%,https://imperator-server.onrender.com/storage-proxy/gift_assets/symbols/Grape_0_4.png
Spider Web 0.4%,https://imperator-server.onrender.com/storage-proxy/gift_assets/symbols/Spider_Web_0_4.png
Arabian Horse 0.5%,https://imperator-server.onrender.com/storage-proxy/gift_assets/symbols/Arabian_Horse_0_5.png
Coin Purse 0.3%,https://imperator-server.onrender.com/storage-proxy/gift_assets/symbols/Coin_Purse_0_3.png
Elephant 0.4%,https://imperator-server.onrender.com/storage-proxy/gift_assets/symbols/Elephant_0_4.png
Unicorn 0.5%,https://imperator-server.onrender.com/storage-proxy/gift_assets/symbols/Unicorn_0_5.png
Gem 0.5%,https://imperator-server.onrender.com/storage-proxy/gift_assets/symbols/Gem_0_5.png
Fire 0.5%,https://imperator-server.onrender.com/storage-proxy/gift_assets/symbols/Fire_0_5.png
Sharp Sword 0.3%,https://imperator-server.onrender.com/storage-proxy/gift_assets/symbols/Sharp_Sword_0_3.png
Scarab 0.4%,https://imperator-server.onrender.com/storage-proxy/gift_assets/symbols/Scarab_0_4.png
Cocktail 0.5%,https://imperator-server.onrender.com/storage-proxy/gift_assets/symbols/Cocktail_0_5.png
Light Bulb 0.5%,https://imperator-server.onrender.com/storage-proxy/gift_assets/symbols/Light_Bulb_0_5.png
Cap 0.4%,https://imperator-server.onrender.com/storage-proxy/gift_assets/symbols/Cap_0_4.png
Carambola 0.3%,https://imperator-server.onrender.com/storage-proxy/gift_assets/symbols/Carambola_0_3.png
Cheese 0.4%,https://imperator-server.onrender.com/storage-proxy/gift_assets/symbols/Cheese_0_4.png
Dice 0.5%,https://imperator-server.onrender.com/storage-proxy/gift_assets/symbols/Dice_0_5.png
Carrot 0.3%,https://imperator-server.onrender.com/storage-proxy/gift_assets/symbols/Carrot_0_3.png
Fish 0.3%,https://imperator-server.onrender.com/storage-proxy/gift_assets/symbols/Fish_0_3.png
Illuminati 0.5%,https://imperator-server.onrender.com/storage-proxy/gift_assets/symbols/Illuminati_0_5.png
Star 0.4%,https://imperator-server.onrender.com/storage-proxy/gift_assets/symbols/Star_0_4.png
Garden Pot 0.4%,https://imperator-server.onrender.com/storage-proxy/gift_assets/symbols/Garden_Pot_0_4.png
Sakura 0.4%,https://imperator-server.onrender.com/storage-proxy/gift_assets/symbols/Sakura_0_4.png
Rain Drop 0.5%,https://imperator-server.onrender.com/storage-proxy/gift_assets/symbols/Rain_Drop_0_5.png
Money Bag 0.4%,https://imperator-server.onrender.com/storage-proxy/gift_assets/symbols/Money_Bag_0_4.png
Corn 0.4%,https://imperator-server.onrender.com/storage-proxy/gift_assets/symbols/Corn_0_4.png
Wolf Rage 0.3%,https://imperator-server.onrender.com/storage-proxy/gift_assets/symbols/Wolf_Rage_0_3.png
Smartphone 0.4%,https://imperator-server.onrender.com/storage-proxy/gift_assets/symbols/Smartphone_0_4.png
Hamburger 0.4%,https://imperator-server.onrender.com/storage-proxy/gift_assets/symbols/Hamburger_0_4.png
Gamepad 0.5%,https://imperator-server.onrender.com/storage-proxy/gift_assets/symbols/Gamepad_0_5.png
Royal Crown 0.3%,https://imperator-server.onrender.com/storage-proxy/gift_assets/symbols/Royal_Crown_0_3.png
Mountain Lion 0.3%,https://imperator-server.onrender.com/storage-proxy/gift_assets/symbols/Mountain_Lion_0_3.png
Spirit Impala 0.2%,https://imperator-server.onrender.com/storage-proxy/gift_assets/symbols/Spirit_Impala_0_2.png
Axe 0.5%,https://imperator-server.onrender.com/storage-proxy/gift_assets/symbols/Axe_0_5.png
Ice Pop 0.4%,https://imperator-server.onrender.com/storage-proxy/gift_assets/symbols/Ice_Pop_0_4.png
Rocket 0.5%,https://imperator-server.onrender.com/storage-proxy/gift_assets/symbols/Rocket_0_5.png
Shell 0.3%,https://imperator-server.onrender.com/storage-proxy/gift_assets/symbols/Shell_0_3.png
Sea Horse 0.3%,https://imperator-server.onrender.com/storage-proxy/gift_assets/symbols/Sea_Horse_0_3.png
White Deer 0.2%,https://imperator-server.onrender.com/storage-proxy/gift_assets/symbols/White_Deer_0_2.png
Pear 0.4%,https://imperator-server.onrender.com/storage-proxy/gift_assets/symbols/Pear_0_4.png
Fehu Rune 0.4%,https://imperator-server.onrender.com/storage-proxy/gift_assets/symbols/Fehu_Rune_0_4.png
Polar Bear 0.4%,https://imperator-server.onrender.com/storage-proxy/gift_assets/symbols/Polar_Bear_0_4.png
Melon 0.5%,https://imperator-server.onrender.com/storage-proxy/gift_assets/symbols/Melon_0_5.png
Champagne 0.3%,https://imperator-server.onrender.com/storage-proxy/gift_assets/symbols/Champagne_0_3.png
Clover 0.4%,https://imperator-server.onrender.com/storage-proxy/gift_assets/symbols/Clover_0_4.png
Lion Head 0.4%,https://imperator-server.onrender.com/storage-proxy/gift_assets/symbols/Lion_Head_0_4.png
Unicorn Head 0.5%,https://imperator-server.onrender.com/storage-proxy/gift_assets/symbols/Unicorn_Head_0_5.png
Star Crown 0.3%,https://imperator-server.onrender.com/storage-proxy/gift_assets/symbols/Star_Crown_0_3.png
Sun 0.5%,https://imperator-server.onrender.com/storage-proxy/gift_assets/symbols/Sun_0_5.png
Bow Tie 0.5%,https://imperator-server.onrender.com/storage-proxy/gift_assets/symbols/Bow_Tie_0_5.png
Love Letter 0.5%,https://imperator-server.onrender.com/storage-proxy/gift_assets/symbols/Love_Letter_0_5.png
Shark Knife 0.3%,https://imperator-server.onrender.com/storage-proxy/gift_assets/symbols/Shark_Knife_0_3.png
Ram of Amun 0.5%,https://imperator-server.onrender.com/storage-proxy/gift_assets/symbols/Ram_of_Amun_0_5.png
Toilet 0.3%,https://imperator-server.onrender.com/storage-proxy/gift_assets/symbols/Toilet_0_3.png
Bell Pepper 0.5%,https://imperator-server.onrender.com/storage-proxy/gift_assets/symbols/Bell_Pepper_0_5.png
Fish Skeleton 0.5%,https://imperator-server.onrender.com/storage-proxy/gift_assets/symbols/Fish_Skeleton_0_5.png
Thief 0.4%,https://imperator-server.onrender.com/storage-proxy/gift_assets/symbols/Thief_0_4.png
Mafdet 0.3%,https://imperator-server.onrender.com/storage-proxy/gift_assets/symbols/Mafdet_0_3.png
Coffee Bean 0.3%,https://imperator-server.onrender.com/storage-proxy/gift_assets/symbols/Coffee_Bean_0_3.png
Kitsune 0.5%,https://imperator-server.onrender.com/storage-proxy/gift_assets/symbols/Kitsune_0_5.png
Gift Box 0.4%,https://imperator-server.onrender.com/storage-proxy/gift_assets/symbols/Gift_Box_0_4.png
Sumerian Bird 0.5%,https://imperator-server.onrender.com/storage-proxy/gift_assets/symbols/Sumerian_Bird_0_5.png
Bubbles 0.4%,https://imperator-server.onrender.com/storage-proxy/gift_assets/symbols/Bubbles_0_4.png
Lemon 0.3%,https://imperator-server.onrender.com/storage-proxy/gift_assets/symbols/Lemon_0_3.png
Birthday Cake 0.4%,https://imperator-server.onrender.com/storage-proxy/gift_assets/symbols/Birthday_Cake_0_4.png
Crystal Ball 0.5%,https://imperator-server.onrender.com/storage-proxy/gift_assets/symbols/Crystal_Ball_0_5.png
Oak Leaf 0.4%,https://imperator-server.onrender.com/storage-proxy/gift_assets/symbols/Oak_Leaf_0_4.png
Fenrir 0.3%,https://imperator-server.onrender.com/storage-proxy/gift_assets/symbols/Fenrir_0_3.png
Alarm 0.4%,https://imperator-server.onrender.com/storage-proxy/gift_assets/symbols/Alarm_0_4.png
Clubs 0.3%,https://imperator-server.onrender.com/storage-proxy/gift_assets/symbols/Clubs_0_3.png
Pomegranate 0.5%,https://imperator-server.onrender.com/storage-proxy/gift_assets/symbols/Pomegranate_0_5.png
Sprout 0.5%,https://imperator-server.onrender.com/storage-proxy/gift_assets/symbols/Sprout_0_5.png
Vortex 0.4%,https://imperator-server.onrender.com/storage-proxy/gift_assets/symbols/Vortex_0_4.png
Kite 0.4%,https://imperator-server.onrender.com/storage-proxy/gift_assets/symbols/Kite_0_4.png
Shooting Star 0.5%,https://imperator-server.onrender.com/storage-proxy/gift_assets/symbols/Shooting_Star_0_5.png
Cicada 0.5%,https://imperator-server.onrender.com/storage-proxy/gift_assets/symbols/Cicada_0_5.png
Dolphin 0.4%,https://imperator-server.onrender.com/storage-proxy/gift_assets/symbols/Dolphin_0_4.png
Seahorse 0.5%,https://imperator-server.onrender.com/storage-proxy/gift_assets/symbols/Seahorse_0_5.png
Drug 0.5%,https://imperator-server.onrender.com/storage-proxy/gift_assets/symbols/Drug_0_5.png
Ghost 0.4%,https://imperator-server.onrender.com/storage-proxy/gift_assets/symbols/Ghost_0_4.png
Cursor 0.4%,https://imperator-server.onrender.com/storage-proxy/gift_assets/symbols/Cursor_0_4.png
Bull of Heaven 0.4%,https://imperator-server.onrender.com/storage-proxy/gift_assets/symbols/Bull_of_Heaven_0_4.png
Flower Cross 0.4%,https://imperator-server.onrender.com/storage-proxy/gift_assets/symbols/Flower_Cross_0_4.png
Anchor 0.3%,https://imperator-server.onrender.com/storage-proxy/gift_assets/symbols/Anchor_0_3.png
Jumbo Pencil 0.5%,https://imperator-server.onrender.com/storage-proxy/gift_assets/symbols/Jumbo_Pencil_0_5.png
Inguz Rune 0.5%,https://imperator-server.onrender.com/storage-proxy/gift_assets/symbols/Inguz_Rune_0_5.png
Ball 0.3%,https://imperator-server.onrender.com/storage-proxy/gift_assets/symbols/Ball_0_3.png
Cone 0.5%,https://imperator-server.onrender.com/storage-proxy/gift_assets/symbols/Cone_0_5.png
Grenade 0.5%,https://imperator-server.onrender.com/storage-proxy/gift_assets/symbols/Grenade_0_5.png
Hammerhead 0.4%,https://imperator-server.onrender.com/storage-proxy/gift_assets/symbols/Hammerhead_0_4.png
Cobra 0.3%,https://imperator-server.onrender.com/storage-proxy/gift_assets/symbols/Cobra_0_3.png
Acorn 0.5%,https://imperator-server.onrender.com/storage-proxy/gift_assets/symbols/Acorn_0_5.png
Spanner 0.3%,https://imperator-server.onrender.com/storage-proxy/gift_assets/symbols/Spanner_0_3.png
Nordic Wolf 0.4%,https://imperator-server.onrender.com/storage-proxy/gift_assets/symbols/Nordic_Wolf_0_4.png
Burger 0.5%,https://imperator-server.onrender.com/storage-proxy/gift_assets/symbols/Burger_0_5.png
Scissors 0.5%,https://imperator-server.onrender.com/storage-proxy/gift_assets/symbols/Scissors_0_5.png
Eagle 0.4%,https://imperator-server.onrender.com/storage-proxy/gift_assets/symbols/Eagle_0_4.png
Doberman 0.4%,https://imperator-server.onrender.com/storage-proxy/gift_assets/symbols/Doberman_0_4.png
Pegasus 0.5%,https://imperator-server.onrender.com/storage-proxy/gift_assets/symbols/Pegasus_0_5.png
Apple 0.5%,https://imperator-server.onrender.com/storage-proxy/gift_assets/symbols/Apple_0_5.png
Cupcake 0.4%,https://imperator-server.onrender.com/storage-proxy/gift_assets/symbols/Cupcake_0_4.png
Lightning 0.5%,https://imperator-server.onrender.com/storage-proxy/gift_assets/symbols/Lightning_0_5.png
Bunny 0.5%,https://imperator-server.onrender.com/storage-proxy/gift_assets/symbols/Bunny_0_5.png
Car 0.3%,https://imperator-server.onrender.com/storage-proxy/gift_assets/symbols/Car_0_3.png
Crab 0.5%,https://imperator-server.onrender.com/storage-proxy/gift_assets/symbols/Crab_0_5.png
Lily 0.3%,https://imperator-server.onrender.com/storage-proxy/gift_assets/symbols/Lily_0_3.png
Cactus 0.4%,https://imperator-server.onrender.com/storage-proxy/gift_assets/symbols/Cactus_0_4.png
Toy Bucket 0.5%,https://imperator-server.onrender.com/storage-proxy/gift_assets/symbols/Toy_Bucket_0_5.png
Sea Jelly 0.5%,https://imperator-server.onrender.com/storage-proxy/gift_assets/symbols/Sea_Jelly_0_5.png
The Eye 0.2%,https://imperator-server.onrender.com/storage-proxy/gift_assets/symbols/The_Eye_0_2.png
Palette 0.3%,https://imperator-server.onrender.com/storage-proxy/gift_assets/symbols/Palette_0_3.png
Venetian Mask 0.2%,https://imperator-server.onrender.com/storage-proxy/gift_assets/symbols/Venetian_Mask_0_2.png
Viking 0.5%,https://imperator-server.onrender.com/storage-proxy/gift_assets/symbols/Viking_0_5.png
Sword 0.5%,https://imperator-server.onrender.com/storage-proxy/gift_assets/symbols/Sword_0_5.png
Candle 0.4%,https://imperator-server.onrender.com/storage-proxy/gift_assets/symbols/Candle_0_4.png
Alkonost 0.2%,https://imperator-server.onrender.com/storage-proxy/gift_assets/symbols/Alkonost_0_2.png
Avocado 0.5%,https://imperator-server.onrender.com/storage-proxy/gift_assets/symbols/Avocado_0_5.png
Heart 0.5%,https://imperator-server.onrender.com/storage-proxy/gift_assets/symbols/Heart_0_5.png
Flamingo 0.5%,https://imperator-server.onrender.com/storage-proxy/gift_assets/symbols/Flamingo_0_5.png
Police Badge 0.5%,https://imperator-server.onrender.com/storage-proxy/gift_assets/symbols/Police_Badge_0_5.png
Pineapple 0.4%,https://imperator-server.onrender.com/storage-proxy/gift_assets/symbols/Pineapple_0_4.png
Bee 0.4%,https://imperator-server.onrender.com/storage-proxy/gift_assets/symbols/Bee_0_4.png
Guitar 0.4%,https://imperator-server.onrender.com/storage-proxy/gift_assets/symbols/Guitar_0_4.png
Hermit Shell 0.4%,https://imperator-server.onrender.com/storage-proxy/gift_assets/symbols/Hermit_Shell_0_4.png
Monstera 0.4%,https://imperator-server.onrender.com/storage-proxy/gift_assets/symbols/Monstera_0_4.png
Gold 0.3%,https://imperator-server.onrender.com/storage-proxy/gift_assets/symbols/Gold_0_3.png
Love Lock 0.5%,https://imperator-server.onrender.com/storage-proxy/gift_assets/symbols/Love_Lock_0_5.png
Chili Pepper 0.5%,https://imperator-server.onrender.com/storage-proxy/gift_assets/symbols/Chili_Pepper_0_5.png
Bubble Tea 0.4%,https://imperator-server.onrender.com/storage-proxy/gift_assets/symbols/Bubble_Tea_0_4.png
Candy 0.5%,https://imperator-server.onrender.com/storage-proxy/gift_assets/symbols/Candy_0_5.png
Magic Wand 0.4%,https://imperator-server.onrender.com/storage-proxy/gift_assets/symbols/Magic_Wand_0_4.png
Pencil 0.4%,https://imperator-server.onrender.com/storage-proxy/gift_assets/symbols/Pencil_0_4.png
Celtic Cross 0.4%,https://imperator-server.onrender.com/storage-proxy/gift_assets/symbols/Celtic_Cross_0_4.png
Musical Note 0.2%,https://imperator-server.onrender.com/storage-proxy/gift_assets/symbols/Musical_Note_0_2.png
Mushroom 0.3%,https://imperator-server.onrender.com/storage-proxy/gift_assets/symbols/Mushroom_0_3.png
Bug 0.3%,https://imperator-server.onrender.com/storage-proxy/gift_assets/symbols/Bug_0_3.png
Red Deer 0.5%,https://imperator-server.onrender.com/storage-proxy/gift_assets/symbols/Red_Deer_0_5.png
Twin Peaks 0.5%,https://imperator-server.onrender.com/storage-proxy/gift_assets/symbols/Twin_Peaks_0_5.png
Planet 0.5%,https://imperator-server.onrender.com/storage-proxy/gift_assets/symbols/Planet_0_5.png
Blood Drop 0.5%,https://imperator-server.onrender.com/storage-proxy/gift_assets/symbols/Blood_Drop_0_5.png
Ink Pen 0.4%,https://imperator-server.onrender.com/storage-proxy/gift_assets/symbols/Ink_Pen_0_4.png
Eggplant 0.4%,https://imperator-server.onrender.com/storage-proxy/gift_assets/symbols/Eggplant_0_4.png
Brain 0.2%,https://imperator-server.onrender.com/storage-proxy/gift_assets/symbols/Brain_0_2.png
Knight 0.2%,https://imperator-server.onrender.com/storage-proxy/gift_assets/symbols/Knight_0_2.png
Maple Leaf 0.1%,https://imperator-server.onrender.com/storage-proxy/gift_assets/symbols/Maple_Leaf_0_1.png
Potion 0.4%,https://imperator-server.onrender.com/storage-proxy/gift_assets/symbols/Potion_0_4.png
Bishop 0.3%,https://imperator-server.onrender.com/storage-proxy/gift_assets/symbols/Bishop_0_3.png
Koala 0.5%,https://imperator-server.onrender.com/storage-proxy/gift_assets/symbols/Koala_0_5.png
Bandage 0.5%,https://imperator-server.onrender.com/storage-proxy/gift_assets/symbols/Bandage_0_5.png
Rhino Warrior 0.4%,https://imperator-server.onrender.com/storage-proxy/gift_assets/symbols/Rhino_Warrior_0_4.png
Cherry 0.3%,https://imperator-server.onrender.com/storage-proxy/gift_assets/symbols/Cherry_0_3.png
Ring 0.2%,https://imperator-server.onrender.com/storage-proxy/gift_assets/symbols/Ring_0_2.png
Plume 0.4%,https://imperator-server.onrender.com/storage-proxy/gift_assets/symbols/Plume_0_4.png
Flashlight 0.3%,https://imperator-server.onrender.com/storage-proxy/gift_assets/symbols/Flashlight_0_3.png
Baphomet 0.3%,https://imperator-server.onrender.com/storage-proxy/gift_assets/symbols/Baphomet_0_3.png
Firebird 0.5%,https://imperator-server.onrender.com/storage-proxy/gift_assets/symbols/Firebird_0_5.png
PC Mouse 0.5%,https://imperator-server.onrender.com/storage-proxy/gift_assets/symbols/PC_Mouse_0_5.png
Pawn 0.1%,https://imperator-server.onrender.com/storage-proxy/gift_assets/symbols/Pawn_0_1.png
Diamonds 0.3%,https://imperator-server.onrender.com/storage-proxy/gift_assets/symbols/Diamonds_0_3.png
Calm Wolf 0.5%,https://imperator-server.onrender.com/storage-proxy/gift_assets/symbols/Calm_Wolf_0_5.png
Owl 0.5%,https://imperator-server.onrender.com/storage-proxy/gift_assets/symbols/Owl_0_5.png
Scorpion 0.5%,https://imperator-server.onrender.com/storage-proxy/gift_assets/symbols/Scorpion_0_5.png
Plum 0.4%,https://imperator-server.onrender.com/storage-proxy/gift_assets/symbols/Plum_0_4.png
Bottlenose 0.5%,https://imperator-server.onrender.com/storage-proxy/gift_assets/symbols/Bottlenose_0_5.png
Skull 0.3%,https://imperator-server.onrender.com/storage-proxy/gift_assets/symbols/Skull_0_3.png
Hand of God 0.5%,https://imperator-server.onrender.com/storage-proxy/gift_assets/symbols/Hand_of_God_0_5.png
Golden Scarab 0.5%,https://imperator-server.onrender.com/storage-proxy/gift_assets/symbols/Golden_Scarab_0_5.png
Bread 0.5%,https://imperator-server.onrender.com/storage-proxy/gift_assets/symbols/Bread_0_5.png
Jellyfish 0.4%,https://imperator-server.onrender.com/storage-proxy/gift_assets/symbols/Jellyfish_0_4.png
Gingerbread 0.3%,https://imperator-server.onrender.com/storage-proxy/gift_assets/symbols/Gingerbread_0_3.png
Totem Bear 0.3%,https://imperator-server.onrender.com/storage-proxy/gift_assets/symbols/Totem_Bear_0_3.png
Paw 0.4%,https://imperator-server.onrender.com/storage-proxy/gift_assets/symbols/Paw_0_4.png
Pearl 0.5%,https://imperator-server.onrender.com/storage-proxy/gift_assets/symbols/Pearl_0_5.png
Maple 0.5%,https://imperator-server.onrender.com/storage-proxy/gift_assets/symbols/Maple_0_5.png
Celtic Wolf 0.5%,https://imperator-server.onrender.com/storage-proxy/gift_assets/symbols/Celtic_Wolf_0_5.png
Top Hat 0.3%,https://imperator-server.onrender.com/storage-proxy/gift_assets/symbols/Top_Hat_0_3.png
Moose Head 0.5%,https://imperator-server.onrender.com/storage-proxy/gift_assets/symbols/Moose_Head_0_5.png
Tie 0.2%,https://imperator-server.onrender.com/storage-proxy/gift_assets/symbols/Tie_0_2.png
Diamond 0.5%,https://imperator-server.onrender.com/storage-proxy/gift_assets/symbols/Diamond_0_5.png
Narcissus 0.3%,https://imperator-server.onrender.com/storage-proxy/gift_assets/symbols/Narcissus_0_3.png
Chili 0.3%,https://imperator-server.onrender.com/storage-proxy/gift_assets/symbols/Chili_0_3.png
Handset 0.1%,https://imperator-server.onrender.com/storage-proxy/gift_assets/symbols/Handset_0_1.png
Tulip 0.3%,https://imperator-server.onrender.com/storage-proxy/gift_assets/symbols/Tulip_0_3.png
High Heels 0.4%,https://imperator-server.onrender.com/storage-proxy/gift_assets/symbols/High_Heels_0_4.png
Lion King 0.2%,https://imperator-server.onrender.com/storage-proxy/gift_assets/symbols/Lion_King_0_2.png
Okami Wolf 0.5%,https://imperator-server.onrender.com/storage-proxy/gift_assets/symbols/Okami_Wolf_0_5.png
Flipper 0.4%,https://imperator-server.onrender.com/storage-proxy/gift_assets/symbols/Flipper_0_4.png
Inca Sun 0.4%,https://imperator-server.onrender.com/storage-proxy/gift_assets/symbols/Inca_Sun_0_4.png
Ladybug 0.5%,https://imperator-server.onrender.com/storage-proxy/gift_assets/symbols/Ladybug_0_5.png
Piñata 0.3%,https://imperator-server.onrender.com/storage-proxy/gift_assets/symbols/Pi_ata_0_3.png
Shield 0.4%,https://imperator-server.onrender.com/storage-proxy/gift_assets/symbols/Shield_0_4.png
Cat Mask 0.5%,https://imperator-server.onrender.com/storage-proxy/gift_assets/symbols/Cat_Mask_0_5.png
Pyramid 0.5%,https://imperator-server.onrender.com/storage-proxy/gift_assets/symbols/Pyramid_0_5.png
Eikthyrnir 0.4%,https://imperator-server.onrender.com/storage-proxy/gift_assets/symbols/Eikthyrnir_0_4.png
Gear 0.3%,https://imperator-server.onrender.com/storage-proxy/gift_assets/symbols/Gear_0_3.png
Hedgehog 0.4%,https://imperator-server.onrender.com/storage-proxy/gift_assets/symbols/Hedgehog_0_4.png
Mayan Moth 0.5%,https://imperator-server.onrender.com/storage-proxy/gift_assets/symbols/Mayan_Moth_0_5.png
Mountain Goat 0.2%,https://imperator-server.onrender.com/storage-proxy/gift_assets/symbols/Mountain_Goat_0_2.png
Pizza Slice 0.3%,https://imperator-server.onrender.com/storage-proxy/gift_assets/symbols/Pizza_Slice_0_3.png
Bastet 0.3%,https://imperator-server.onrender.com/storage-proxy/gift_assets/symbols/Bastet_0_3.png
Rook 0.4%,https://imperator-server.onrender.com/storage-proxy/gift_assets/symbols/Rook_0_4.png
Moon Cross 0.3%,https://imperator-server.onrender.com/storage-proxy/gift_assets/symbols/Moon_Cross_0_3.png
Sun Lion 0.2%,https://imperator-server.onrender.com/storage-proxy/gift_assets/symbols/Sun_Lion_0_2.png
Like 0.2%,https://imperator-server.onrender.com/storage-proxy/gift_assets/symbols/Like_0_2.png
Feather 0.5%,https://imperator-server.onrender.com/storage-proxy/gift_assets/symbols/Feather_0_5.png
Ouroboros 0.4%,https://imperator-server.onrender.com/storage-proxy/gift_assets/symbols/Ouroboros_0_4.png
Dessert 0.3%,https://imperator-server.onrender.com/storage-proxy/gift_assets/symbols/Dessert_0_3.png
Tribal Shield 0.1%,https://imperator-server.onrender.com/storage-proxy/gift_assets/symbols/Tribal_Shield_0_1.png
Mask 0.4%,https://imperator-server.onrender.com/storage-proxy/gift_assets/symbols/Mask_0_4.png
Lovely Kiss 0.2%,https://imperator-server.onrender.com/storage-proxy/gift_assets/symbols/Lovely_Kiss_0_2.png
Coat of Arms 0.3%,https://imperator-server.onrender.com/storage-proxy/gift_assets/symbols/Coat_of_Arms_0_3.png
Piggy Bank 0.3%,https://imperator-server.onrender.com/storage-proxy/gift_assets/symbols/Piggy_Bank_0_3.png
Key 0.3%,https://imperator-server.onrender.com/storage-proxy/gift_assets/symbols/Key_0_3.png
Pickaxe 0.4%,https://imperator-server.onrender.com/storage-proxy/gift_assets/symbols/Pickaxe_0_4.png
Flower Tulip 0.4%,https://imperator-server.onrender.com/storage-proxy/gift_assets/symbols/Flower_Tulip_0_4.png
Lemon Slice 0.2%,https://imperator-server.onrender.com/storage-proxy/gift_assets/symbols/Lemon_Slice_0_2.png
Royal Crown 0.2%,https://imperator-server.onrender.com/storage-proxy/gift_assets/symbols/Royal_Crown_0_2.png
Flirty Message 0.8%,https://imperator-server.onrender.com/storage-proxy/gift_assets/symbols/Flirty_Message_0_8.png
Bishop 0.2%,https://imperator-server.onrender.com/storage-proxy/gift_assets/symbols/Bishop_0_2.png
Heartbeat 0.8%,https://imperator-server.onrender.com/storage-proxy/gift_assets/symbols/Heartbeat_0_8.png
Flower Tulip 1.1%,https://imperator-server.onrender.com/storage-proxy/gift_assets/symbols/Flower_Tulip_1_1.png
Cat Mask 0.8%,https://imperator-server.onrender.com/storage-proxy/gift_assets/symbols/Cat_Mask_0_8.png
Tulip 0.8%,https://imperator-server.onrender.com/storage-proxy/gift_assets/symbols/Tulip_0_8.png
Amour Scoops 0.8%,https://imperator-server.onrender.com/storage-proxy/gift_assets/symbols/Amour_Scoops_0_8.png
Lips 1.1%,https://imperator-server.onrender.com/storage-proxy/gift_assets/symbols/Lips_1_1.png
Trophy 0.2%,https://imperator-server.onrender.com/storage-proxy/gift_assets/symbols/Trophy_0_2.png
Padlock 0.8%,https://imperator-server.onrender.com/storage-proxy/gift_assets/symbols/Padlock_0_8.png
Gift Box 1.1%,https://imperator-server.onrender.com/storage-proxy/gift_assets/symbols/Gift_Box_1_1.png
Carrot 0.8%,https://imperator-server.onrender.com/storage-proxy/gift_assets/symbols/Carrot_0_8.png
Pegasus 0.2%,https://imperator-server.onrender.com/storage-proxy/gift_assets/symbols/Pegasus_0_2.png
Melon 1.1%,https://imperator-server.onrender.com/storage-proxy/gift_assets/symbols/Melon_1_1.png
Cupid 1.1%,https://imperator-server.onrender.com/storage-proxy/gift_assets/symbols/Cupid_1_1.png
Aubergine 0.8%,https://imperator-server.onrender.com/storage-proxy/gift_assets/symbols/Aubergine_0_8.png
Cherry 0.8%,https://imperator-server.onrender.com/storage-proxy/gift_assets/symbols/Cherry_0_8.png
Pearl 1.1%,https://imperator-server.onrender.com/storage-proxy/gift_assets/symbols/Pearl_1_1.png
Genie Lamp 0.2%,https://imperator-server.onrender.com/storage-proxy/gift_assets/symbols/Genie_Lamp_0_2.png
Bunny Ears 0.8%,https://imperator-server.onrender.com/storage-proxy/gift_assets/symbols/Bunny_Ears_0_8.png
Broken Heart 0.5%,https://imperator-server.onrender.com/storage-proxy/gift_assets/symbols/Broken_Heart_0_5.png
Loving Heart 0.8%,https://imperator-server.onrender.com/storage-proxy/gift_assets/symbols/Loving_Heart_0_8.png
Dice 0.2%,https://imperator-server.onrender.com/storage-proxy/gift_assets/symbols/Dice_0_2.png
Patched Heart 0.8%,https://imperator-server.onrender.com/storage-proxy/gift_assets/symbols/Patched_Heart_0_8.png
Toilet 0.2%,https://imperator-server.onrender.com/storage-proxy/gift_assets/symbols/Toilet_0_2.png
Love Letter 1.1%,https://imperator-server.onrender.com/storage-proxy/gift_assets/symbols/Love_Letter_1_1.png
Pyramid 1.1%,https://imperator-server.onrender.com/storage-proxy/gift_assets/symbols/Pyramid_1_1.png
Bow Tie 0.8%,https://imperator-server.onrender.com/storage-proxy/gift_assets/symbols/Bow_Tie_0_8.png
Candle 0.8%,https://imperator-server.onrender.com/storage-proxy/gift_assets/symbols/Candle_0_8.png
Celtic Cross 0.2%,https://imperator-server.onrender.com/storage-proxy/gift_assets/symbols/Celtic_Cross_0_2.png
High Heels 1.1%,https://imperator-server.onrender.com/storage-proxy/gift_assets/symbols/High_Heels_1_1.png
Bubbles 0.8%,https://imperator-server.onrender.com/storage-proxy/gift_assets/symbols/Bubbles_0_8.png
Scorpion 0.2%,https://imperator-server.onrender.com/storage-proxy/gift_assets/symbols/Scorpion_0_2.png
Strawberry 0.8%,https://imperator-server.onrender.com/storage-proxy/gift_assets/symbols/Strawberry_0_8.png
Shiny Heart 0.8%,https://imperator-server.onrender.com/storage-proxy/gift_assets/symbols/Shiny_Heart_0_8.png
Lovebirds 1.1%,https://imperator-server.onrender.com/storage-proxy/gift_assets/symbols/Lovebirds_1_1.png
Fluffy Wolf 0.5%,https://imperator-server.onrender.com/storage-proxy/gift_assets/symbols/Fluffy_Wolf_0_5.png
Love Dove 0.8%,https://imperator-server.onrender.com/storage-proxy/gift_assets/symbols/Love_Dove_0_8.png
Cupid’s Arrow 0.8%,https://imperator-server.onrender.com/storage-proxy/gift_assets/symbols/Cupid_s_Arrow_0_8.png
Heart Shades 0.8%,https://imperator-server.onrender.com/storage-proxy/gift_assets/symbols/Heart_Shades_0_8.png
Key 0.8%,https://imperator-server.onrender.com/storage-proxy/gift_assets/symbols/Key_0_8.png
Chocolate 0.8%,https://imperator-server.onrender.com/storage-proxy/gift_assets/symbols/Chocolate_0_8.png
Diamond 0.8%,https://imperator-server.onrender.com/storage-proxy/gift_assets/symbols/Diamond_0_8.png
Mountain Lion 0.2%,https://imperator-server.onrender.com/storage-proxy/gift_assets/symbols/Mountain_Lion_0_2.png
PC Mouse 0.2%,https://imperator-server.onrender.com/storage-proxy/gift_assets/symbols/PC_Mouse_0_2.png
Bunny 1.1%,https://imperator-server.onrender.com/storage-proxy/gift_assets/symbols/Bunny_1_1.png
Watermelon 1.1%,https://imperator-server.onrender.com/storage-proxy/gift_assets/symbols/Watermelon_1_1.png
Stilettos 0.8%,https://imperator-server.onrender.com/storage-proxy/gift_assets/symbols/Stilettos_0_8.png
Loveberry 0.5%,https://imperator-server.onrender.com/storage-proxy/gift_assets/symbols/Loveberry_0_5.png
Sauron 0.2%,https://imperator-server.onrender.com/storage-proxy/gift_assets/symbols/Sauron_0_2.png
Shooting Star 0.8%,https://imperator-server.onrender.com/storage-proxy/gift_assets/symbols/Shooting_Star_0_8.png
Lovely Rose 1.1%,https://imperator-server.onrender.com/storage-proxy/gift_assets/symbols/Lovely_Rose_1_1.png
Flying Heart 1.1%,https://imperator-server.onrender.com/storage-proxy/gift_assets/symbols/Flying_Heart_1_1.png
Moon 1.1%,https://imperator-server.onrender.com/storage-proxy/gift_assets/symbols/Moon_1_1.png
Star Crown 0.8%,https://imperator-server.onrender.com/storage-proxy/gift_assets/symbols/Star_Crown_0_8.png
Pawn 0.2%,https://imperator-server.onrender.com/storage-proxy/gift_assets/symbols/Pawn_0_2.png
Fire 0.8%,https://imperator-server.onrender.com/storage-proxy/gift_assets/symbols/Fire_0_8.png
Water Drops 0.5%,https://imperator-server.onrender.com/storage-proxy/gift_assets/symbols/Water_Drops_0_5.png
Apple 0.8%,https://imperator-server.onrender.com/storage-proxy/gift_assets/symbols/Apple_0_8.png
Calm Wolf 0.2%,https://imperator-server.onrender.com/storage-proxy/gift_assets/symbols/Calm_Wolf_0_2.png
Candy 1.1%,https://imperator-server.onrender.com/storage-proxy/gift_assets/symbols/Candy_1_1.png
Kitty Cat 1.1%,https://imperator-server.onrender.com/storage-proxy/gift_assets/symbols/Kitty_Cat_1_1.png
Venetian Mask 0.5%,https://imperator-server.onrender.com/storage-proxy/gift_assets/symbols/Venetian_Mask_0_5.png
Passion Latte 1.1%,https://imperator-server.onrender.com/storage-proxy/gift_assets/symbols/Passion_Latte_1_1.png
Chili 1.1%,https://imperator-server.onrender.com/storage-proxy/gift_assets/symbols/Chili_1_1.png
Love Lock 1.1%,https://imperator-server.onrender.com/storage-proxy/gift_assets/symbols/Love_Lock_1_1.png
Double Bed 1.1%,https://imperator-server.onrender.com/storage-proxy/gift_assets/symbols/Double_Bed_1_1.png
Flower 1.1%,https://imperator-server.onrender.com/storage-proxy/gift_assets/symbols/Flower_1_1.png
Sweets Box 1.1%,https://imperator-server.onrender.com/storage-proxy/gift_assets/symbols/Sweets_Box_1_1.png
Plume 1.1%,https://imperator-server.onrender.com/storage-proxy/gift_assets/symbols/Plume_1_1.png
Lovely Key 0.5%,https://imperator-server.onrender.com/storage-proxy/gift_assets/symbols/Lovely_Key_0_5.png
Pear 1.1%,https://imperator-server.onrender.com/storage-proxy/gift_assets/symbols/Pear_1_1.png
Butterfly 1.1%,https://imperator-server.onrender.com/storage-proxy/gift_assets/symbols/Butterfly_1_1.png
Lovely Rain 0.5%,https://imperator-server.onrender.com/storage-proxy/gift_assets/symbols/Lovely_Rain_0_5.png
Lightning 0.2%,https://imperator-server.onrender.com/storage-proxy/gift_assets/symbols/Lightning_0_2.png
Mask 0.5%,https://imperator-server.onrender.com/storage-proxy/gift_assets/symbols/Mask_0_5.png
Rabbit 1.1%,https://imperator-server.onrender.com/storage-proxy/gift_assets/symbols/Rabbit_1_1.png
Blossom 1.1%,https://imperator-server.onrender.com/storage-proxy/gift_assets/symbols/Blossom_1_1.png
Sakura 0.8%,https://imperator-server.onrender.com/storage-proxy/gift_assets/symbols/Sakura_0_8.png
Cute Bear 0.5%,https://imperator-server.onrender.com/storage-proxy/gift_assets/symbols/Cute_Bear_0_5.png
Heart Balloon 1.1%,https://imperator-server.onrender.com/storage-proxy/gift_assets/symbols/Heart_Balloon_1_1.png
Cupcake 1.1%,https://imperator-server.onrender.com/storage-proxy/gift_assets/symbols/Cupcake_1_1.png
Sun Mountain 0.2%,https://imperator-server.onrender.com/storage-proxy/gift_assets/symbols/Sun_Mountain_0_2.png
Bull of Heaven 0.2%,https://imperator-server.onrender.com/storage-proxy/gift_assets/symbols/Bull_of_Heaven_0_2.png
Napkins 1.1%,https://imperator-server.onrender.com/storage-proxy/gift_assets/symbols/Napkins_1_1.png
Yogi Shaman 0.2%,https://imperator-server.onrender.com/storage-proxy/gift_assets/symbols/Yogi_Shaman_0_2.png
Grape 0.5%,https://imperator-server.onrender.com/storage-proxy/gift_assets/symbols/Grape_0_5.png
Ice Pop 1.1%,https://imperator-server.onrender.com/storage-proxy/gift_assets/symbols/Ice_Pop_1_1.png
Cobra 0.2%,https://imperator-server.onrender.com/storage-proxy/gift_assets/symbols/Cobra_0_2.png
Eggplant 0.5%,https://imperator-server.onrender.com/storage-proxy/gift_assets/symbols/Eggplant_0_5.png
Lovely Kiss 1.1%,https://imperator-server.onrender.com/storage-proxy/gift_assets/symbols/Lovely_Kiss_1_1.png
Cunning Fox 1.1%,https://imperator-server.onrender.com/storage-proxy/gift_assets/symbols/Cunning_Fox_1_1.png
Ladybug 1.1%,https://imperator-server.onrender.com/storage-proxy/gift_assets/symbols/Ladybug_1_1.png
Champagne 0.5%,https://imperator-server.onrender.com/storage-proxy/gift_assets/symbols/Champagne_0_5.png
Bee 0.2%,https://imperator-server.onrender.com/storage-proxy/gift_assets/symbols/Bee_0_2.png
Romantic Cake 1.1%,https://imperator-server.onrender.com/storage-proxy/gift_assets/symbols/Romantic_Cake_1_1.png
Potion 0.2%,https://imperator-server.onrender.com/storage-proxy/gift_assets/symbols/Potion_0_2.png
Sea Horse 0.2%,https://imperator-server.onrender.com/storage-proxy/gift_assets/symbols/Sea_Horse_0_2.png
Paw 1.1%,https://imperator-server.onrender.com/storage-proxy/gift_assets/symbols/Paw_1_1.png
Fleur-de-lis 1.1%,https://imperator-server.onrender.com/storage-proxy/gift_assets/symbols/Fleur-de-lis_1_1.png
Plum 0.8%,https://imperator-server.onrender.com/storage-proxy/gift_assets/symbols/Plum_0_8.png
Lovely Bra 1.1%,https://imperator-server.onrender.com/storage-proxy/gift_assets/symbols/Lovely_Bra_1_1.png
Thief 0.2%,https://imperator-server.onrender.com/storage-proxy/gift_assets/symbols/Thief_0_2.png
Conch 0.2%,https://imperator-server.onrender.com/storage-proxy/gift_assets/symbols/Conch_0_2.png
Lingerie 1.1%,https://imperator-server.onrender.com/storage-proxy/gift_assets/symbols/Lingerie_1_1.png
Rhino Warrior 0.2%,https://imperator-server.onrender.com/storage-proxy/gift_assets/symbols/Rhino_Warrior_0_2.png
Coconut 0.2%,https://imperator-server.onrender.com/storage-proxy/gift_assets/symbols/Coconut_0_2.png
Arabian Horse 0.2%,https://imperator-server.onrender.com/storage-proxy/gift_assets/symbols/Arabian_Horse_0_2.png
Doberman 0.2%,https://imperator-server.onrender.com/storage-proxy/gift_assets/symbols/Doberman_0_2.png
Carambola 0.8%,https://imperator-server.onrender.com/storage-proxy/gift_assets/symbols/Carambola_0_8.png
Rocket 0.2%,https://imperator-server.onrender.com/storage-proxy/gift_assets/symbols/Rocket_0_2.png
Narcissus 0.5%,https://imperator-server.onrender.com/storage-proxy/gift_assets/symbols/Narcissus_0_5.png
Sumerian Bird 0.2%,https://imperator-server.onrender.com/storage-proxy/gift_assets/symbols/Sumerian_Bird_0_2.png
Coat of Arms 0.2%,https://imperator-server.onrender.com/storage-proxy/gift_assets/symbols/Coat_of_Arms_0_2.png
Corn 0.2%,https://imperator-server.onrender.com/storage-proxy/gift_assets/symbols/Corn_0_2.png
Sunflower 0.8%,https://imperator-server.onrender.com/storage-proxy/gift_assets/symbols/Sunflower_0_8.png
Bug 0.2%,https://imperator-server.onrender.com/storage-proxy/gift_assets/symbols/Bug_0_2.png
Burger 0.2%,https://imperator-server.onrender.com/storage-proxy/gift_assets/symbols/Burger_0_2.png
Dessert 0.8%,https://imperator-server.onrender.com/storage-proxy/gift_assets/symbols/Dessert_0_8.png
Owl 0.2%,https://imperator-server.onrender.com/storage-proxy/gift_assets/symbols/Owl_0_2.png
Mannaz Rune 0.2%,https://imperator-server.onrender.com/storage-proxy/gift_assets/symbols/Mannaz_Rune_0_2.png
Diamonds 0.2%,https://imperator-server.onrender.com/storage-proxy/gift_assets/symbols/Diamonds_0_2.png
Ink Pen 0.2%,https://imperator-server.onrender.com/storage-proxy/gift_assets/symbols/Ink_Pen_0_2.png
Kitsune 0.2%,https://imperator-server.onrender.com/storage-proxy/gift_assets/symbols/Kitsune_0_2.png
Planet 0.2%,https://imperator-server.onrender.com/storage-proxy/gift_assets/symbols/Planet_0_2.png
Tree of Life 0.2%,https://imperator-server.onrender.com/storage-proxy/gift_assets/symbols/Tree_of_Life_0_2.png
Spades 0.2%,https://imperator-server.onrender.com/storage-proxy/gift_assets/symbols/Spades_0_2.png
Bastet 0.2%,https://imperator-server.onrender.com/storage-proxy/gift_assets/symbols/Bastet_0_2.png
Sharp Sword 0.2%,https://imperator-server.onrender.com/storage-proxy/gift_assets/symbols/Sharp_Sword_0_2.png
Clover 0.2%,https://imperator-server.onrender.com/storage-proxy/gift_assets/symbols/Clover_0_2.png
Toilet Paper 0.2%,https://imperator-server.onrender.com/storage-proxy/gift_assets/symbols/Toilet_Paper_0_2.png
Star 0.2%,https://imperator-server.onrender.com/storage-proxy/gift_assets/symbols/Star_0_2.png
Red Deer 0.2%,https://imperator-server.onrender.com/storage-proxy/gift_assets/symbols/Red_Deer_0_2.png
Crusader 0.2%,https://imperator-server.onrender.com/storage-proxy/gift_assets/symbols/Crusader_0_2.png
Rain Drop 0.2%,https://imperator-server.onrender.com/storage-proxy/gift_assets/symbols/Rain_Drop_0_2.png
Cap 0.2%,https://imperator-server.onrender.com/storage-proxy/gift_assets/symbols/Cap_0_2.png
Gold 0.2%,https://imperator-server.onrender.com/storage-proxy/gift_assets/symbols/Gold_0_2.png
Lily 0.5%,https://imperator-server.onrender.com/storage-proxy/gift_assets/symbols/Lily_0_5.png
Baphomet 0.2%,https://imperator-server.onrender.com/storage-proxy/gift_assets/symbols/Baphomet_0_2.png
Eikthyrnir 0.2%,https://imperator-server.onrender.com/storage-proxy/gift_assets/symbols/Eikthyrnir_0_2.png
Fenrir 0.2%,https://imperator-server.onrender.com/storage-proxy/gift_assets/symbols/Fenrir_0_2.png
Gear 0.4%,https://imperator-server.onrender.com/storage-proxy/gift_assets/symbols/Gear_0_4.png
Manta Ray 0.5%,https://imperator-server.onrender.com/storage-proxy/gift_assets/symbols/Manta_Ray_0_5.png
Champagne 0.2%,https://imperator-server.onrender.com/storage-proxy/gift_assets/symbols/Champagne_0_2.png
Breeze 0.2%,https://imperator-server.onrender.com/storage-proxy/gift_assets/symbols/Breeze_0_2.png
Bull of Heaven 0.5%,https://imperator-server.onrender.com/storage-proxy/gift_assets/symbols/Bull_of_Heaven_0_5.png
Eikthyrnir 0.3%,https://imperator-server.onrender.com/storage-proxy/gift_assets/symbols/Eikthyrnir_0_3.png
War Bonnet 0.3%,https://imperator-server.onrender.com/storage-proxy/gift_assets/symbols/War_Bonnet_0_3.png
Dagger 0.5%,https://imperator-server.onrender.com/storage-proxy/gift_assets/symbols/Dagger_0_5.png
Seahorse 0.2%,https://imperator-server.onrender.com/storage-proxy/gift_assets/symbols/Seahorse_0_2.png
Burger 0.3%,https://imperator-server.onrender.com/storage-proxy/gift_assets/symbols/Burger_0_3.png
Steampunk Hat 0.5%,https://imperator-server.onrender.com/storage-proxy/gift_assets/symbols/Steampunk_Hat_0_5.png
Rose 0.2%,https://imperator-server.onrender.com/storage-proxy/gift_assets/symbols/Rose_0_2.png
Iron Helmet 0.5%,https://imperator-server.onrender.com/storage-proxy/gift_assets/symbols/Iron_Helmet_0_5.png
Battle Axe 0.4%,https://imperator-server.onrender.com/storage-proxy/gift_assets/symbols/Battle_Axe_0_4.png
Yin-Yang 0.4%,https://imperator-server.onrender.com/storage-proxy/gift_assets/symbols/Yin-Yang_0_4.png
Mustang 0.3%,https://imperator-server.onrender.com/storage-proxy/gift_assets/symbols/Mustang_0_3.png
Gamepad 0.4%,https://imperator-server.onrender.com/storage-proxy/gift_assets/symbols/Gamepad_0_4.png
Winged Helmet 0.5%,https://imperator-server.onrender.com/storage-proxy/gift_assets/symbols/Winged_Helmet_0_5.png
Turkey 0.5%,https://imperator-server.onrender.com/storage-proxy/gift_assets/symbols/Turkey_0_5.png
Tooth 0.4%,https://imperator-server.onrender.com/storage-proxy/gift_assets/symbols/Tooth_0_4.png
Bascinet 0.5%,https://imperator-server.onrender.com/storage-proxy/gift_assets/symbols/Bascinet_0_5.png
Oak Leaf 0.5%,https://imperator-server.onrender.com/storage-proxy/gift_assets/symbols/Oak_Leaf_0_5.png
Pawn 0.4%,https://imperator-server.onrender.com/storage-proxy/gift_assets/symbols/Pawn_0_4.png
Origami 0.5%,https://imperator-server.onrender.com/storage-proxy/gift_assets/symbols/Origami_0_5.png
Fish 0.4%,https://imperator-server.onrender.com/storage-proxy/gift_assets/symbols/Fish_0_4.png
Watching Sun 0.5%,https://imperator-server.onrender.com/storage-proxy/gift_assets/symbols/Watching_Sun_0_5.png
Pineapple 0.5%,https://imperator-server.onrender.com/storage-proxy/gift_assets/symbols/Pineapple_0_5.png
Shell 0.5%,https://imperator-server.onrender.com/storage-proxy/gift_assets/symbols/Shell_0_5.png
Spades 0.5%,https://imperator-server.onrender.com/storage-proxy/gift_assets/symbols/Spades_0_5.png
Plum 0.5%,https://imperator-server.onrender.com/storage-proxy/gift_assets/symbols/Plum_0_5.png
Anubis 0.5%,https://imperator-server.onrender.com/storage-proxy/gift_assets/symbols/Anubis_0_5.png
Spring Chick 0.5%,https://imperator-server.onrender.com/storage-proxy/gift_assets/symbols/Spring_Chick_0_5.png
Star Crown 0.5%,https://imperator-server.onrender.com/storage-proxy/gift_assets/symbols/Star_Crown_0_5.png
Bottle 0.4%,https://imperator-server.onrender.com/storage-proxy/gift_assets/symbols/Bottle_0_4.png
Ink Pen 0.3%,https://imperator-server.onrender.com/storage-proxy/gift_assets/symbols/Ink_Pen_0_3.png
Spirit Impala 0.4%,https://imperator-server.onrender.com/storage-proxy/gift_assets/symbols/Spirit_Impala_0_4.png
Doctor Hat 0.5%,https://imperator-server.onrender.com/storage-proxy/gift_assets/symbols/Doctor_Hat_0_5.png
Sharp Sword 0.4%,https://imperator-server.onrender.com/storage-proxy/gift_assets/symbols/Sharp_Sword_0_4.png
Flying Dragon 0.3%,https://imperator-server.onrender.com/storage-proxy/gift_assets/symbols/Flying_Dragon_0_3.png
Tie 0.5%,https://imperator-server.onrender.com/storage-proxy/gift_assets/symbols/Tie_0_5.png
Smartphone 0.5%,https://imperator-server.onrender.com/storage-proxy/gift_assets/symbols/Smartphone_0_5.png
Viper 0.5%,https://imperator-server.onrender.com/storage-proxy/gift_assets/symbols/Viper_0_5.png
Chef Hat 0.3%,https://imperator-server.onrender.com/storage-proxy/gift_assets/symbols/Chef_Hat_0_3.png
Spanner 0.4%,https://imperator-server.onrender.com/storage-proxy/gift_assets/symbols/Spanner_0_4.png
Bee 0.5%,https://imperator-server.onrender.com/storage-proxy/gift_assets/symbols/Bee_0_5.png
Radar 0.4%,https://imperator-server.onrender.com/storage-proxy/gift_assets/symbols/Radar_0_4.png
High Heels 0.5%,https://imperator-server.onrender.com/storage-proxy/gift_assets/symbols/High_Heels_0_5.png
Kitsune Mask 0.5%,https://imperator-server.onrender.com/storage-proxy/gift_assets/symbols/Kitsune_Mask_0_5.png
Easter Egg 0.3%,https://imperator-server.onrender.com/storage-proxy/gift_assets/symbols/Easter_Egg_0_3.png
Fireman Hat 0.3%,https://imperator-server.onrender.com/storage-proxy/gift_assets/symbols/Fireman_Hat_0_3.png
Axe 0.3%,https://imperator-server.onrender.com/storage-proxy/gift_assets/symbols/Axe_0_3.png
Egg 0.3%,https://imperator-server.onrender.com/storage-proxy/gift_assets/symbols/Egg_0_3.png
Sea Horse 0.5%,https://imperator-server.onrender.com/storage-proxy/gift_assets/symbols/Sea_Horse_0_5.png
Sea Dragon 0.5%,https://imperator-server.onrender.com/storage-proxy/gift_assets/symbols/Sea_Dragon_0_5.png
Hourglass 0.3%,https://imperator-server.onrender.com/storage-proxy/gift_assets/symbols/Hourglass_0_3.png
Jewel 0.3%,https://imperator-server.onrender.com/storage-proxy/gift_assets/symbols/Jewel_0_3.png
Worker Ant 0.5%,https://imperator-server.onrender.com/storage-proxy/gift_assets/symbols/Worker_Ant_0_5.png
Bandana 0.2%,https://imperator-server.onrender.com/storage-proxy/gift_assets/symbols/Bandana_0_2.png
Baby Bottle 0.4%,https://imperator-server.onrender.com/storage-proxy/gift_assets/symbols/Baby_Bottle_0_4.png
Arabian Horse 0.4%,https://imperator-server.onrender.com/storage-proxy/gift_assets/symbols/Arabian_Horse_0_4.png
Wise Raven 0.5%,https://imperator-server.onrender.com/storage-proxy/gift_assets/symbols/Wise_Raven_0_5.png
Griffon 0.4%,https://imperator-server.onrender.com/storage-proxy/gift_assets/symbols/Griffon_0_4.png
Greek Helmet 0.5%,https://imperator-server.onrender.com/storage-proxy/gift_assets/symbols/Greek_Helmet_0_5.png
Flat Cap 0.3%,https://imperator-server.onrender.com/storage-proxy/gift_assets/symbols/Flat_Cap_0_3.png
Royal Crown 0.4%,https://imperator-server.onrender.com/storage-proxy/gift_assets/symbols/Royal_Crown_0_4.png
Leprechaun 0.5%,https://imperator-server.onrender.com/storage-proxy/gift_assets/symbols/Leprechaun_0_5.png
Monarch 0.5%,https://imperator-server.onrender.com/storage-proxy/gift_assets/symbols/Monarch_0_5.png
Pyramid 0.4%,https://imperator-server.onrender.com/storage-proxy/gift_assets/symbols/Pyramid_0_4.png
Dice 0.3%,https://imperator-server.onrender.com/storage-proxy/gift_assets/symbols/Dice_0_3.png
Hazelnut 0.5%,https://imperator-server.onrender.com/storage-proxy/gift_assets/symbols/Hazelnut_0_5.png
Tribal Shield 0.3%,https://imperator-server.onrender.com/storage-proxy/gift_assets/symbols/Tribal_Shield_0_3.png
Conical Hat 0.5%,https://imperator-server.onrender.com/storage-proxy/gift_assets/symbols/Conical_Hat_0_5.png
Meat Leg 0.3%,https://imperator-server.onrender.com/storage-proxy/gift_assets/symbols/Meat_Leg_0_3.png
Telescope 0.4%,https://imperator-server.onrender.com/storage-proxy/gift_assets/symbols/Telescope_0_4.png
Bowler Hat 0.5%,https://imperator-server.onrender.com/storage-proxy/gift_assets/symbols/Bowler_Hat_0_5.png
Bonsai 0.5%,https://imperator-server.onrender.com/storage-proxy/gift_assets/symbols/Bonsai_0_5.png
Flashlight 0.5%,https://imperator-server.onrender.com/storage-proxy/gift_assets/symbols/Flashlight_0_5.png
Chick 0.4%,https://imperator-server.onrender.com/storage-proxy/gift_assets/symbols/Chick_0_4.png
Hamburger 0.5%,https://imperator-server.onrender.com/storage-proxy/gift_assets/symbols/Hamburger_0_5.png
Silver Ibis 0.4%,https://imperator-server.onrender.com/storage-proxy/gift_assets/symbols/Silver_Ibis_0_4.png
Pirate Hat 0.4%,https://imperator-server.onrender.com/storage-proxy/gift_assets/symbols/Pirate_Hat_0_4.png
Feather 0.4%,https://imperator-server.onrender.com/storage-proxy/gift_assets/symbols/Feather_0_4.png
Maple Leaf 0.5%,https://imperator-server.onrender.com/storage-proxy/gift_assets/symbols/Maple_Leaf_0_5.png
Ice Pop 0.5%,https://imperator-server.onrender.com/storage-proxy/gift_assets/symbols/Ice_Pop_0_5.png
Jester Hat 0.2%,https://imperator-server.onrender.com/storage-proxy/gift_assets/symbols/Jester_Hat_0_2.png
Heater Shield 0.5%,https://imperator-server.onrender.com/storage-proxy/gift_assets/symbols/Heater_Shield_0_5.png
Astronaut 0.3%,https://imperator-server.onrender.com/storage-proxy/gift_assets/symbols/Astronaut_0_3.png
Horseshoe 0.2%,https://imperator-server.onrender.com/storage-proxy/gift_assets/symbols/Horseshoe_0_2.png
Puzzle 0.4%,https://imperator-server.onrender.com/storage-proxy/gift_assets/symbols/Puzzle_0_4.png
Venetian Mask 0.4%,https://imperator-server.onrender.com/storage-proxy/gift_assets/symbols/Venetian_Mask_0_4.png
Piñata 0.5%,https://imperator-server.onrender.com/storage-proxy/gift_assets/symbols/Pi_ata_0_5.png
Narcissus 0.4%,https://imperator-server.onrender.com/storage-proxy/gift_assets/symbols/Narcissus_0_4.png
Duck Face 0.3%,https://imperator-server.onrender.com/storage-proxy/gift_assets/symbols/Duck_Face_0_3.png
Bone 0.3%,https://imperator-server.onrender.com/storage-proxy/gift_assets/symbols/Bone_0_3.png
Peace Dove 0.5%,https://imperator-server.onrender.com/storage-proxy/gift_assets/symbols/Peace_Dove_0_5.png
Sun Lion 0.5%,https://imperator-server.onrender.com/storage-proxy/gift_assets/symbols/Sun_Lion_0_5.png
Lotus Flower 0.4%,https://imperator-server.onrender.com/storage-proxy/gift_assets/symbols/Lotus_Flower_0_4.png
Sombrero 0.2%,https://imperator-server.onrender.com/storage-proxy/gift_assets/symbols/Sombrero_0_2.png
Shinto Shrine 0.4%,https://imperator-server.onrender.com/storage-proxy/gift_assets/symbols/Shinto_Shrine_0_4.png
Paschal Lamb 0.5%,https://imperator-server.onrender.com/storage-proxy/gift_assets/symbols/Paschal_Lamb_0_5.png
Bucket Hat 0.2%,https://imperator-server.onrender.com/storage-proxy/gift_assets/symbols/Bucket_Hat_0_2.png
Jolly Roger 0.5%,https://imperator-server.onrender.com/storage-proxy/gift_assets/symbols/Jolly_Roger_0_5.png
Sumerian Bird 0.3%,https://imperator-server.onrender.com/storage-proxy/gift_assets/symbols/Sumerian_Bird_0_3.png
Blood Drop 0.4%,https://imperator-server.onrender.com/storage-proxy/gift_assets/symbols/Blood_Drop_0_4.png
Cactus 0.3%,https://imperator-server.onrender.com/storage-proxy/gift_assets/symbols/Cactus_0_3.png
Fedora 0.4%,https://imperator-server.onrender.com/storage-proxy/gift_assets/symbols/Fedora_0_4.png
Hot Matcha 0.1%,https://imperator-server.onrender.com/storage-proxy/gift_assets/symbols/Hot_Matcha_0_1.png
Beetle 0.3%,https://imperator-server.onrender.com/storage-proxy/gift_assets/symbols/Beetle_0_3.png
Greek Sun 0.4%,https://imperator-server.onrender.com/storage-proxy/gift_assets/symbols/Greek_Sun_0_4.png
Fishing Hook 0.3%,https://imperator-server.onrender.com/storage-proxy/gift_assets/symbols/Fishing_Hook_0_3.png
Bread 0.4%,https://imperator-server.onrender.com/storage-proxy/gift_assets/symbols/Bread_0_4.png
Crusader 0.5%,https://imperator-server.onrender.com/storage-proxy/gift_assets/symbols/Crusader_0_5.png
Keffiyeh 0.5%,https://imperator-server.onrender.com/storage-proxy/gift_assets/symbols/Keffiyeh_0_5.png
Oculus 0.5%,https://imperator-server.onrender.com/storage-proxy/gift_assets/symbols/Oculus_0_5.png
Tamagotchi 0.2%,https://imperator-server.onrender.com/storage-proxy/gift_assets/symbols/Tamagotchi_0_2.png
Police Hat 0.4%,https://imperator-server.onrender.com/storage-proxy/gift_assets/symbols/Police_Hat_0_4.png
Bow Tie 0.4%,https://imperator-server.onrender.com/storage-proxy/gift_assets/symbols/Bow_Tie_0_4.png
Police Badge 0.3%,https://imperator-server.onrender.com/storage-proxy/gift_assets/symbols/Police_Badge_0_3.png
Alarm 0.5%,https://imperator-server.onrender.com/storage-proxy/gift_assets/symbols/Alarm_0_5.png
Car 0.5%,https://imperator-server.onrender.com/storage-proxy/gift_assets/symbols/Car_0_5.png
Lemon Slice 0.4%,https://imperator-server.onrender.com/storage-proxy/gift_assets/symbols/Lemon_Slice_0_4.png
Unicorn 0.3%,https://imperator-server.onrender.com/storage-proxy/gift_assets/symbols/Unicorn_0_3.png
Moto Helmet 0.4%,https://imperator-server.onrender.com/storage-proxy/gift_assets/symbols/Moto_Helmet_0_4.png
Robin Hood 0.5%,https://imperator-server.onrender.com/storage-proxy/gift_assets/symbols/Robin_Hood_0_5.png
Gingerbread 0.2%,https://imperator-server.onrender.com/storage-proxy/gift_assets/symbols/Gingerbread_0_2.png
Twin Koi 0.3%,https://imperator-server.onrender.com/storage-proxy/gift_assets/symbols/Twin_Koi_0_3.png
Banana 0.4%,https://imperator-server.onrender.com/storage-proxy/gift_assets/symbols/Banana_0_4.png
Fenrir 0.4%,https://imperator-server.onrender.com/storage-proxy/gift_assets/symbols/Fenrir_0_4.png
Fish Skeleton 0.3%,https://imperator-server.onrender.com/storage-proxy/gift_assets/symbols/Fish_Skeleton_0_3.png
Shark Knife 0.4%,https://imperator-server.onrender.com/storage-proxy/gift_assets/symbols/Shark_Knife_0_4.png
Peaked Cap 0.4%,https://imperator-server.onrender.com/storage-proxy/gift_assets/symbols/Peaked_Cap_0_4.png
Evil Dragon 0.3%,https://imperator-server.onrender.com/storage-proxy/gift_assets/symbols/Evil_Dragon_0_3.png
Key 0.5%,https://imperator-server.onrender.com/storage-proxy/gift_assets/symbols/Key_0_5.png
Teru Bōzu 0.5%,https://imperator-server.onrender.com/storage-proxy/gift_assets/symbols/Teru_B_zu_0_5.png
Calm Wolf 0.3%,https://imperator-server.onrender.com/storage-proxy/gift_assets/symbols/Calm_Wolf_0_3.png
Rooster 0.3%,https://imperator-server.onrender.com/storage-proxy/gift_assets/symbols/Rooster_0_3.png
Easter Bunny 0.4%,https://imperator-server.onrender.com/storage-proxy/gift_assets/symbols/Easter_Bunny_0_4.png
Trickster Fox 0.4%,https://imperator-server.onrender.com/storage-proxy/gift_assets/symbols/Trickster_Fox_0_4.png
Moon Face 0.5%,https://imperator-server.onrender.com/storage-proxy/gift_assets/symbols/Moon_Face_0_5.png
Cicada 0.2%,https://imperator-server.onrender.com/storage-proxy/gift_assets/symbols/Cicada_0_2.png
Coffee Bean 0.4%,https://imperator-server.onrender.com/storage-proxy/gift_assets/symbols/Coffee_Bean_0_4.png
Neptune 0.3%,https://imperator-server.onrender.com/storage-proxy/gift_assets/symbols/Neptune_0_3.png
High Hat 0.5%,https://imperator-server.onrender.com/storage-proxy/gift_assets/symbols/High_Hat_0_5.png
Baseball Cap 0.5%,https://imperator-server.onrender.com/storage-proxy/gift_assets/symbols/Baseball_Cap_0_5.png
Tulip 0.4%,https://imperator-server.onrender.com/storage-proxy/gift_assets/symbols/Tulip_0_4.png
Ouroboros 0.3%,https://imperator-server.onrender.com/storage-proxy/gift_assets/symbols/Ouroboros_0_3.png
Plume Shako 0.4%,https://imperator-server.onrender.com/storage-proxy/gift_assets/symbols/Plume_Shako_0_4.png
Aztec Totem 0.3%,https://imperator-server.onrender.com/storage-proxy/gift_assets/symbols/Aztec_Totem_0_3.png
Ghost 0.3%,https://imperator-server.onrender.com/storage-proxy/gift_assets/symbols/Ghost_0_3.png
Magic Vial 0.5%,https://imperator-server.onrender.com/storage-proxy/gift_assets/symbols/Magic_Vial_0_5.png
Nemean Lion 0.4%,https://imperator-server.onrender.com/storage-proxy/gift_assets/symbols/Nemean_Lion_0_4.png
Inguz Rune 0.3%,https://imperator-server.onrender.com/storage-proxy/gift_assets/symbols/Inguz_Rune_0_3.png
Crescent 0.4%,https://imperator-server.onrender.com/storage-proxy/gift_assets/symbols/Crescent_0_4.png
Straw Hat 0.3%,https://imperator-server.onrender.com/storage-proxy/gift_assets/symbols/Straw_Hat_0_3.png
Kitsune 0.1%,https://imperator-server.onrender.com/storage-proxy/gift_assets/symbols/Kitsune_0_1.png
Pumpkin Coach 0.4%,https://imperator-server.onrender.com/storage-proxy/gift_assets/symbols/Pumpkin_Coach_0_4.png
Kite 0.5%,https://imperator-server.onrender.com/storage-proxy/gift_assets/symbols/Kite_0_5.png
Pear 0.3%,https://imperator-server.onrender.com/storage-proxy/gift_assets/symbols/Pear_0_3.png
Geisha Fan 0.5%,https://imperator-server.onrender.com/storage-proxy/gift_assets/symbols/Geisha_Fan_0_5.png
Mountain Lion 0.5%,https://imperator-server.onrender.com/storage-proxy/gift_assets/symbols/Mountain_Lion_0_5.png
Acorn 0.3%,https://imperator-server.onrender.com/storage-proxy/gift_assets/symbols/Acorn_0_3.png
Rain Drop 0.4%,https://imperator-server.onrender.com/storage-proxy/gift_assets/symbols/Rain_Drop_0_4.png
Diamonds 0.4%,https://imperator-server.onrender.com/storage-proxy/gift_assets/symbols/Diamonds_0_4.png
Piranha 0.3%,https://imperator-server.onrender.com/storage-proxy/gift_assets/symbols/Piranha_0_3.png
Viking Shield 0.4%,https://imperator-server.onrender.com/storage-proxy/gift_assets/symbols/Viking_Shield_0_4.png
Holy Grail 0.5%,https://imperator-server.onrender.com/storage-proxy/gift_assets/symbols/Holy_Grail_0_5.png
Snail 0.3%,https://imperator-server.onrender.com/storage-proxy/gift_assets/symbols/Snail_0_3.png
Corn 0.5%,https://imperator-server.onrender.com/storage-proxy/gift_assets/symbols/Corn_0_5.png
Onigiri 0.5%,https://imperator-server.onrender.com/storage-proxy/gift_assets/symbols/Onigiri_0_5.png
Beret 0.4%,https://imperator-server.onrender.com/storage-proxy/gift_assets/symbols/Beret_0_4.png
Crusader Cross 0.4%,https://imperator-server.onrender.com/storage-proxy/gift_assets/symbols/Crusader_Cross_0_4.png
Banner 0.5%,https://imperator-server.onrender.com/storage-proxy/gift_assets/symbols/Banner_0_5.png
Totem Bear 0.4%,https://imperator-server.onrender.com/storage-proxy/gift_assets/symbols/Totem_Bear_0_4.png
Kashket 0.2%,https://imperator-server.onrender.com/storage-proxy/gift_assets/symbols/Kashket_0_2.png
Cursor 0.3%,https://imperator-server.onrender.com/storage-proxy/gift_assets/symbols/Cursor_0_3.png
Ribeye Steak 0.3%,https://imperator-server.onrender.com/storage-proxy/gift_assets/symbols/Ribeye_Steak_0_3.png
Cavalier Hat 0.4%,https://imperator-server.onrender.com/storage-proxy/gift_assets/symbols/Cavalier_Hat_0_4.png
Garden Pot 0.5%,https://imperator-server.onrender.com/storage-proxy/gift_assets/symbols/Garden_Pot_0_5.png
Jellyfish 0.3%,https://imperator-server.onrender.com/storage-proxy/gift_assets/symbols/Jellyfish_0_3.png
Love Letter 0.3%,https://imperator-server.onrender.com/storage-proxy/gift_assets/symbols/Love_Letter_0_3.png
Thunderbird 0.3%,https://imperator-server.onrender.com/storage-proxy/gift_assets/symbols/Thunderbird_0_3.png
Elephant 0.2%,https://imperator-server.onrender.com/storage-proxy/gift_assets/symbols/Elephant_0_2.png
Serpent 0.5%,https://imperator-server.onrender.com/storage-proxy/gift_assets/symbols/Serpent_0_5.png
Pith Helmet 0.4%,https://imperator-server.onrender.com/storage-proxy/gift_assets/symbols/Pith_Helmet_0_4.png
Wolf Rage 0.4%,https://imperator-server.onrender.com/storage-proxy/gift_assets/symbols/Wolf_Rage_0_4.png
War Tiger 0.3%,https://imperator-server.onrender.com/storage-proxy/gift_assets/symbols/War_Tiger_0_3.png
Anchor 0.4%,https://imperator-server.onrender.com/storage-proxy/gift_assets/symbols/Anchor_0_4.png
Twin Peaks 0.1%,https://imperator-server.onrender.com/storage-proxy/gift_assets/symbols/Twin_Peaks_0_1.png
Coconut 0.7%,https://imperator-server.onrender.com/storage-proxy/gift_assets/symbols/Coconut_0_7.png
Bobble Hat 0.2%,https://imperator-server.onrender.com/storage-proxy/gift_assets/symbols/Bobble_Hat_0_2.png
Eye of Horus 0.7%,https://imperator-server.onrender.com/storage-proxy/gift_assets/symbols/Eye_of_Horus_0_7.png
Greek Sun 0.7%,https://imperator-server.onrender.com/storage-proxy/gift_assets/symbols/Greek_Sun_0_7.png
Cupcake 0.7%,https://imperator-server.onrender.com/storage-proxy/gift_assets/symbols/Cupcake_0_7.png
Origami 0.7%,https://imperator-server.onrender.com/storage-proxy/gift_assets/symbols/Origami_0_7.png
Horseshoe 0.7%,https://imperator-server.onrender.com/storage-proxy/gift_assets/symbols/Horseshoe_0_7.png
Neptune 0.4%,https://imperator-server.onrender.com/storage-proxy/gift_assets/symbols/Neptune_0_4.png
Donut 0.7%,https://imperator-server.onrender.com/storage-proxy/gift_assets/symbols/Donut_0_7.png
Axe 0.7%,https://imperator-server.onrender.com/storage-proxy/gift_assets/symbols/Axe_0_7.png
Nigiri 0.2%,https://imperator-server.onrender.com/storage-proxy/gift_assets/symbols/Nigiri_0_2.png
Ram of Amun 0.7%,https://imperator-server.onrender.com/storage-proxy/gift_assets/symbols/Ram_of_Amun_0_7.png
Battle Axe 0.7%,https://imperator-server.onrender.com/storage-proxy/gift_assets/symbols/Battle_Axe_0_7.png
Kudu Totem 0.7%,https://imperator-server.onrender.com/storage-proxy/gift_assets/symbols/Kudu_Totem_0_7.png
Eggplant 0.2%,https://imperator-server.onrender.com/storage-proxy/gift_assets/symbols/Eggplant_0_2.png
Heater Shield 0.7%,https://imperator-server.onrender.com/storage-proxy/gift_assets/symbols/Heater_Shield_0_7.png
Chest 0.7%,https://imperator-server.onrender.com/storage-proxy/gift_assets/symbols/Chest_0_7.png
Crown 0.4%,https://imperator-server.onrender.com/storage-proxy/gift_assets/symbols/Crown_0_4.png
Mayan Moth 0.7%,https://imperator-server.onrender.com/storage-proxy/gift_assets/symbols/Mayan_Moth_0_7.png
Eikthyrnir 0.7%,https://imperator-server.onrender.com/storage-proxy/gift_assets/symbols/Eikthyrnir_0_7.png
Telescope 0.5%,https://imperator-server.onrender.com/storage-proxy/gift_assets/symbols/Telescope_0_5.png
Cow Skull 0.7%,https://imperator-server.onrender.com/storage-proxy/gift_assets/symbols/Cow_Skull_0_7.png
Spring Chick 0.4%,https://imperator-server.onrender.com/storage-proxy/gift_assets/symbols/Spring_Chick_0_4.png
Moose Head 0.7%,https://imperator-server.onrender.com/storage-proxy/gift_assets/symbols/Moose_Head_0_7.png
Fleur-de-lis 0.7%,https://imperator-server.onrender.com/storage-proxy/gift_assets/symbols/Fleur-de-lis_0_7.png
Sunflower 0.7%,https://imperator-server.onrender.com/storage-proxy/gift_assets/symbols/Sunflower_0_7.png
Doghouse 0.4%,https://imperator-server.onrender.com/storage-proxy/gift_assets/symbols/Doghouse_0_4.png
Hersir 0.7%,https://imperator-server.onrender.com/storage-proxy/gift_assets/symbols/Hersir_0_7.png
Tulip 0.7%,https://imperator-server.onrender.com/storage-proxy/gift_assets/symbols/Tulip_0_7.png
Maple 0.4%,https://imperator-server.onrender.com/storage-proxy/gift_assets/symbols/Maple_0_4.png
Carambola 0.7%,https://imperator-server.onrender.com/storage-proxy/gift_assets/symbols/Carambola_0_7.png
Palette 0.7%,https://imperator-server.onrender.com/storage-proxy/gift_assets/symbols/Palette_0_7.png
Turban 0.7%,https://imperator-server.onrender.com/storage-proxy/gift_assets/symbols/Turban_0_7.png
Aztec Falcon 0.2%,https://imperator-server.onrender.com/storage-proxy/gift_assets/symbols/Aztec_Falcon_0_2.png
Sailor Hat 0.7%,https://imperator-server.onrender.com/storage-proxy/gift_assets/symbols/Sailor_Hat_0_7.png
Winged Helm 0.7%,https://imperator-server.onrender.com/storage-proxy/gift_assets/symbols/Winged_Helm_0_7.png
Hand of God 0.4%,https://imperator-server.onrender.com/storage-proxy/gift_assets/symbols/Hand_of_God_0_4.png
Novus Ordo 0.7%,https://imperator-server.onrender.com/storage-proxy/gift_assets/symbols/Novus_Ordo_0_7.png
Coin Purse 0.5%,https://imperator-server.onrender.com/storage-proxy/gift_assets/symbols/Coin_Purse_0_5.png
Trophy 0.5%,https://imperator-server.onrender.com/storage-proxy/gift_assets/symbols/Trophy_0_5.png
Shooting Star 0.4%,https://imperator-server.onrender.com/storage-proxy/gift_assets/symbols/Shooting_Star_0_4.png
Sparks 0.7%,https://imperator-server.onrender.com/storage-proxy/gift_assets/symbols/Sparks_0_7.png
Anubis 0.2%,https://imperator-server.onrender.com/storage-proxy/gift_assets/symbols/Anubis_0_2.png
Pirate Scull 0.7%,https://imperator-server.onrender.com/storage-proxy/gift_assets/symbols/Pirate_Scull_0_7.png
Snail 0.4%,https://imperator-server.onrender.com/storage-proxy/gift_assets/symbols/Snail_0_4.png
Mushroom 0.7%,https://imperator-server.onrender.com/storage-proxy/gift_assets/symbols/Mushroom_0_7.png
High Hat 0.4%,https://imperator-server.onrender.com/storage-proxy/gift_assets/symbols/High_Hat_0_4.png
Unicorn Head 0.4%,https://imperator-server.onrender.com/storage-proxy/gift_assets/symbols/Unicorn_Head_0_4.png
Spellbook 0.2%,https://imperator-server.onrender.com/storage-proxy/gift_assets/symbols/Spellbook_0_2.png
Kitsune Mask 0.2%,https://imperator-server.onrender.com/storage-proxy/gift_assets/symbols/Kitsune_Mask_0_2.png
La Corona 0.7%,https://imperator-server.onrender.com/storage-proxy/gift_assets/symbols/La_Corona_0_7.png
Scarab 0.7%,https://imperator-server.onrender.com/storage-proxy/gift_assets/symbols/Scarab_0_7.png
Flamingo 0.4%,https://imperator-server.onrender.com/storage-proxy/gift_assets/symbols/Flamingo_0_4.png
Fehu Rune 0.2%,https://imperator-server.onrender.com/storage-proxy/gift_assets/symbols/Fehu_Rune_0_2.png
Double Axe 0.4%,https://imperator-server.onrender.com/storage-proxy/gift_assets/symbols/Double_Axe_0_4.png
Meat Leg 0.4%,https://imperator-server.onrender.com/storage-proxy/gift_assets/symbols/Meat_Leg_0_4.png
Pomegranate 0.7%,https://imperator-server.onrender.com/storage-proxy/gift_assets/symbols/Pomegranate_0_7.png
Oak Leaf 0.7%,https://imperator-server.onrender.com/storage-proxy/gift_assets/symbols/Oak_Leaf_0_7.png
Moon Cross 0.7%,https://imperator-server.onrender.com/storage-proxy/gift_assets/symbols/Moon_Cross_0_7.png
Mafdet 0.5%,https://imperator-server.onrender.com/storage-proxy/gift_assets/symbols/Mafdet_0_5.png
Birthday Cake 0.5%,https://imperator-server.onrender.com/storage-proxy/gift_assets/symbols/Birthday_Cake_0_5.png
Royal Turban 0.5%,https://imperator-server.onrender.com/storage-proxy/gift_assets/symbols/Royal_Turban_0_5.png
Easter Egg 0.7%,https://imperator-server.onrender.com/storage-proxy/gift_assets/symbols/Easter_Egg_0_7.png
Ancient Urn 0.2%,https://imperator-server.onrender.com/storage-proxy/gift_assets/symbols/Ancient_Urn_0_2.png
Greek Helmet 0.4%,https://imperator-server.onrender.com/storage-proxy/gift_assets/symbols/Greek_Helmet_0_4.png
Evil Dragon 0.2%,https://imperator-server.onrender.com/storage-proxy/gift_assets/symbols/Evil_Dragon_0_2.png
Cowboy Hat 0.7%,https://imperator-server.onrender.com/storage-proxy/gift_assets/symbols/Cowboy_Hat_0_7.png
Okami Wolf 0.7%,https://imperator-server.onrender.com/storage-proxy/gift_assets/symbols/Okami_Wolf_0_7.png
Ramen 0.7%,https://imperator-server.onrender.com/storage-proxy/gift_assets/symbols/Ramen_0_7.png
Griffon 0.5%,https://imperator-server.onrender.com/storage-proxy/gift_assets/symbols/Griffon_0_5.png
Cheese 0.7%,https://imperator-server.onrender.com/storage-proxy/gift_assets/symbols/Cheese_0_7.png
Sea Jelly 0.4%,https://imperator-server.onrender.com/storage-proxy/gift_assets/symbols/Sea_Jelly_0_4.png
Rain Drop 0.7%,https://imperator-server.onrender.com/storage-proxy/gift_assets/symbols/Rain_Drop_0_7.png
Peace Dove 0.7%,https://imperator-server.onrender.com/storage-proxy/gift_assets/symbols/Peace_Dove_0_7.png
Croissant 0.7%,https://imperator-server.onrender.com/storage-proxy/gift_assets/symbols/Croissant_0_7.png
Bowler Hat 0.7%,https://imperator-server.onrender.com/storage-proxy/gift_assets/symbols/Bowler_Hat_0_7.png
French Fries 0.7%,https://imperator-server.onrender.com/storage-proxy/gift_assets/symbols/French_Fries_0_7.png
Sushi Rolls 0.7%,https://imperator-server.onrender.com/storage-proxy/gift_assets/symbols/Sushi_Rolls_0_7.png
Arabian Horse 0.7%,https://imperator-server.onrender.com/storage-proxy/gift_assets/symbols/Arabian_Horse_0_7.png
Hot Matcha 0.4%,https://imperator-server.onrender.com/storage-proxy/gift_assets/symbols/Hot_Matcha_0_4.png
Earth 0.2%,https://imperator-server.onrender.com/storage-proxy/gift_assets/symbols/Earth_0_2.png
Wontons 0.4%,https://imperator-server.onrender.com/storage-proxy/gift_assets/symbols/Wontons_0_4.png
Coin 0.7%,https://imperator-server.onrender.com/storage-proxy/gift_assets/symbols/Coin_0_7.png
Calm Wolf 0.4%,https://imperator-server.onrender.com/storage-proxy/gift_assets/symbols/Calm_Wolf_0_4.png
Imperial Lion 0.7%,https://imperator-server.onrender.com/storage-proxy/gift_assets/symbols/Imperial_Lion_0_7.png
Toy Bucket 0.7%,https://imperator-server.onrender.com/storage-proxy/gift_assets/symbols/Toy_Bucket_0_7.png
Carrot 0.5%,https://imperator-server.onrender.com/storage-proxy/gift_assets/symbols/Carrot_0_5.png
Ring 0.7%,https://imperator-server.onrender.com/storage-proxy/gift_assets/symbols/Ring_0_7.png
Plume Shako 0.7%,https://imperator-server.onrender.com/storage-proxy/gift_assets/symbols/Plume_Shako_0_7.png
Candy 0.7%,https://imperator-server.onrender.com/storage-proxy/gift_assets/symbols/Candy_0_7.png
Tricorne 0.7%,https://imperator-server.onrender.com/storage-proxy/gift_assets/symbols/Tricorne_0_7.png
Sakura Flower 0.7%,https://imperator-server.onrender.com/storage-proxy/gift_assets/symbols/Sakura_Flower_0_7.png
Warhorse 0.4%,https://imperator-server.onrender.com/storage-proxy/gift_assets/symbols/Warhorse_0_4.png
Bottle 0.5%,https://imperator-server.onrender.com/storage-proxy/gift_assets/symbols/Bottle_0_5.png
Bunny Ears 0.7%,https://imperator-server.onrender.com/storage-proxy/gift_assets/symbols/Bunny_Ears_0_7.png
Earflap Hat 0.7%,https://imperator-server.onrender.com/storage-proxy/gift_assets/symbols/Earflap_Hat_0_7.png
Duck Face 0.7%,https://imperator-server.onrender.com/storage-proxy/gift_assets/symbols/Duck_Face_0_7.png
Flower 0.7%,https://imperator-server.onrender.com/storage-proxy/gift_assets/symbols/Flower_0_7.png
Maple Leaf 0.7%,https://imperator-server.onrender.com/storage-proxy/gift_assets/symbols/Maple_Leaf_0_7.png
Jellyfish 0.7%,https://imperator-server.onrender.com/storage-proxy/gift_assets/symbols/Jellyfish_0_7.png
Gift Box 0.7%,https://imperator-server.onrender.com/storage-proxy/gift_assets/symbols/Gift_Box_0_7.png
Shell 0.7%,https://imperator-server.onrender.com/storage-proxy/gift_assets/symbols/Shell_0_7.png
Lion King 0.7%,https://imperator-server.onrender.com/storage-proxy/gift_assets/symbols/Lion_King_0_7.png
Bucket Hat 0.7%,https://imperator-server.onrender.com/storage-proxy/gift_assets/symbols/Bucket_Hat_0_7.png
Light Bulb 0.4%,https://imperator-server.onrender.com/storage-proxy/gift_assets/symbols/Light_Bulb_0_4.png
Horned Helm 0.7%,https://imperator-server.onrender.com/storage-proxy/gift_assets/symbols/Horned_Helm_0_7.png
Vortex 0.7%,https://imperator-server.onrender.com/storage-proxy/gift_assets/symbols/Vortex_0_7.png
Royal Crown 0.5%,https://imperator-server.onrender.com/storage-proxy/gift_assets/symbols/Royal_Crown_0_5.png
Acorn 0.4%,https://imperator-server.onrender.com/storage-proxy/gift_assets/symbols/Acorn_0_4.png
Potion 0.7%,https://imperator-server.onrender.com/storage-proxy/gift_assets/symbols/Potion_0_7.png
Fez 0.7%,https://imperator-server.onrender.com/storage-proxy/gift_assets/symbols/Fez_0_7.png
Bike Helmet 0.4%,https://imperator-server.onrender.com/storage-proxy/gift_assets/symbols/Bike_Helmet_0_4.png
Mountain Lion 0.7%,https://imperator-server.onrender.com/storage-proxy/gift_assets/symbols/Mountain_Lion_0_7.png
Winter Hat 0.2%,https://imperator-server.onrender.com/storage-proxy/gift_assets/symbols/Winter_Hat_0_2.png
Tree of Life 0.7%,https://imperator-server.onrender.com/storage-proxy/gift_assets/symbols/Tree_of_Life_0_7.png
Doberman 0.7%,https://imperator-server.onrender.com/storage-proxy/gift_assets/symbols/Doberman_0_7.png
Inguz Rune 0.4%,https://imperator-server.onrender.com/storage-proxy/gift_assets/symbols/Inguz_Rune_0_4.png
Bearskin 0.2%,https://imperator-server.onrender.com/storage-proxy/gift_assets/symbols/Bearskin_0_2.png
Like 0.4%,https://imperator-server.onrender.com/storage-proxy/gift_assets/symbols/Like_0_4.png
Cicada 0.7%,https://imperator-server.onrender.com/storage-proxy/gift_assets/symbols/Cicada_0_7.png
Divine Falcon 0.5%,https://imperator-server.onrender.com/storage-proxy/gift_assets/symbols/Divine_Falcon_0_5.png
Beret 0.2%,https://imperator-server.onrender.com/storage-proxy/gift_assets/symbols/Beret_0_2.png
Piranha 0.4%,https://imperator-server.onrender.com/storage-proxy/gift_assets/symbols/Piranha_0_4.png
Gingerbread 0.4%,https://imperator-server.onrender.com/storage-proxy/gift_assets/symbols/Gingerbread_0_4.png
Keffiyeh 0.4%,https://imperator-server.onrender.com/storage-proxy/gift_assets/symbols/Keffiyeh_0_4.png
Ladybug 0.4%,https://imperator-server.onrender.com/storage-proxy/gift_assets/symbols/Ladybug_0_4.png
Celtic Wolf 0.4%,https://imperator-server.onrender.com/storage-proxy/gift_assets/symbols/Celtic_Wolf_0_4.png
Phoenix 0.4%,https://imperator-server.onrender.com/storage-proxy/gift_assets/symbols/Phoenix_0_4.png
Magic Vial 0.2%,https://imperator-server.onrender.com/storage-proxy/gift_assets/symbols/Magic_Vial_0_2.png
Basketball 0.7%,https://imperator-server.onrender.com/storage-proxy/gift_assets/symbols/Basketball_0_7.png
Moon Face 0.7%,https://imperator-server.onrender.com/storage-proxy/gift_assets/symbols/Moon_Face_0_7.png
Nemes 0.2%,https://imperator-server.onrender.com/storage-proxy/gift_assets/symbols/Nemes_0_2.png
Lion of Babylon 0.2%,https://imperator-server.onrender.com/storage-proxy/gift_assets/symbols/Lion_of_Babylon_0_2.png
Tetsubin 0.2%,https://imperator-server.onrender.com/storage-proxy/gift_assets/symbols/Tetsubin_0_2.png
Golden Scarab 0.7%,https://imperator-server.onrender.com/storage-proxy/gift_assets/symbols/Golden_Scarab_0_7.png
Arcane Mirror 0.4%,https://imperator-server.onrender.com/storage-proxy/gift_assets/symbols/Arcane_Mirror_0_4.png
Owl 0.4%,https://imperator-server.onrender.com/storage-proxy/gift_assets/symbols/Owl_0_4.png
Piggy Bank 0.2%,https://imperator-server.onrender.com/storage-proxy/gift_assets/symbols/Piggy_Bank_0_2.png
Vortex 0.5%,https://imperator-server.onrender.com/storage-proxy/gift_assets/symbols/Vortex_0_5.png
Shield 0.2%,https://imperator-server.onrender.com/storage-proxy/gift_assets/symbols/Shield_0_2.png
Spanner 0.5%,https://imperator-server.onrender.com/storage-proxy/gift_assets/symbols/Spanner_0_5.png
Sharp Sword 0.5%,https://imperator-server.onrender.com/storage-proxy/gift_assets/symbols/Sharp_Sword_0_5.png
Aztec Falcon 0.5%,https://imperator-server.onrender.com/storage-proxy/gift_assets/symbols/Aztec_Falcon_0_5.png
Beetle 0.5%,https://imperator-server.onrender.com/storage-proxy/gift_assets/symbols/Beetle_0_5.png
Takoyaki 0.5%,https://imperator-server.onrender.com/storage-proxy/gift_assets/symbols/Takoyaki_0_5.png
Lotus Flower 0.5%,https://imperator-server.onrender.com/storage-proxy/gift_assets/symbols/Lotus_Flower_0_5.png
Fenrir 0.5%,https://imperator-server.onrender.com/storage-proxy/gift_assets/symbols/Fenrir_0_5.png
Rooster 0.4%,https://imperator-server.onrender.com/storage-proxy/gift_assets/symbols/Rooster_0_4.png
Diamonds 0.5%,https://imperator-server.onrender.com/storage-proxy/gift_assets/symbols/Diamonds_0_5.png
Yin-Yang 0.5%,https://imperator-server.onrender.com/storage-proxy/gift_assets/symbols/Yin-Yang_0_5.png
Hand of God 0.2%,https://imperator-server.onrender.com/storage-proxy/gift_assets/symbols/Hand_of_God_0_2.png
Earflap Hat 0.4%,https://imperator-server.onrender.com/storage-proxy/gift_assets/symbols/Earflap_Hat_0_4.png
Winter Hat 0.5%,https://imperator-server.onrender.com/storage-proxy/gift_assets/symbols/Winter_Hat_0_5.png
Flower 0.5%,https://imperator-server.onrender.com/storage-proxy/gift_assets/symbols/Flower_0_5.png
Knight 0.5%,https://imperator-server.onrender.com/storage-proxy/gift_assets/symbols/Knight_0_5.png
Shuriken 0.2%,https://imperator-server.onrender.com/storage-proxy/gift_assets/symbols/Shuriken_0_2.png
Trinity Knot 0.2%,https://imperator-server.onrender.com/storage-proxy/gift_assets/symbols/Trinity_Knot_0_2.png
Hersir 0.5%,https://imperator-server.onrender.com/storage-proxy/gift_assets/symbols/Hersir_0_5.png
Snail 0.5%,https://imperator-server.onrender.com/storage-proxy/gift_assets/symbols/Snail_0_5.png
Thief 0.5%,https://imperator-server.onrender.com/storage-proxy/gift_assets/symbols/Thief_0_5.png
Cat Mask 0.4%,https://imperator-server.onrender.com/storage-proxy/gift_assets/symbols/Cat_Mask_0_4.png
Magic Wand 0.5%,https://imperator-server.onrender.com/storage-proxy/gift_assets/symbols/Magic_Wand_0_5.png
Jörmungandr 0.5%,https://imperator-server.onrender.com/storage-proxy/gift_assets/symbols/Jo_rmungandr_0_5.png
Hazelnut 0.2%,https://imperator-server.onrender.com/storage-proxy/gift_assets/symbols/Hazelnut_0_2.png
Pirate Hat 0.5%,https://imperator-server.onrender.com/storage-proxy/gift_assets/symbols/Pirate_Hat_0_5.png
Chick 0.5%,https://imperator-server.onrender.com/storage-proxy/gift_assets/symbols/Chick_0_5.png
Pirate Scull 0.5%,https://imperator-server.onrender.com/storage-proxy/gift_assets/symbols/Pirate_Scull_0_5.png
Scarab 0.5%,https://imperator-server.onrender.com/storage-proxy/gift_assets/symbols/Scarab_0_5.png
Geisha Fan 0.4%,https://imperator-server.onrender.com/storage-proxy/gift_assets/symbols/Geisha_Fan_0_4.png
Gem 0.4%,https://imperator-server.onrender.com/storage-proxy/gift_assets/symbols/Gem_0_4.png
Drug 0.4%,https://imperator-server.onrender.com/storage-proxy/gift_assets/symbols/Drug_0_4.png
Magic Hat 0.5%,https://imperator-server.onrender.com/storage-proxy/gift_assets/symbols/Magic_Hat_0_5.png
Moon Face 0.2%,https://imperator-server.onrender.com/storage-proxy/gift_assets/symbols/Moon_Face_0_2.png
Thor Hammer 0.5%,https://imperator-server.onrender.com/storage-proxy/gift_assets/symbols/Thor_Hammer_0_5.png
Trickster Fox 0.5%,https://imperator-server.onrender.com/storage-proxy/gift_assets/symbols/Trickster_Fox_0_5.png
Winged Helm 0.5%,https://imperator-server.onrender.com/storage-proxy/gift_assets/symbols/Winged_Helm_0_5.png
Skull 0.4%,https://imperator-server.onrender.com/storage-proxy/gift_assets/symbols/Skull_0_4.png
Earth 0.5%,https://imperator-server.onrender.com/storage-proxy/gift_assets/symbols/Earth_0_5.png
War Bonnet 0.5%,https://imperator-server.onrender.com/storage-proxy/gift_assets/symbols/War_Bonnet_0_5.png
Lion King 0.5%,https://imperator-server.onrender.com/storage-proxy/gift_assets/symbols/Lion_King_0_5.png
Heraldic Lily 0.2%,https://imperator-server.onrender.com/storage-proxy/gift_assets/symbols/Heraldic_Lily_0_2.png
Dice 0.4%,https://imperator-server.onrender.com/storage-proxy/gift_assets/symbols/Dice_0_4.png
Bubbles 0.2%,https://imperator-server.onrender.com/storage-proxy/gift_assets/symbols/Bubbles_0_2.png
Novus Ordo 0.4%,https://imperator-server.onrender.com/storage-proxy/gift_assets/symbols/Novus_Ordo_0_4.png
Horned Helm 0.5%,https://imperator-server.onrender.com/storage-proxy/gift_assets/symbols/Horned_Helm_0_5.png
Illuminati 0.4%,https://imperator-server.onrender.com/storage-proxy/gift_assets/symbols/Illuminati_0_4.png
Lion of Babylon 0.5%,https://imperator-server.onrender.com/storage-proxy/gift_assets/symbols/Lion_of_Babylon_0_5.png
Guitar 0.5%,https://imperator-server.onrender.com/storage-proxy/gift_assets/symbols/Guitar_0_5.png
Twin Koi 0.5%,https://imperator-server.onrender.com/storage-proxy/gift_assets/symbols/Twin_Koi_0_5.png
Mayan Moth 0.2%,https://imperator-server.onrender.com/storage-proxy/gift_assets/symbols/Mayan_Moth_0_2.png
Sleepy Unicorn 0.2%,https://imperator-server.onrender.com/storage-proxy/gift_assets/symbols/Sleepy_Unicorn_0_2.png
Bascinet 0.4%,https://imperator-server.onrender.com/storage-proxy/gift_assets/symbols/Bascinet_0_4.png
Avocado 0.4%,https://imperator-server.onrender.com/storage-proxy/gift_assets/symbols/Avocado_0_4.png
Neptune 0.2%,https://imperator-server.onrender.com/storage-proxy/gift_assets/symbols/Neptune_0_2.png
Car 0.4%,https://imperator-server.onrender.com/storage-proxy/gift_assets/symbols/Car_0_4.png
Tulip 0.5%,https://imperator-server.onrender.com/storage-proxy/gift_assets/symbols/Tulip_0_5.png
Nigiri 0.5%,https://imperator-server.onrender.com/storage-proxy/gift_assets/symbols/Nigiri_0_5.png
Moose Head 0.2%,https://imperator-server.onrender.com/storage-proxy/gift_assets/symbols/Moose_Head_0_2.png
Duck Face 0.5%,https://imperator-server.onrender.com/storage-proxy/gift_assets/symbols/Duck_Face_0_5.png
Gua Pi Mao 0.4%,https://imperator-server.onrender.com/storage-proxy/gift_assets/symbols/Gua_Pi_Mao_0_4.png
French Fries 0.5%,https://imperator-server.onrender.com/storage-proxy/gift_assets/symbols/French_Fries_0_5.png
Crown 0.5%,https://imperator-server.onrender.com/storage-proxy/gift_assets/symbols/Crown_0_5.png
Top Hat 0.4%,https://imperator-server.onrender.com/storage-proxy/gift_assets/symbols/Top_Hat_0_4.png
Plume Shako 0.5%,https://imperator-server.onrender.com/storage-proxy/gift_assets/symbols/Plume_Shako_0_5.png
Mushroom 0.4%,https://imperator-server.onrender.com/storage-proxy/gift_assets/symbols/Mushroom_0_4.png
Donut 0.4%,https://imperator-server.onrender.com/storage-proxy/gift_assets/symbols/Donut_0_4.png
Peaked Cap 0.2%,https://imperator-server.onrender.com/storage-proxy/gift_assets/symbols/Peaked_Cap_0_2.png
Battle Axe 0.5%,https://imperator-server.onrender.com/storage-proxy/gift_assets/symbols/Battle_Axe_0_5.png
Baphomet 0.5%,https://imperator-server.onrender.com/storage-proxy/gift_assets/symbols/Baphomet_0_5.png
Kitsune 0.4%,https://imperator-server.onrender.com/storage-proxy/gift_assets/symbols/Kitsune_0_4.png
Mafdet 0.4%,https://imperator-server.onrender.com/storage-proxy/gift_assets/symbols/Mafdet_0_4.png
Spellbook 0.5%,https://imperator-server.onrender.com/storage-proxy/gift_assets/symbols/Spellbook_0_5.png
Kudu Totem 0.4%,https://imperator-server.onrender.com/storage-proxy/gift_assets/symbols/Kudu_Totem_0_4.png
Bobby Helmet 0.2%,https://imperator-server.onrender.com/storage-proxy/gift_assets/symbols/Bobby_Helmet_0_2.png
Bicorne 0.5%,https://imperator-server.onrender.com/storage-proxy/gift_assets/symbols/Bicorne_0_5.png
Rose 0.5%,https://imperator-server.onrender.com/storage-proxy/gift_assets/symbols/Rose_0_5.png
Ancient Urn 0.5%,https://imperator-server.onrender.com/storage-proxy/gift_assets/symbols/Ancient_Urn_0_5.png
Champagne 0.4%,https://imperator-server.onrender.com/storage-proxy/gift_assets/symbols/Champagne_0_4.png
Astronaut 0.5%,https://imperator-server.onrender.com/storage-proxy/gift_assets/symbols/Astronaut_0_5.png
Mustang 0.5%,https://imperator-server.onrender.com/storage-proxy/gift_assets/symbols/Mustang_0_5.png
Bike Helmet 0.5%,https://imperator-server.onrender.com/storage-proxy/gift_assets/symbols/Bike_Helmet_0_5.png
Propeller Cap 0.2%,https://imperator-server.onrender.com/storage-proxy/gift_assets/symbols/Propeller_Cap_0_2.png
Eye of Horus 0.2%,https://imperator-server.onrender.com/storage-proxy/gift_assets/symbols/Eye_of_Horus_0_2.png
Elephant 0.5%,https://imperator-server.onrender.com/storage-proxy/gift_assets/symbols/Elephant_0_5.png
Scorpion 0.4%,https://imperator-server.onrender.com/storage-proxy/gift_assets/symbols/Scorpion_0_4.png
White Deer 0.4%,https://imperator-server.onrender.com/storage-proxy/gift_assets/symbols/White_Deer_0_4.png
Valkyrie 0.5%,https://imperator-server.onrender.com/storage-proxy/gift_assets/symbols/Valkyrie_0_5.png
Moon Cross 0.5%,https://imperator-server.onrender.com/storage-proxy/gift_assets/symbols/Moon_Cross_0_5.png
Teru Bōzu 0.2%,https://imperator-server.onrender.com/storage-proxy/gift_assets/symbols/Teru_B_zu_0_2.png
Warhorse 0.5%,https://imperator-server.onrender.com/storage-proxy/gift_assets/symbols/Warhorse_0_5.png
Shortsword 0.2%,https://imperator-server.onrender.com/storage-proxy/gift_assets/symbols/Shortsword_0_2.png
Keffiyeh 0.2%,https://imperator-server.onrender.com/storage-proxy/gift_assets/symbols/Keffiyeh_0_2.png
Aztec Totem 0.4%,https://imperator-server.onrender.com/storage-proxy/gift_assets/symbols/Aztec_Totem_0_4.png
Alert Serpent 0.2%,https://imperator-server.onrender.com/storage-proxy/gift_assets/symbols/Alert_Serpent_0_2.png
Eikthyrnir 0.5%,https://imperator-server.onrender.com/storage-proxy/gift_assets/symbols/Eikthyrnir_0_5.png
Plume 0.5%,https://imperator-server.onrender.com/storage-proxy/gift_assets/symbols/Plume_0_5.png
Bobble Hat 0.4%,https://imperator-server.onrender.com/storage-proxy/gift_assets/symbols/Bobble_Hat_0_4.png
Clover 0.5%,https://imperator-server.onrender.com/storage-proxy/gift_assets/symbols/Clover_0_5.png
Elf Hat 0.2%,https://imperator-server.onrender.com/storage-proxy/gift_assets/symbols/Elf_Hat_0_2.png
Crescent 0.5%,https://imperator-server.onrender.com/storage-proxy/gift_assets/symbols/Crescent_0_5.png
Puzzle 0.5%,https://imperator-server.onrender.com/storage-proxy/gift_assets/symbols/Puzzle_0_5.png
Wagasa 0.2%,https://imperator-server.onrender.com/storage-proxy/gift_assets/symbols/Wagasa_0_2.png
Pizza Slice 0.5%,https://imperator-server.onrender.com/storage-proxy/gift_assets/symbols/Pizza_Slice_0_5.png
Hedgehog 0.5%,https://imperator-server.onrender.com/storage-proxy/gift_assets/symbols/Hedgehog_0_5.png
Thunderbird 0.2%,https://imperator-server.onrender.com/storage-proxy/gift_assets/symbols/Thunderbird_0_2.png
Bunny Ears 0.4%,https://imperator-server.onrender.com/storage-proxy/gift_assets/symbols/Bunny_Ears_0_4.png
Trophy 0.4%,https://imperator-server.onrender.com/storage-proxy/gift_assets/symbols/Trophy_0_4.png
Fishing Hook 0.4%,https://imperator-server.onrender.com/storage-proxy/gift_assets/symbols/Fishing_Hook_0_4.png
Moon Eagle 0.4%,https://imperator-server.onrender.com/storage-proxy/gift_assets/symbols/Moon_Eagle_0_4.png
Glasses 0.2%,https://imperator-server.onrender.com/storage-proxy/gift_assets/symbols/Glasses_0_2.png
Imperial Lion 0.2%,https://imperator-server.onrender.com/storage-proxy/gift_assets/symbols/Imperial_Lion_0_2.png
Paw Print 0.4%,https://imperator-server.onrender.com/storage-proxy/gift_assets/symbols/Paw_Print_0_4.png
Moon 0.4%,https://imperator-server.onrender.com/storage-proxy/gift_assets/symbols/Moon_0_4.png
Tie 0.4%,https://imperator-server.onrender.com/storage-proxy/gift_assets/symbols/Tie_0_4.png
Cicada 0.4%,https://imperator-server.onrender.com/storage-proxy/gift_assets/symbols/Cicada_0_4.png
Jumbo Pencil 0.4%,https://imperator-server.onrender.com/storage-proxy/gift_assets/symbols/Jumbo_Pencil_0_4.png
Viking Shield 0.2%,https://imperator-server.onrender.com/storage-proxy/gift_assets/symbols/Viking_Shield_0_2.png
Hammerhead 0.5%,https://imperator-server.onrender.com/storage-proxy/gift_assets/symbols/Hammerhead_0_5.png
Cocktail 0.4%,https://imperator-server.onrender.com/storage-proxy/gift_assets/symbols/Cocktail_0_4.png
Money Bag 0.5%,https://imperator-server.onrender.com/storage-proxy/gift_assets/symbols/Money_Bag_0_5.png
Cowboy Hat 0.2%,https://imperator-server.onrender.com/storage-proxy/gift_assets/symbols/Cowboy_Hat_0_2.png
Coin Purse 0.2%,https://imperator-server.onrender.com/storage-proxy/gift_assets/symbols/Coin_Purse_0_2.png
Bowler Hat 0.2%,https://imperator-server.onrender.com/storage-proxy/gift_assets/symbols/Bowler_Hat_0_2.png
Bastet 0.4%,https://imperator-server.onrender.com/storage-proxy/gift_assets/symbols/Bastet_0_4.png
Cow Skull 0.2%,https://imperator-server.onrender.com/storage-proxy/gift_assets/symbols/Cow_Skull_0_2.png
Firebird 0.4%,https://imperator-server.onrender.com/storage-proxy/gift_assets/symbols/Firebird_0_4.png
Tiki Mask 0.5%,https://imperator-server.onrender.com/storage-proxy/gift_assets/symbols/Tiki_Mask_0_5.png
Wolf Rage 0.5%,https://imperator-server.onrender.com/storage-proxy/gift_assets/symbols/Wolf_Rage_0_5.png
Morgenstern 0.5%,https://imperator-server.onrender.com/storage-proxy/gift_assets/symbols/Morgenstern_0_5.png
Yogi Shaman 0.4%,https://imperator-server.onrender.com/storage-proxy/gift_assets/symbols/Yogi_Shaman_0_4.png
Carambola 0.2%,https://imperator-server.onrender.com/storage-proxy/gift_assets/symbols/Carambola_0_2.png
Wagasa 0.3%,https://imperator-server.onrender.com/storage-proxy/gift_assets/symbols/Wagasa_0_3.png
Lemon Slice 0.5%,https://imperator-server.onrender.com/storage-proxy/gift_assets/symbols/Lemon_Slice_0_5.png
Wise Raven 0.4%,https://imperator-server.onrender.com/storage-proxy/gift_assets/symbols/Wise_Raven_0_4.png
Wizard Hat 0.5%,https://imperator-server.onrender.com/storage-proxy/gift_assets/symbols/Wizard_Hat_0_5.png
Kashket 0.4%,https://imperator-server.onrender.com/storage-proxy/gift_assets/symbols/Kashket_0_4.png
Crusader Cross 0.5%,https://imperator-server.onrender.com/storage-proxy/gift_assets/symbols/Crusader_Cross_0_5.png
Holy Grail 0.4%,https://imperator-server.onrender.com/storage-proxy/gift_assets/symbols/Holy_Grail_0_4.png
Cheese 0.5%,https://imperator-server.onrender.com/storage-proxy/gift_assets/symbols/Cheese_0_5.png
Feather 0.3%,https://imperator-server.onrender.com/storage-proxy/gift_assets/symbols/Feather_0_3.png
Tamagotchi 0.5%,https://imperator-server.onrender.com/storage-proxy/gift_assets/symbols/Tamagotchi_0_5.png
Brain 0.4%,https://imperator-server.onrender.com/storage-proxy/gift_assets/symbols/Brain_0_4.png
Horn 0.3%,https://imperator-server.onrender.com/storage-proxy/gift_assets/symbols/Horn_0_3.png
Flat Cap 0.4%,https://imperator-server.onrender.com/storage-proxy/gift_assets/symbols/Flat_Cap_0_4.png
Khinkali 0.5%,https://imperator-server.onrender.com/storage-proxy/gift_assets/symbols/Khinkali_0_5.png
Toilet Paper 0.4%,https://imperator-server.onrender.com/storage-proxy/gift_assets/symbols/Toilet_Paper_0_4.png
Bubble Tea 0.5%,https://imperator-server.onrender.com/storage-proxy/gift_assets/symbols/Bubble_Tea_0_5.png
Ring 0.3%,https://imperator-server.onrender.com/storage-proxy/gift_assets/symbols/Ring_0_3.png
Shuriken 0.3%,https://imperator-server.onrender.com/storage-proxy/gift_assets/symbols/Shuriken_0_3.png
Two Katanas 0.5%,https://imperator-server.onrender.com/storage-proxy/gift_assets/symbols/Two_Katanas_0_5.png
Bug 0.4%,https://imperator-server.onrender.com/storage-proxy/gift_assets/symbols/Bug_0_4.png
Sparks 0.2%,https://imperator-server.onrender.com/storage-proxy/gift_assets/symbols/Sparks_0_2.png
Sprout 0.3%,https://imperator-server.onrender.com/storage-proxy/gift_assets/symbols/Sprout_0_3.png
Rocket 0.3%,https://imperator-server.onrender.com/storage-proxy/gift_assets/symbols/Rocket_0_3.png
Pickaxe 0.5%,https://imperator-server.onrender.com/storage-proxy/gift_assets/symbols/Pickaxe_0_5.png
Earflap Hat 0.3%,https://imperator-server.onrender.com/storage-proxy/gift_assets/symbols/Earflap_Hat_0_3.png
Cone 0.4%,https://imperator-server.onrender.com/storage-proxy/gift_assets/symbols/Cone_0_4.png
Arcane Mirror 0.3%,https://imperator-server.onrender.com/storage-proxy/gift_assets/symbols/Arcane_Mirror_0_3.png
Clubs 0.4%,https://imperator-server.onrender.com/storage-proxy/gift_assets/symbols/Clubs_0_4.png
Pumpkin Coach 0.3%,https://imperator-server.onrender.com/storage-proxy/gift_assets/symbols/Pumpkin_Coach_0_3.png
Eye of Horus 0.5%,https://imperator-server.onrender.com/storage-proxy/gift_assets/symbols/Eye_of_Horus_0_5.png
Bubbles 0.5%,https://imperator-server.onrender.com/storage-proxy/gift_assets/symbols/Bubbles_0_5.png
Scissors 0.4%,https://imperator-server.onrender.com/storage-proxy/gift_assets/symbols/Scissors_0_4.png
Fried Egg 0.5%,https://imperator-server.onrender.com/storage-proxy/gift_assets/symbols/Fried_Egg_0_5.png
Fish Skeleton 0.4%,https://imperator-server.onrender.com/storage-proxy/gift_assets/symbols/Fish_Skeleton_0_4.png
Alert Serpent 0.5%,https://imperator-server.onrender.com/storage-proxy/gift_assets/symbols/Alert_Serpent_0_5.png
Old Candle 0.3%,https://imperator-server.onrender.com/storage-proxy/gift_assets/symbols/Old_Candle_0_3.png
Burger 0.4%,https://imperator-server.onrender.com/storage-proxy/gift_assets/symbols/Burger_0_4.png
Sushi Rolls 0.5%,https://imperator-server.onrender.com/storage-proxy/gift_assets/symbols/Sushi_Rolls_0_5.png
Jolly Roger 0.2%,https://imperator-server.onrender.com/storage-proxy/gift_assets/symbols/Jolly_Roger_0_2.png
Twin Koi 0.4%,https://imperator-server.onrender.com/storage-proxy/gift_assets/symbols/Twin_Koi_0_4.png
Leprechaun 0.4%,https://imperator-server.onrender.com/storage-proxy/gift_assets/symbols/Leprechaun_0_4.png
Tree of Life 0.3%,https://imperator-server.onrender.com/storage-proxy/gift_assets/symbols/Tree_of_Life_0_3.png
Earth 0.3%,https://imperator-server.onrender.com/storage-proxy/gift_assets/symbols/Earth_0_3.png
Ushanka 0.4%,https://imperator-server.onrender.com/storage-proxy/gift_assets/symbols/Ushanka_0_4.png
Octopus 0.4%,https://imperator-server.onrender.com/storage-proxy/gift_assets/symbols/Octopus_0_4.png
The Eye 0.4%,https://imperator-server.onrender.com/storage-proxy/gift_assets/symbols/The_Eye_0_4.png
Flower Sun 0.5%,https://imperator-server.onrender.com/storage-proxy/gift_assets/symbols/Flower_Sun_0_5.png
Ghost 0.5%,https://imperator-server.onrender.com/storage-proxy/gift_assets/symbols/Ghost_0_5.png
Lion Head 0.3%,https://imperator-server.onrender.com/storage-proxy/gift_assets/symbols/Lion_Head_0_3.png
Valkyrie 0.3%,https://imperator-server.onrender.com/storage-proxy/gift_assets/symbols/Valkyrie_0_3.png
Origami 0.4%,https://imperator-server.onrender.com/storage-proxy/gift_assets/symbols/Origami_0_4.png
Eagle 0.3%,https://imperator-server.onrender.com/storage-proxy/gift_assets/symbols/Eagle_0_3.png
Black Cat 0.5%,https://imperator-server.onrender.com/storage-proxy/gift_assets/symbols/Black_Cat_0_5.png
Police Badge 0.4%,https://imperator-server.onrender.com/storage-proxy/gift_assets/symbols/Police_Badge_0_4.png
Moon Cross 0.1%,https://imperator-server.onrender.com/storage-proxy/gift_assets/symbols/Moon_Cross_0_1.png
Wepwawet 0.2%,https://imperator-server.onrender.com/storage-proxy/gift_assets/symbols/Wepwawet_0_2.png
Cow Skull 0.5%,https://imperator-server.onrender.com/storage-proxy/gift_assets/symbols/Cow_Skull_0_5.png
Heater Shield 0.4%,https://imperator-server.onrender.com/storage-proxy/gift_assets/symbols/Heater_Shield_0_4.png
Fleur-de-lis 0.3%,https://imperator-server.onrender.com/storage-proxy/gift_assets/symbols/Fleur-de-lis_0_3.png
Moto Helmet 0.5%,https://imperator-server.onrender.com/storage-proxy/gift_assets/symbols/Moto_Helmet_0_5.png
Iron Helmet 0.4%,https://imperator-server.onrender.com/storage-proxy/gift_assets/symbols/Iron_Helmet_0_4.png
Inca Sun 0.5%,https://imperator-server.onrender.com/storage-proxy/gift_assets/symbols/Inca_Sun_0_5.png
Horned Helm 0.3%,https://imperator-server.onrender.com/storage-proxy/gift_assets/symbols/Horned_Helm_0_3.png
Dessert 0.5%,https://imperator-server.onrender.com/storage-proxy/gift_assets/symbols/Dessert_0_5.png
Watermelon 0.4%,https://imperator-server.onrender.com/storage-proxy/gift_assets/symbols/Watermelon_0_4.png
Bell Pepper 0.4%,https://imperator-server.onrender.com/storage-proxy/gift_assets/symbols/Bell_Pepper_0_4.png
Easter Bunny 0.2%,https://imperator-server.onrender.com/storage-proxy/gift_assets/symbols/Easter_Bunny_0_2.png
Chef Hat 0.4%,https://imperator-server.onrender.com/storage-proxy/gift_assets/symbols/Chef_Hat_0_4.png
Porrige 0.2%,https://imperator-server.onrender.com/storage-proxy/gift_assets/symbols/Porrige_0_2.png
Neptune 0.5%,https://imperator-server.onrender.com/storage-proxy/gift_assets/symbols/Neptune_0_5.png
Imperial Lion 0.3%,https://imperator-server.onrender.com/storage-proxy/gift_assets/symbols/Imperial_Lion_0_3.png
Flower Cross 0.5%,https://imperator-server.onrender.com/storage-proxy/gift_assets/symbols/Flower_Cross_0_5.png
Flipper 0.3%,https://imperator-server.onrender.com/storage-proxy/gift_assets/symbols/Flipper_0_3.png
Wreath 0.4%,https://imperator-server.onrender.com/storage-proxy/gift_assets/symbols/Wreath_0_4.png
Legionary 0.5%,https://imperator-server.onrender.com/storage-proxy/gift_assets/symbols/Legionary_0_5.png
Sunflower 0.5%,https://imperator-server.onrender.com/storage-proxy/gift_assets/symbols/Sunflower_0_5.png
Crystal 0.4%,https://imperator-server.onrender.com/storage-proxy/gift_assets/symbols/Crystal_0_4.png
Candle 0.3%,https://imperator-server.onrender.com/storage-proxy/gift_assets/symbols/Candle_0_3.png
Flower Tulip 0.3%,https://imperator-server.onrender.com/storage-proxy/gift_assets/symbols/Flower_Tulip_0_3.png
Palette 0.5%,https://imperator-server.onrender.com/storage-proxy/gift_assets/symbols/Palette_0_5.png
Keffiyeh 0.3%,https://imperator-server.onrender.com/storage-proxy/gift_assets/symbols/Keffiyeh_0_3.png
Warhorse 0.3%,https://imperator-server.onrender.com/storage-proxy/gift_assets/symbols/Warhorse_0_3.png
Glasses 0.3%,https://imperator-server.onrender.com/storage-proxy/gift_assets/symbols/Glasses_0_3.png
Lotus Flower 0.2%,https://imperator-server.onrender.com/storage-proxy/gift_assets/symbols/Lotus_Flower_0_2.png
Elf Hat 0.3%,https://imperator-server.onrender.com/storage-proxy/gift_assets/symbols/Elf_Hat_0_3.png
Toy Bucket 0.4%,https://imperator-server.onrender.com/storage-proxy/gift_assets/symbols/Toy_Bucket_0_4.png
Polar Bear 0.5%,https://imperator-server.onrender.com/storage-proxy/gift_assets/symbols/Polar_Bear_0_5.png
Bamboo 0.5%,https://imperator-server.onrender.com/storage-proxy/gift_assets/symbols/Bamboo_0_5.png
Duck Face 0.2%,https://imperator-server.onrender.com/storage-proxy/gift_assets/symbols/Duck_Face_0_2.png
Winter Hat 0.1%,https://imperator-server.onrender.com/storage-proxy/gift_assets/symbols/Winter_Hat_0_1.png
Skull 0.5%,https://imperator-server.onrender.com/storage-proxy/gift_assets/symbols/Skull_0_5.png
Jellyfish 0.5%,https://imperator-server.onrender.com/storage-proxy/gift_assets/symbols/Jellyfish_0_5.png
Turtle 0.5%,https://imperator-server.onrender.com/storage-proxy/gift_assets/symbols/Turtle_0_5.png
Gua Pi Mao 0.5%,https://imperator-server.onrender.com/storage-proxy/gift_assets/symbols/Gua_Pi_Mao_0_5.png
Coonskin Cap 0.4%,https://imperator-server.onrender.com/storage-proxy/gift_assets/symbols/Coonskin_Cap_0_4.png
Tricorne 0.5%,https://imperator-server.onrender.com/storage-proxy/gift_assets/symbols/Tricorne_0_5.png
Toilet 0.5%,https://imperator-server.onrender.com/storage-proxy/gift_assets/symbols/Toilet_0_5.png
Bobby Helmet 0.5%,https://imperator-server.onrender.com/storage-proxy/gift_assets/symbols/Bobby_Helmet_0_5.png
Ramen 0.2%,https://imperator-server.onrender.com/storage-proxy/gift_assets/symbols/Ramen_0_2.png
Fedora 0.3%,https://imperator-server.onrender.com/storage-proxy/gift_assets/symbols/Fedora_0_3.png
Mountain Goat 0.3%,https://imperator-server.onrender.com/storage-proxy/gift_assets/symbols/Mountain_Goat_0_3.png
Tie 0.3%,https://imperator-server.onrender.com/storage-proxy/gift_assets/symbols/Tie_0_3.png
Tetsubin 0.4%,https://imperator-server.onrender.com/storage-proxy/gift_assets/symbols/Tetsubin_0_4.png
Mustang 0.4%,https://imperator-server.onrender.com/storage-proxy/gift_assets/symbols/Mustang_0_4.png
Sakura 0.3%,https://imperator-server.onrender.com/storage-proxy/gift_assets/symbols/Sakura_0_3.png
Ribeye Steak 0.5%,https://imperator-server.onrender.com/storage-proxy/gift_assets/symbols/Ribeye_Steak_0_5.png
Baseball Cap 0.3%,https://imperator-server.onrender.com/storage-proxy/gift_assets/symbols/Baseball_Cap_0_3.png
Beanie 0.2%,https://imperator-server.onrender.com/storage-proxy/gift_assets/symbols/Beanie_0_2.png
Mining Helmet 0.5%,https://imperator-server.onrender.com/storage-proxy/gift_assets/symbols/Mining_Helmet_0_5.png
Tsunami 0.1%,https://imperator-server.onrender.com/storage-proxy/gift_assets/symbols/Tsunami_0_1.png
Genie Lamp 0.3%,https://imperator-server.onrender.com/storage-proxy/gift_assets/symbols/Genie_Lamp_0_3.png
Flamingo 0.3%,https://imperator-server.onrender.com/storage-proxy/gift_assets/symbols/Flamingo_0_3.png
Fireman Hat 0.2%,https://imperator-server.onrender.com/storage-proxy/gift_assets/symbols/Fireman_Hat_0_2.png
Knight 0.3%,https://imperator-server.onrender.com/storage-proxy/gift_assets/symbols/Knight_0_3.png
Bunny Ears 0.5%,https://imperator-server.onrender.com/storage-proxy/gift_assets/symbols/Bunny_Ears_0_5.png
Cobra 0.5%,https://imperator-server.onrender.com/storage-proxy/gift_assets/symbols/Cobra_0_5.png
Moon Eagle 0.5%,https://imperator-server.onrender.com/storage-proxy/gift_assets/symbols/Moon_Eagle_0_5.png
Fehu Rune 0.5%,https://imperator-server.onrender.com/storage-proxy/gift_assets/symbols/Fehu_Rune_0_5.png
All-Seeing Eye 0.3%,https://imperator-server.onrender.com/storage-proxy/gift_assets/symbols/All-Seeing_Eye_0_3.png
Apple 0.4%,https://imperator-server.onrender.com/storage-proxy/gift_assets/symbols/Apple_0_4.png
Cat Mask 0.2%,https://imperator-server.onrender.com/storage-proxy/gift_assets/symbols/Cat_Mask_0_2.png
Crystal Ball 0.3%,https://imperator-server.onrender.com/storage-proxy/gift_assets/symbols/Crystal_Ball_0_3.png
Pyramid 0.2%,https://imperator-server.onrender.com/storage-proxy/gift_assets/symbols/Pyramid_0_2.png
Propeller Cap 0.3%,https://imperator-server.onrender.com/storage-proxy/gift_assets/symbols/Propeller_Cap_0_3.png
Ice Cream 0.3%,https://imperator-server.onrender.com/storage-proxy/gift_assets/symbols/Ice_Cream_0_3.png
Police Hat 0.2%,https://imperator-server.onrender.com/storage-proxy/gift_assets/symbols/Police_Hat_0_2.png
Gem 0.3%,https://imperator-server.onrender.com/storage-proxy/gift_assets/symbols/Gem_0_3.png
Moon 0.3%,https://imperator-server.onrender.com/storage-proxy/gift_assets/symbols/Moon_0_3.png
Kitty Cat 0.6%,https://imperator-server.onrender.com/storage-proxy/gift_assets/symbols/Kitty_Cat_0_6.png
Cupcake 0.6%,https://imperator-server.onrender.com/storage-proxy/gift_assets/symbols/Cupcake_0_6.png
Ring 0.6%,https://imperator-server.onrender.com/storage-proxy/gift_assets/symbols/Ring_0_6.png
Plum 0.6%,https://imperator-server.onrender.com/storage-proxy/gift_assets/symbols/Plum_0_6.png
Butterfly 1%,https://imperator-server.onrender.com/storage-proxy/gift_assets/symbols/Butterfly_1.png
Viking 0.4%,https://imperator-server.onrender.com/storage-proxy/gift_assets/symbols/Viking_0_4.png
Patched Heart 0.4%,https://imperator-server.onrender.com/storage-proxy/gift_assets/symbols/Patched_Heart_0_4.png
Shooting Star 0.6%,https://imperator-server.onrender.com/storage-proxy/gift_assets/symbols/Shooting_Star_0_6.png
Moose Head 0.4%,https://imperator-server.onrender.com/storage-proxy/gift_assets/symbols/Moose_Head_0_4.png
Romantic Cake 0.6%,https://imperator-server.onrender.com/storage-proxy/gift_assets/symbols/Romantic_Cake_0_6.png
Sea Horse 0.4%,https://imperator-server.onrender.com/storage-proxy/gift_assets/symbols/Sea_Horse_0_4.png
Lovely Rain 1%,https://imperator-server.onrender.com/storage-proxy/gift_assets/symbols/Lovely_Rain_1.png
Bow Tie 0.6%,https://imperator-server.onrender.com/storage-proxy/gift_assets/symbols/Bow_Tie_0_6.png
Grape 1%,https://imperator-server.onrender.com/storage-proxy/gift_assets/symbols/Grape_1.png
Love Dove 0.6%,https://imperator-server.onrender.com/storage-proxy/gift_assets/symbols/Love_Dove_0_6.png
Water Drops 1%,https://imperator-server.onrender.com/storage-proxy/gift_assets/symbols/Water_Drops_1.png
Carambola 0.6%,https://imperator-server.onrender.com/storage-proxy/gift_assets/symbols/Carambola_0_6.png
Napkins 0.6%,https://imperator-server.onrender.com/storage-proxy/gift_assets/symbols/Napkins_0_6.png
Heart 0.6%,https://imperator-server.onrender.com/storage-proxy/gift_assets/symbols/Heart_0_6.png
Tulip 0.6%,https://imperator-server.onrender.com/storage-proxy/gift_assets/symbols/Tulip_0_6.png
Cunning Fox 0.6%,https://imperator-server.onrender.com/storage-proxy/gift_assets/symbols/Cunning_Fox_0_6.png
Love Lock 0.4%,https://imperator-server.onrender.com/storage-proxy/gift_assets/symbols/Love_Lock_0_4.png
Broken Heart 0.6%,https://imperator-server.onrender.com/storage-proxy/gift_assets/symbols/Broken_Heart_0_6.png
Lovely Rose 0.6%,https://imperator-server.onrender.com/storage-proxy/gift_assets/symbols/Lovely_Rose_0_6.png
Loving Heart 1%,https://imperator-server.onrender.com/storage-proxy/gift_assets/symbols/Loving_Heart_1.png
Blossom 0.6%,https://imperator-server.onrender.com/storage-proxy/gift_assets/symbols/Blossom_0_6.png
Amour Scoops 1%,https://imperator-server.onrender.com/storage-proxy/gift_assets/symbols/Amour_Scoops_1.png
Heartbeat 0.4%,https://imperator-server.onrender.com/storage-proxy/gift_assets/symbols/Heartbeat_0_4.png
Passion Latte 1%,https://imperator-server.onrender.com/storage-proxy/gift_assets/symbols/Passion_Latte_1.png
Seahorse 0.4%,https://imperator-server.onrender.com/storage-proxy/gift_assets/symbols/Seahorse_0_4.png
Chili 0.6%,https://imperator-server.onrender.com/storage-proxy/gift_assets/symbols/Chili_0_6.png
Love Letter 0.6%,https://imperator-server.onrender.com/storage-proxy/gift_assets/symbols/Love_Letter_0_6.png
Tribal Shield 0.4%,https://imperator-server.onrender.com/storage-proxy/gift_assets/symbols/Tribal_Shield_0_4.png
Spider Web 0.5%,https://imperator-server.onrender.com/storage-proxy/gift_assets/symbols/Spider_Web_0_5.png
Chocolate 0.6%,https://imperator-server.onrender.com/storage-proxy/gift_assets/symbols/Chocolate_0_6.png
Fire 1%,https://imperator-server.onrender.com/storage-proxy/gift_assets/symbols/Fire_1.png
Candle 0.6%,https://imperator-server.onrender.com/storage-proxy/gift_assets/symbols/Candle_0_6.png
Pear 0.6%,https://imperator-server.onrender.com/storage-proxy/gift_assets/symbols/Pear_0_6.png
Flirty Message 1%,https://imperator-server.onrender.com/storage-proxy/gift_assets/symbols/Flirty_Message_1.png
Plume 0.6%,https://imperator-server.onrender.com/storage-proxy/gift_assets/symbols/Plume_0_6.png
Key 0.6%,https://imperator-server.onrender.com/storage-proxy/gift_assets/symbols/Key_0_6.png
Lovely Bra 0.6%,https://imperator-server.onrender.com/storage-proxy/gift_assets/symbols/Lovely_Bra_0_6.png
Lovebirds 0.6%,https://imperator-server.onrender.com/storage-proxy/gift_assets/symbols/Lovebirds_0_6.png
Diamond 0.6%,https://imperator-server.onrender.com/storage-proxy/gift_assets/symbols/Diamond_0_6.png
Loveberry 0.4%,https://imperator-server.onrender.com/storage-proxy/gift_assets/symbols/Loveberry_0_4.png
Bunny 1%,https://imperator-server.onrender.com/storage-proxy/gift_assets/symbols/Bunny_1.png
Lips 0.6%,https://imperator-server.onrender.com/storage-proxy/gift_assets/symbols/Lips_0_6.png
Anchor 0.5%,https://imperator-server.onrender.com/storage-proxy/gift_assets/symbols/Anchor_0_5.png
Star Crown 0.6%,https://imperator-server.onrender.com/storage-proxy/gift_assets/symbols/Star_Crown_0_6.png
Guitar 0.2%,https://imperator-server.onrender.com/storage-proxy/gift_assets/symbols/Guitar_0_2.png
Venetian Mask 1%,https://imperator-server.onrender.com/storage-proxy/gift_assets/symbols/Venetian_Mask_1.png
Narcissus 1%,https://imperator-server.onrender.com/storage-proxy/gift_assets/symbols/Narcissus_1.png
Musical Note 0.5%,https://imperator-server.onrender.com/storage-proxy/gift_assets/symbols/Musical_Note_0_5.png
Aubergine 0.4%,https://imperator-server.onrender.com/storage-proxy/gift_assets/symbols/Aubergine_0_4.png
Pearl 0.6%,https://imperator-server.onrender.com/storage-proxy/gift_assets/symbols/Pearl_0_6.png
Cupid’s Arrow 1%,https://imperator-server.onrender.com/storage-proxy/gift_assets/symbols/Cupid_s_Arrow_1.png
Sweets Box 0.6%,https://imperator-server.onrender.com/storage-proxy/gift_assets/symbols/Sweets_Box_0_6.png
Bone 0.4%,https://imperator-server.onrender.com/storage-proxy/gift_assets/symbols/Bone_0_4.png
Padlock 0.4%,https://imperator-server.onrender.com/storage-proxy/gift_assets/symbols/Padlock_0_4.png
Eagle 0.5%,https://imperator-server.onrender.com/storage-proxy/gift_assets/symbols/Eagle_0_5.png
Fluffy Wolf 0.4%,https://imperator-server.onrender.com/storage-proxy/gift_assets/symbols/Fluffy_Wolf_0_4.png
Coffee Bean 0.5%,https://imperator-server.onrender.com/storage-proxy/gift_assets/symbols/Coffee_Bean_0_5.png
Flying Heart 0.6%,https://imperator-server.onrender.com/storage-proxy/gift_assets/symbols/Flying_Heart_0_6.png
Melon 0.4%,https://imperator-server.onrender.com/storage-proxy/gift_assets/symbols/Melon_0_4.png
Fleur-de-lis 1%,https://imperator-server.onrender.com/storage-proxy/gift_assets/symbols/Fleur-de-lis_1.png
Lovely Key 1%,https://imperator-server.onrender.com/storage-proxy/gift_assets/symbols/Lovely_Key_1.png
Heart Balloon 0.6%,https://imperator-server.onrender.com/storage-proxy/gift_assets/symbols/Heart_Balloon_0_6.png
Lily 0.6%,https://imperator-server.onrender.com/storage-proxy/gift_assets/symbols/Lily_0_6.png
Lingerie 0.6%,https://imperator-server.onrender.com/storage-proxy/gift_assets/symbols/Lingerie_0_6.png
Apple 0.6%,https://imperator-server.onrender.com/storage-proxy/gift_assets/symbols/Apple_0_6.png
Heart Shades 0.6%,https://imperator-server.onrender.com/storage-proxy/gift_assets/symbols/Heart_Shades_0_6.png
Flower Tulip 1%,https://imperator-server.onrender.com/storage-proxy/gift_assets/symbols/Flower_Tulip_1.png
Strawberry 0.6%,https://imperator-server.onrender.com/storage-proxy/gift_assets/symbols/Strawberry_0_6.png
Ghost 0.2%,https://imperator-server.onrender.com/storage-proxy/gift_assets/symbols/Ghost_0_2.png
Stilettos 1%,https://imperator-server.onrender.com/storage-proxy/gift_assets/symbols/Stilettos_1.png
Double Bed 1%,https://imperator-server.onrender.com/storage-proxy/gift_assets/symbols/Double_Bed_1.png
UFO 0.5%,https://imperator-server.onrender.com/storage-proxy/gift_assets/symbols/UFO_0_5.png
Cherry 0.6%,https://imperator-server.onrender.com/storage-proxy/gift_assets/symbols/Cherry_0_6.png
Cupid 0.6%,https://imperator-server.onrender.com/storage-proxy/gift_assets/symbols/Cupid_0_6.png
Pyramid 0.6%,https://imperator-server.onrender.com/storage-proxy/gift_assets/symbols/Pyramid_0_6.png
Mountain Goat 0.4%,https://imperator-server.onrender.com/storage-proxy/gift_assets/symbols/Mountain_Goat_0_4.png
Shiny Heart 1%,https://imperator-server.onrender.com/storage-proxy/gift_assets/symbols/Shiny_Heart_1.png
Gift Box 1%,https://imperator-server.onrender.com/storage-proxy/gift_assets/symbols/Gift_Box_1.png
Rabbit 0.4%,https://imperator-server.onrender.com/storage-proxy/gift_assets/symbols/Rabbit_0_4.png
Cursor 0.5%,https://imperator-server.onrender.com/storage-proxy/gift_assets/symbols/Cursor_0_5.png
Lovely Kiss 0.4%,https://imperator-server.onrender.com/storage-proxy/gift_assets/symbols/Lovely_Kiss_0_4.png
Bunny Ears 1%,https://imperator-server.onrender.com/storage-proxy/gift_assets/symbols/Bunny_Ears_1.png
Fish 0.5%,https://imperator-server.onrender.com/storage-proxy/gift_assets/symbols/Fish_0_5.png
Potion 0.5%,https://imperator-server.onrender.com/storage-proxy/gift_assets/symbols/Potion_0_5.png
Ouroboros 0.2%,https://imperator-server.onrender.com/storage-proxy/gift_assets/symbols/Ouroboros_0_2.png
Cat Mask 0.6%,https://imperator-server.onrender.com/storage-proxy/gift_assets/symbols/Cat_Mask_0_6.png
Dessert 0.6%,https://imperator-server.onrender.com/storage-proxy/gift_assets/symbols/Dessert_0_6.png
Sunflower 0.4%,https://imperator-server.onrender.com/storage-proxy/gift_assets/symbols/Sunflower_0_4.png
Top Hat 0.6%,https://imperator-server.onrender.com/storage-proxy/gift_assets/symbols/Top_Hat_0_6.png
Sakura 0.6%,https://imperator-server.onrender.com/storage-proxy/gift_assets/symbols/Sakura_0_6.png
Cute Bear 1%,https://imperator-server.onrender.com/storage-proxy/gift_assets/symbols/Cute_Bear_1.png
Boat 0.5%,https://imperator-server.onrender.com/storage-proxy/gift_assets/symbols/Boat_0_5.png
Flower 0.6%,https://imperator-server.onrender.com/storage-proxy/gift_assets/symbols/Flower_0_6.png
Coin 0.4%,https://imperator-server.onrender.com/storage-proxy/gift_assets/symbols/Coin_0_4.png
Candy 0.4%,https://imperator-server.onrender.com/storage-proxy/gift_assets/symbols/Candy_0_4.png
Watermelon 0.6%,https://imperator-server.onrender.com/storage-proxy/gift_assets/symbols/Watermelon_0_6.png
Sparks 2.4%,https://imperator-server.onrender.com/storage-proxy/gift_assets/symbols/Sparks_2_4.png
Chest 2.4%,https://imperator-server.onrender.com/storage-proxy/gift_assets/symbols/Chest_2_4.png
Shooting Star 2.4%,https://imperator-server.onrender.com/storage-proxy/gift_assets/symbols/Shooting_Star_2_4.png
Festive Wreath 2%,https://imperator-server.onrender.com/storage-proxy/gift_assets/symbols/Festive_Wreath_2.png
Snow Angel 1.6%,https://imperator-server.onrender.com/storage-proxy/gift_assets/symbols/Snow_Angel_1_6.png
Snowman 2.4%,https://imperator-server.onrender.com/storage-proxy/gift_assets/symbols/Snowman_2_4.png
Jingle Bell 2.4%,https://imperator-server.onrender.com/storage-proxy/gift_assets/symbols/Jingle_Bell_2_4.png
Eikthyrnir 2.4%,https://imperator-server.onrender.com/storage-proxy/gift_assets/symbols/Eikthyrnir_2_4.png
Christmas Tree 2.4%,https://imperator-server.onrender.com/storage-proxy/gift_assets/symbols/Christmas_Tree_2_4.png
Rudolph 2.4%,https://imperator-server.onrender.com/storage-proxy/gift_assets/symbols/Rudolph_2_4.png
Cookie 2.4%,https://imperator-server.onrender.com/storage-proxy/gift_assets/symbols/Cookie_2_4.png
Tulip 0.2%,https://imperator-server.onrender.com/storage-proxy/gift_assets/symbols/Tulip_0_2.png
Dessert 2.4%,https://imperator-server.onrender.com/storage-proxy/gift_assets/symbols/Dessert_2_4.png
Snowflake 1.6%,https://imperator-server.onrender.com/storage-proxy/gift_assets/symbols/Snowflake_1_6.png
Cupcake 2.4%,https://imperator-server.onrender.com/storage-proxy/gift_assets/symbols/Cupcake_2_4.png
White Deer 2%,https://imperator-server.onrender.com/storage-proxy/gift_assets/symbols/White_Deer_2.png
Mittens 2.4%,https://imperator-server.onrender.com/storage-proxy/gift_assets/symbols/Mittens_2_4.png
Bowtie 2.4%,https://imperator-server.onrender.com/storage-proxy/gift_assets/symbols/Bowtie_2_4.png
New Year’s Eve 2.4%,https://imperator-server.onrender.com/storage-proxy/gift_assets/symbols/New_Year_s_Eve_2_4.png
Ice Pop 2.4%,https://imperator-server.onrender.com/storage-proxy/gift_assets/symbols/Ice_Pop_2_4.png
Cocktail 2.4%,https://imperator-server.onrender.com/storage-proxy/gift_assets/symbols/Cocktail_2_4.png
Aztec Totem 0.2%,https://imperator-server.onrender.com/storage-proxy/gift_assets/symbols/Aztec_Totem_0_2.png
Shell 0.2%,https://imperator-server.onrender.com/storage-proxy/gift_assets/symbols/Shell_0_2.png
Mistletoe 2%,https://imperator-server.onrender.com/storage-proxy/gift_assets/symbols/Mistletoe_2.png
Gift Box 1.6%,https://imperator-server.onrender.com/storage-proxy/gift_assets/symbols/Gift_Box_1_6.png
Coin Purse 2%,https://imperator-server.onrender.com/storage-proxy/gift_assets/symbols/Coin_Purse_2.png
Star 1.6%,https://imperator-server.onrender.com/storage-proxy/gift_assets/symbols/Star_1_6.png
Hot Drink 2.4%,https://imperator-server.onrender.com/storage-proxy/gift_assets/symbols/Hot_Drink_2_4.png
Stocking 2%,https://imperator-server.onrender.com/storage-proxy/gift_assets/symbols/Stocking_2.png
Champagne 1.6%,https://imperator-server.onrender.com/storage-proxy/gift_assets/symbols/Champagne_1_6.png
Crusader Cross 0.2%,https://imperator-server.onrender.com/storage-proxy/gift_assets/symbols/Crusader_Cross_0_2.png
Onigiri 0.2%,https://imperator-server.onrender.com/storage-proxy/gift_assets/symbols/Onigiri_0_2.png
Obon Lantern 0.2%,https://imperator-server.onrender.com/storage-proxy/gift_assets/symbols/Obon_Lantern_0_2.png
Gingerbread 1.6%,https://imperator-server.onrender.com/storage-proxy/gift_assets/symbols/Gingerbread_1_6.png
Santa Hat 2.4%,https://imperator-server.onrender.com/storage-proxy/gift_assets/symbols/Santa_Hat_2_4.png
Candy 1.6%,https://imperator-server.onrender.com/storage-proxy/gift_assets/symbols/Candy_1_6.png
Ice Skates 2.4%,https://imperator-server.onrender.com/storage-proxy/gift_assets/symbols/Ice_Skates_2_4.png
Piggy Bank 2%,https://imperator-server.onrender.com/storage-proxy/gift_assets/symbols/Piggy_Bank_2.png
Inguz Rune 0.2%,https://imperator-server.onrender.com/storage-proxy/gift_assets/symbols/Inguz_Rune_0_2.png
Candle 1.6%,https://imperator-server.onrender.com/storage-proxy/gift_assets/symbols/Candle_1_6.png
Fireworks 2%,https://imperator-server.onrender.com/storage-proxy/gift_assets/symbols/Fireworks_2.png
Ornament 1.6%,https://imperator-server.onrender.com/storage-proxy/gift_assets/symbols/Ornament_1_6.png
Jewel 0.2%,https://imperator-server.onrender.com/storage-proxy/gift_assets/symbols/Jewel_0_2.png
Bow Tie 0.2%,https://imperator-server.onrender.com/storage-proxy/gift_assets/symbols/Bow_Tie_0_2.png
Magic Wand 1.6%,https://imperator-server.onrender.com/storage-proxy/gift_assets/symbols/Magic_Wand_1_6.png
Winter House 2.4%,https://imperator-server.onrender.com/storage-proxy/gift_assets/symbols/Winter_House_2_4.png
Nordic Wolf 2%,https://imperator-server.onrender.com/storage-proxy/gift_assets/symbols/Nordic_Wolf_2.png
Deerstalker 0.2%,https://imperator-server.onrender.com/storage-proxy/gift_assets/symbols/Deerstalker_0_2.png
Tribal Shield 0.2%,https://imperator-server.onrender.com/storage-proxy/gift_assets/symbols/Tribal_Shield_0_2.png
Fried Egg 0.2%,https://imperator-server.onrender.com/storage-proxy/gift_assets/symbols/Fried_Egg_0_2.png
Wontons 0.2%,https://imperator-server.onrender.com/storage-proxy/gift_assets/symbols/Wontons_0_2.png
Divine Falcon 0.2%,https://imperator-server.onrender.com/storage-proxy/gift_assets/symbols/Divine_Falcon_0_2.png
Visor 0.2%,https://imperator-server.onrender.com/storage-proxy/gift_assets/symbols/Visor_0_2.png
Plum 0.2%,https://imperator-server.onrender.com/storage-proxy/gift_assets/symbols/Plum_0_2.png
Book 0.2%,https://imperator-server.onrender.com/storage-proxy/gift_assets/symbols/Book_0_2.png
Tricorne 0.2%,https://imperator-server.onrender.com/storage-proxy/gift_assets/symbols/Tricorne_0_2.png
Oculus 0.2%,https://imperator-server.onrender.com/storage-proxy/gift_assets/symbols/Oculus_0_2.png
Gem 0.2%,https://imperator-server.onrender.com/storage-proxy/gift_assets/symbols/Gem_0_2.png
Golden Scarab 0.2%,https://imperator-server.onrender.com/storage-proxy/gift_assets/symbols/Golden_Scarab_0_2.png
Horned Helm 0.2%,https://imperator-server.onrender.com/storage-proxy/gift_assets/symbols/Horned_Helm_0_2.png
War Bonnet 0.2%,https://imperator-server.onrender.com/storage-proxy/gift_assets/symbols/War_Bonnet_0_2.png
Mask 0.2%,https://imperator-server.onrender.com/storage-proxy/gift_assets/symbols/Mask_0_2.png
Celtic Wolf 0.2%,https://imperator-server.onrender.com/storage-proxy/gift_assets/symbols/Celtic_Wolf_0_2.png
Greek Helmet 0.2%,https://imperator-server.onrender.com/storage-proxy/gift_assets/symbols/Greek_Helmet_0_2.png
Carrot 0.2%,https://imperator-server.onrender.com/storage-proxy/gift_assets/symbols/Carrot_0_2.png
Pirate Hat 0.2%,https://imperator-server.onrender.com/storage-proxy/gift_assets/symbols/Pirate_Hat_0_2.png
Press Hat 0.2%,https://imperator-server.onrender.com/storage-proxy/gift_assets/symbols/Press_Hat_0_2.png
Sun Mountain 0.4%,https://imperator-server.onrender.com/storage-proxy/gift_assets/symbols/Sun_Mountain_0_4.png
Yin-Yang 0.3%,https://imperator-server.onrender.com/storage-proxy/gift_assets/symbols/Yin-Yang_0_3.png
Takoyaki 0.2%,https://imperator-server.onrender.com/storage-proxy/gift_assets/symbols/Takoyaki_0_2.png
Viking Shield 0.3%,https://imperator-server.onrender.com/storage-proxy/gift_assets/symbols/Viking_Shield_0_3.png
Oak Leaf 0.3%,https://imperator-server.onrender.com/storage-proxy/gift_assets/symbols/Oak_Leaf_0_3.png
Love Lock 0.3%,https://imperator-server.onrender.com/storage-proxy/gift_assets/symbols/Love_Lock_0_3.png
Smartphone 0.3%,https://imperator-server.onrender.com/storage-proxy/gift_assets/symbols/Smartphone_0_3.png
Conch 0.4%,https://imperator-server.onrender.com/storage-proxy/gift_assets/symbols/Conch_0_4.png
Sunflower 0.2%,https://imperator-server.onrender.com/storage-proxy/gift_assets/symbols/Sunflower_0_2.png
Visor 0.4%,https://imperator-server.onrender.com/storage-proxy/gift_assets/symbols/Visor_0_4.png
Chick 0.3%,https://imperator-server.onrender.com/storage-proxy/gift_assets/symbols/Chick_0_3.png
Straw Hat 0.4%,https://imperator-server.onrender.com/storage-proxy/gift_assets/symbols/Straw_Hat_0_4.png
Lemon 0.4%,https://imperator-server.onrender.com/storage-proxy/gift_assets/symbols/Lemon_0_4.png
Star Crown 0.4%,https://imperator-server.onrender.com/storage-proxy/gift_assets/symbols/Star_Crown_0_4.png
Jörmungandr 0.3%,https://imperator-server.onrender.com/storage-proxy/gift_assets/symbols/Jo_rmungandr_0_3.png
Egg 0.4%,https://imperator-server.onrender.com/storage-proxy/gift_assets/symbols/Egg_0_4.png
Sakura Flower 0.4%,https://imperator-server.onrender.com/storage-proxy/gift_assets/symbols/Sakura_Flower_0_4.png
Doghouse 0.3%,https://imperator-server.onrender.com/storage-proxy/gift_assets/symbols/Doghouse_0_3.png
Cash 0.3%,https://imperator-server.onrender.com/storage-proxy/gift_assets/symbols/Cash_0_3.png
Shooting Star 0.3%,https://imperator-server.onrender.com/storage-proxy/gift_assets/symbols/Shooting_Star_0_3.png
Obon Lantern 0.4%,https://imperator-server.onrender.com/storage-proxy/gift_assets/symbols/Obon_Lantern_0_4.png
PC Mouse 0.4%,https://imperator-server.onrender.com/storage-proxy/gift_assets/symbols/PC_Mouse_0_4.png
Hard Hat 0.4%,https://imperator-server.onrender.com/storage-proxy/gift_assets/symbols/Hard_Hat_0_4.png
Galaxy 0.3%,https://imperator-server.onrender.com/storage-proxy/gift_assets/symbols/Galaxy_0_3.png
La Corona 0.4%,https://imperator-server.onrender.com/storage-proxy/gift_assets/symbols/La_Corona_0_4.png
Sumerian Bird 0.4%,https://imperator-server.onrender.com/storage-proxy/gift_assets/symbols/Sumerian_Bird_0_4.png
Ring 0.4%,https://imperator-server.onrender.com/storage-proxy/gift_assets/symbols/Ring_0_4.png
Strawberry 0.2%,https://imperator-server.onrender.com/storage-proxy/gift_assets/symbols/Strawberry_0_2.png
Musical Note 0.3%,https://imperator-server.onrender.com/storage-proxy/gift_assets/symbols/Musical_Note_0_3.png
Leaf 0.3%,https://imperator-server.onrender.com/storage-proxy/gift_assets/symbols/Leaf_0_3.png
Bearskin 0.3%,https://imperator-server.onrender.com/storage-proxy/gift_assets/symbols/Bearskin_0_3.png
Fried Egg 0.3%,https://imperator-server.onrender.com/storage-proxy/gift_assets/symbols/Fried_Egg_0_3.png
Hot Matcha 0.3%,https://imperator-server.onrender.com/storage-proxy/gift_assets/symbols/Hot_Matcha_0_3.png
Sword Fight 0.3%,https://imperator-server.onrender.com/storage-proxy/gift_assets/symbols/Sword_Fight_0_3.png
Bonsai 0.3%,https://imperator-server.onrender.com/storage-proxy/gift_assets/symbols/Bonsai_0_3.png
Serpent 0.4%,https://imperator-server.onrender.com/storage-proxy/gift_assets/symbols/Serpent_0_4.png
Wasp 0.4%,https://imperator-server.onrender.com/storage-proxy/gift_assets/symbols/Wasp_0_4.png
Ice Pop 0.3%,https://imperator-server.onrender.com/storage-proxy/gift_assets/symbols/Ice_Pop_0_3.png
Sun 0.3%,https://imperator-server.onrender.com/storage-proxy/gift_assets/symbols/Sun_0_3.png
Spring Chick 0.3%,https://imperator-server.onrender.com/storage-proxy/gift_assets/symbols/Spring_Chick_0_3.png
Twin Peaks 0.4%,https://imperator-server.onrender.com/storage-proxy/gift_assets/symbols/Twin_Peaks_0_4.png
Sailor Hat 0.2%,https://imperator-server.onrender.com/storage-proxy/gift_assets/symbols/Sailor_Hat_0_2.png
Ushanka 0.2%,https://imperator-server.onrender.com/storage-proxy/gift_assets/symbols/Ushanka_0_2.png
Trickster Fox 0.3%,https://imperator-server.onrender.com/storage-proxy/gift_assets/symbols/Trickster_Fox_0_3.png
Robin Hood 0.4%,https://imperator-server.onrender.com/storage-proxy/gift_assets/symbols/Robin_Hood_0_4.png
Morgenstern 0.4%,https://imperator-server.onrender.com/storage-proxy/gift_assets/symbols/Morgenstern_0_4.png
Royal Turban 0.4%,https://imperator-server.onrender.com/storage-proxy/gift_assets/symbols/Royal_Turban_0_4.png
Paper Crane 0.3%,https://imperator-server.onrender.com/storage-proxy/gift_assets/symbols/Paper_Crane_0_3.png
Paschal Lamb 0.3%,https://imperator-server.onrender.com/storage-proxy/gift_assets/symbols/Paschal_Lamb_0_3.png
Dessert 0.4%,https://imperator-server.onrender.com/storage-proxy/gift_assets/symbols/Dessert_0_4.png
Conical Hat 0.4%,https://imperator-server.onrender.com/storage-proxy/gift_assets/symbols/Conical_Hat_0_4.png
Toilet Paper 0.3%,https://imperator-server.onrender.com/storage-proxy/gift_assets/symbols/Toilet_Paper_0_3.png
Spellbook 0.3%,https://imperator-server.onrender.com/storage-proxy/gift_assets/symbols/Spellbook_0_3.png
Shuriken 0.4%,https://imperator-server.onrender.com/storage-proxy/gift_assets/symbols/Shuriken_0_4.png
Thor Hammer 0.4%,https://imperator-server.onrender.com/storage-proxy/gift_assets/symbols/Thor_Hammer_0_4.png
Shield 0.3%,https://imperator-server.onrender.com/storage-proxy/gift_assets/symbols/Shield_0_3.png
Trinity Knot 0.3%,https://imperator-server.onrender.com/storage-proxy/gift_assets/symbols/Trinity_Knot_0_3.png
Planet 0.3%,https://imperator-server.onrender.com/storage-proxy/gift_assets/symbols/Planet_0_3.png
Grenade 0.3%,https://imperator-server.onrender.com/storage-proxy/gift_assets/symbols/Grenade_0_3.png
Tiki Mask 0.3%,https://imperator-server.onrender.com/storage-proxy/gift_assets/symbols/Tiki_Mask_0_3.png
Basketball 0.3%,https://imperator-server.onrender.com/storage-proxy/gift_assets/symbols/Basketball_0_3.png
Turban 0.4%,https://imperator-server.onrender.com/storage-proxy/gift_assets/symbols/Turban_0_4.png
Doctor Hat 0.4%,https://imperator-server.onrender.com/storage-proxy/gift_assets/symbols/Doctor_Hat_0_4.png
Wepwawet 0.4%,https://imperator-server.onrender.com/storage-proxy/gift_assets/symbols/Wepwawet_0_4.png
Sleepy Unicorn 0.3%,https://imperator-server.onrender.com/storage-proxy/gift_assets/symbols/Sleepy_Unicorn_0_3.png
Press Hat 0.4%,https://imperator-server.onrender.com/storage-proxy/gift_assets/symbols/Press_Hat_0_4.png
Tooth 0.3%,https://imperator-server.onrender.com/storage-proxy/gift_assets/symbols/Tooth_0_3.png
Cat Mask 0.3%,https://imperator-server.onrender.com/storage-proxy/gift_assets/symbols/Cat_Mask_0_3.png
Crystal Ball 0.4%,https://imperator-server.onrender.com/storage-proxy/gift_assets/symbols/Crystal_Ball_0_4.png
Pyramid 0.3%,https://imperator-server.onrender.com/storage-proxy/gift_assets/symbols/Pyramid_0_3.png
Cowboy Hat 0.4%,https://imperator-server.onrender.com/storage-proxy/gift_assets/symbols/Cowboy_Hat_0_4.png
Pineapple 0.3%,https://imperator-server.onrender.com/storage-proxy/gift_assets/symbols/Pineapple_0_3.png
Baseball Cap 0.4%,https://imperator-server.onrender.com/storage-proxy/gift_assets/symbols/Baseball_Cap_0_4.png
Kite 0.3%,https://imperator-server.onrender.com/storage-proxy/gift_assets/symbols/Kite_0_3.png
Eye of Horus 0.3%,https://imperator-server.onrender.com/storage-proxy/gift_assets/symbols/Eye_of_Horus_0_3.png
Pearl 0.3%,https://imperator-server.onrender.com/storage-proxy/gift_assets/symbols/Pearl_0_3.png
Coat of Arms 0.4%,https://imperator-server.onrender.com/storage-proxy/gift_assets/symbols/Coat_of_Arms_0_4.png
Piñata 0.4%,https://imperator-server.onrender.com/storage-proxy/gift_assets/symbols/Pi_ata_0_4.png
Brain 0.3%,https://imperator-server.onrender.com/storage-proxy/gift_assets/symbols/Brain_0_3.png
Croissant 0.4%,https://imperator-server.onrender.com/storage-proxy/gift_assets/symbols/Croissant_0_4.png
Bandana 0.3%,https://imperator-server.onrender.com/storage-proxy/gift_assets/symbols/Bandana_0_3.png
Flashlight 0.4%,https://imperator-server.onrender.com/storage-proxy/gift_assets/symbols/Flashlight_0_4.png
Lovely Kiss 0.3%,https://imperator-server.onrender.com/storage-proxy/gift_assets/symbols/Lovely_Kiss_0_3.png
Ancient Urn 0.4%,https://imperator-server.onrender.com/storage-proxy/gift_assets/symbols/Ancient_Urn_0_4.png
Hazelnut 0.4%,https://imperator-server.onrender.com/storage-proxy/gift_assets/symbols/Hazelnut_0_4.png
Fez 0.3%,https://imperator-server.onrender.com/storage-proxy/gift_assets/symbols/Fez_0_3.png
Sauron 0.4%,https://imperator-server.onrender.com/storage-proxy/gift_assets/symbols/Sauron_0_4.png
Wreath 0.3%,https://imperator-server.onrender.com/storage-proxy/gift_assets/symbols/Wreath_0_3.png
Horned Helm 0.4%,https://imperator-server.onrender.com/storage-proxy/gift_assets/symbols/Horned_Helm_0_4.png
Love Letter 0.2%,https://imperator-server.onrender.com/storage-proxy/gift_assets/symbols/Love_Letter_0_2.png
Celtic Wolf 0.3%,https://imperator-server.onrender.com/storage-proxy/gift_assets/symbols/Celtic_Wolf_0_3.png
Candy 0.3%,https://imperator-server.onrender.com/storage-proxy/gift_assets/symbols/Candy_0_3.png
Winter Hat 0.4%,https://imperator-server.onrender.com/storage-proxy/gift_assets/symbols/Winter_Hat_0_4.png
Cavalier Hat 0.3%,https://imperator-server.onrender.com/storage-proxy/gift_assets/symbols/Cavalier_Hat_0_3.png
Magic Hat 0.4%,https://imperator-server.onrender.com/storage-proxy/gift_assets/symbols/Magic_Hat_0_4.png
Ram of Amun 0.2%,https://imperator-server.onrender.com/storage-proxy/gift_assets/symbols/Ram_of_Amun_0_2.png
Bobby Helmet 0.3%,https://imperator-server.onrender.com/storage-proxy/gift_assets/symbols/Bobby_Helmet_0_3.png
Lightning 0.3%,https://imperator-server.onrender.com/storage-proxy/gift_assets/symbols/Lightning_0_3.png
Jolly Roger 0.3%,https://imperator-server.onrender.com/storage-proxy/gift_assets/symbols/Jolly_Roger_0_3.png
Manta Ray 0.3%,https://imperator-server.onrender.com/storage-proxy/gift_assets/symbols/Manta_Ray_0_3.png
Mountain Lion 0.4%,https://imperator-server.onrender.com/storage-proxy/gift_assets/symbols/Mountain_Lion_0_4.png
Rhino Warrior 0.3%,https://imperator-server.onrender.com/storage-proxy/gift_assets/symbols/Rhino_Warrior_0_3.png
Peace Dove 0.3%,https://imperator-server.onrender.com/storage-proxy/gift_assets/symbols/Peace_Dove_0_3.png
Pegasus 0.4%,https://imperator-server.onrender.com/storage-proxy/gift_assets/symbols/Pegasus_0_4.png
Nordic Wolf 0.3%,https://imperator-server.onrender.com/storage-proxy/gift_assets/symbols/Nordic_Wolf_0_3.png
Puzzle 0.3%,https://imperator-server.onrender.com/storage-proxy/gift_assets/symbols/Puzzle_0_3.png
High Heels 0.3%,https://imperator-server.onrender.com/storage-proxy/gift_assets/symbols/High_Heels_0_3.png
Coconut 0.4%,https://imperator-server.onrender.com/storage-proxy/gift_assets/symbols/Coconut_0_4.png
Oculus 0.4%,https://imperator-server.onrender.com/storage-proxy/gift_assets/symbols/Oculus_0_4.png
Mining Helmet 0.4%,https://imperator-server.onrender.com/storage-proxy/gift_assets/symbols/Mining_Helmet_0_4.png
Watching Sun 0.3%,https://imperator-server.onrender.com/storage-proxy/gift_assets/symbols/Watching_Sun_0_3.png
Cricket Helmet 0.3%,https://imperator-server.onrender.com/storage-proxy/gift_assets/symbols/Cricket_Helmet_0_3.png
Shako 0.4%,https://imperator-server.onrender.com/storage-proxy/gift_assets/symbols/Shako_0_4.png
Tamagotchi 0.4%,https://imperator-server.onrender.com/storage-proxy/gift_assets/symbols/Tamagotchi_0_4.png
Viper 0.4%,https://imperator-server.onrender.com/storage-proxy/gift_assets/symbols/Viper_0_4.png
Crab 0.3%,https://imperator-server.onrender.com/storage-proxy/gift_assets/symbols/Crab_0_3.png
Origami 0.3%,https://imperator-server.onrender.com/storage-proxy/gift_assets/symbols/Origami_0_3.png
Monstera 0.3%,https://imperator-server.onrender.com/storage-proxy/gift_assets/symbols/Monstera_0_3.png
Crown 0.3%,https://imperator-server.onrender.com/storage-proxy/gift_assets/symbols/Crown_0_3.png
Inca Sun 0.3%,https://imperator-server.onrender.com/storage-proxy/gift_assets/symbols/Inca_Sun_0_3.png
Easter Egg 0.2%,https://imperator-server.onrender.com/storage-proxy/gift_assets/symbols/Easter_Egg_0_2.png
Turtle 0.3%,https://imperator-server.onrender.com/storage-proxy/gift_assets/symbols/Turtle_0_3.png
Elephant 0.3%,https://imperator-server.onrender.com/storage-proxy/gift_assets/symbols/Elephant_0_3.png
Alert Serpent 0.4%,https://imperator-server.onrender.com/storage-proxy/gift_assets/symbols/Alert_Serpent_0_4.png
Bunny Ears 0.3%,https://imperator-server.onrender.com/storage-proxy/gift_assets/symbols/Bunny_Ears_0_3.png
Mannaz Rune 0.3%,https://imperator-server.onrender.com/storage-proxy/gift_assets/symbols/Mannaz_Rune_0_3.png
Radar 0.3%,https://imperator-server.onrender.com/storage-proxy/gift_assets/symbols/Radar_0_3.png
Donut 0.2%,https://imperator-server.onrender.com/storage-proxy/gift_assets/symbols/Donut_0_2.png
Melon 0.3%,https://imperator-server.onrender.com/storage-proxy/gift_assets/symbols/Melon_0_3.png
Bowler Hat 0.4%,https://imperator-server.onrender.com/storage-proxy/gift_assets/symbols/Bowler_Hat_0_4.png
Peaked Cap 0.3%,https://imperator-server.onrender.com/storage-proxy/gift_assets/symbols/Peaked_Cap_0_3.png
Tsunami 0.2%,https://imperator-server.onrender.com/storage-proxy/gift_assets/symbols/Tsunami_0_2.png
Full Moon 0.3%,https://imperator-server.onrender.com/storage-proxy/gift_assets/symbols/Full_Moon_0_3.png
Teru Bōzu 0.4%,https://imperator-server.onrender.com/storage-proxy/gift_assets/symbols/Teru_B_zu_0_4.png
Golden Scarab 0.4%,https://imperator-server.onrender.com/storage-proxy/gift_assets/symbols/Golden_Scarab_0_4.png
Bicorne 0.3%,https://imperator-server.onrender.com/storage-proxy/gift_assets/symbols/Bicorne_0_3.png
Venetian Mask 0.3%,https://imperator-server.onrender.com/storage-proxy/gift_assets/symbols/Venetian_Mask_0_3.png
Red Deer 0.3%,https://imperator-server.onrender.com/storage-proxy/gift_assets/symbols/Red_Deer_0_3.png
Omusubi 0.4%,https://imperator-server.onrender.com/storage-proxy/gift_assets/symbols/Omusubi_0_4.png
Spider 0.3%,https://imperator-server.onrender.com/storage-proxy/gift_assets/symbols/Spider_0_3.png
Novus Ordo 0.2%,https://imperator-server.onrender.com/storage-proxy/gift_assets/symbols/Novus_Ordo_0_2.png
Wizard Hat 0.3%,https://imperator-server.onrender.com/storage-proxy/gift_assets/symbols/Wizard_Hat_0_3.png
Beer 0.5%,https://imperator-server.onrender.com/storage-proxy/gift_assets/symbols/Beer_0_5.png
Obon Lantern 0.5%,https://imperator-server.onrender.com/storage-proxy/gift_assets/symbols/Obon_Lantern_0_5.png
Horn 0.5%,https://imperator-server.onrender.com/storage-proxy/gift_assets/symbols/Horn_0_5.png
Bucket Hat 0.5%,https://imperator-server.onrender.com/storage-proxy/gift_assets/symbols/Bucket_Hat_0_5.png
Lemon 0.5%,https://imperator-server.onrender.com/storage-proxy/gift_assets/symbols/Lemon_0_5.png
Cupcake 0.2%,https://imperator-server.onrender.com/storage-proxy/gift_assets/symbols/Cupcake_0_2.png
Straw Hat 0.5%,https://imperator-server.onrender.com/storage-proxy/gift_assets/symbols/Straw_Hat_0_5.png
Ice Cream 0.5%,https://imperator-server.onrender.com/storage-proxy/gift_assets/symbols/Ice_Cream_0_5.png
Kudu Totem 0.5%,https://imperator-server.onrender.com/storage-proxy/gift_assets/symbols/Kudu_Totem_0_5.png
UFO 0.4%,https://imperator-server.onrender.com/storage-proxy/gift_assets/symbols/UFO_0_4.png
Tsunami 0.5%,https://imperator-server.onrender.com/storage-proxy/gift_assets/symbols/Tsunami_0_5.png
Hard Hat 0.5%,https://imperator-server.onrender.com/storage-proxy/gift_assets/symbols/Hard_Hat_0_5.png
Thunderbird 0.5%,https://imperator-server.onrender.com/storage-proxy/gift_assets/symbols/Thunderbird_0_5.png
Like 0.5%,https://imperator-server.onrender.com/storage-proxy/gift_assets/symbols/Like_0_5.png
Mushroom 0.5%,https://imperator-server.onrender.com/storage-proxy/gift_assets/symbols/Mushroom_0_5.png
Lovely Kiss 0.5%,https://imperator-server.onrender.com/storage-proxy/gift_assets/symbols/Lovely_Kiss_0_5.png
Basketball 0.4%,https://imperator-server.onrender.com/storage-proxy/gift_assets/symbols/Basketball_0_4.png
Visor 0.5%,https://imperator-server.onrender.com/storage-proxy/gift_assets/symbols/Visor_0_5.png
Banana 0.5%,https://imperator-server.onrender.com/storage-proxy/gift_assets/symbols/Banana_0_5.png
Jester Hat 0.4%,https://imperator-server.onrender.com/storage-proxy/gift_assets/symbols/Jester_Hat_0_4.png
Mustache 0.5%,https://imperator-server.onrender.com/storage-proxy/gift_assets/symbols/Mustache_0_5.png
Easter Egg 0.5%,https://imperator-server.onrender.com/storage-proxy/gift_assets/symbols/Easter_Egg_0_5.png
White Deer 0.5%,https://imperator-server.onrender.com/storage-proxy/gift_assets/symbols/White_Deer_0_5.png
Two Katanas 0.4%,https://imperator-server.onrender.com/storage-proxy/gift_assets/symbols/Two_Katanas_0_4.png
Flat Cap 0.5%,https://imperator-server.onrender.com/storage-proxy/gift_assets/symbols/Flat_Cap_0_5.png
Party Hat 0.5%,https://imperator-server.onrender.com/storage-proxy/gift_assets/symbols/Party_Hat_0_5.png
High Hat 0.2%,https://imperator-server.onrender.com/storage-proxy/gift_assets/symbols/High_Hat_0_2.png
Bastet 0.5%,https://imperator-server.onrender.com/storage-proxy/gift_assets/symbols/Bastet_0_5.png
Eagle 0.2%,https://imperator-server.onrender.com/storage-proxy/gift_assets/symbols/Eagle_0_2.png
Legionary 0.2%,https://imperator-server.onrender.com/storage-proxy/gift_assets/symbols/Legionary_0_2.png
Gold 0.4%,https://imperator-server.onrender.com/storage-proxy/gift_assets/symbols/Gold_0_4.png
Propeller Cap 0.4%,https://imperator-server.onrender.com/storage-proxy/gift_assets/symbols/Propeller_Cap_0_4.png
Pirate Scull 0.4%,https://imperator-server.onrender.com/storage-proxy/gift_assets/symbols/Pirate_Scull_0_4.png
Piranha 0.5%,https://imperator-server.onrender.com/storage-proxy/gift_assets/symbols/Piranha_0_5.png
Easter Bunny 0.5%,https://imperator-server.onrender.com/storage-proxy/gift_assets/symbols/Easter_Bunny_0_5.png
Imperial Lion 0.5%,https://imperator-server.onrender.com/storage-proxy/gift_assets/symbols/Imperial_Lion_0_5.png
Pearl 0.4%,https://imperator-server.onrender.com/storage-proxy/gift_assets/symbols/Pearl_0_4.png
The Eye 0.5%,https://imperator-server.onrender.com/storage-proxy/gift_assets/symbols/The_Eye_0_5.png
Carambola 0.4%,https://imperator-server.onrender.com/storage-proxy/gift_assets/symbols/Carambola_0_4.png
Greek Sun 0.5%,https://imperator-server.onrender.com/storage-proxy/gift_assets/symbols/Greek_Sun_0_5.png
Bandana 0.4%,https://imperator-server.onrender.com/storage-proxy/gift_assets/symbols/Bandana_0_4.png
Paper Crane 0.5%,https://imperator-server.onrender.com/storage-proxy/gift_assets/symbols/Paper_Crane_0_5.png
Fishing Hook 0.2%,https://imperator-server.onrender.com/storage-proxy/gift_assets/symbols/Fishing_Hook_0_2.png
Sombrero 0.5%,https://imperator-server.onrender.com/storage-proxy/gift_assets/symbols/Sombrero_0_5.png
Clubs 0.5%,https://imperator-server.onrender.com/storage-proxy/gift_assets/symbols/Clubs_0_5.png
Coat of Arms 0.5%,https://imperator-server.onrender.com/storage-proxy/gift_assets/symbols/Coat_of_Arms_0_5.png
Jörmungandr 0.2%,https://imperator-server.onrender.com/storage-proxy/gift_assets/symbols/Jo_rmungandr_0_2.png
Tooth 0.5%,https://imperator-server.onrender.com/storage-proxy/gift_assets/symbols/Tooth_0_5.png
Wepwawet 0.5%,https://imperator-server.onrender.com/storage-proxy/gift_assets/symbols/Wepwawet_0_5.png
Nordic Wolf 0.5%,https://imperator-server.onrender.com/storage-proxy/gift_assets/symbols/Nordic_Wolf_0_5.png
Eye of Horus 0.4%,https://imperator-server.onrender.com/storage-proxy/gift_assets/symbols/Eye_of_Horus_0_4.png
Bonsai 0.2%,https://imperator-server.onrender.com/storage-proxy/gift_assets/symbols/Bonsai_0_2.png
Shortsword 0.5%,https://imperator-server.onrender.com/storage-proxy/gift_assets/symbols/Shortsword_0_5.png
Viking Shield 0.5%,https://imperator-server.onrender.com/storage-proxy/gift_assets/symbols/Viking_Shield_0_5.png
Watermelon 0.5%,https://imperator-server.onrender.com/storage-proxy/gift_assets/symbols/Watermelon_0_5.png
Hippo 0.5%,https://imperator-server.onrender.com/storage-proxy/gift_assets/symbols/Hippo_0_5.png
Handset 0.5%,https://imperator-server.onrender.com/storage-proxy/gift_assets/symbols/Handset_0_5.png
Arcane Mirror 0.5%,https://imperator-server.onrender.com/storage-proxy/gift_assets/symbols/Arcane_Mirror_0_5.png
Pumpkin Coach 0.5%,https://imperator-server.onrender.com/storage-proxy/gift_assets/symbols/Pumpkin_Coach_0_5.png
Cherry 0.2%,https://imperator-server.onrender.com/storage-proxy/gift_assets/symbols/Cherry_0_2.png
Black Cat 0.2%,https://imperator-server.onrender.com/storage-proxy/gift_assets/symbols/Black_Cat_0_2.png
Piggy Bank 0.4%,https://imperator-server.onrender.com/storage-proxy/gift_assets/symbols/Piggy_Bank_0_4.png
Cavalier Hat 0.2%,https://imperator-server.onrender.com/storage-proxy/gift_assets/symbols/Cavalier_Hat_0_2.png
Beetle 0.2%,https://imperator-server.onrender.com/storage-proxy/gift_assets/symbols/Beetle_0_2.png
Nemean Lion 0.2%,https://imperator-server.onrender.com/storage-proxy/gift_assets/symbols/Nemean_Lion_0_2.png
Sailor Hat 0.5%,https://imperator-server.onrender.com/storage-proxy/gift_assets/symbols/Sailor_Hat_0_5.png
Spider 0.2%,https://imperator-server.onrender.com/storage-proxy/gift_assets/symbols/Spider_0_2.png
Rook 0.2%,https://imperator-server.onrender.com/storage-proxy/gift_assets/symbols/Rook_0_2.png
Leaf 0.4%,https://imperator-server.onrender.com/storage-proxy/gift_assets/symbols/Leaf_0_4.png
Gamepad 0.2%,https://imperator-server.onrender.com/storage-proxy/gift_assets/symbols/Gamepad_0_2.png
Magic Wand 1.2%,https://imperator-server.onrender.com/storage-proxy/gift_assets/symbols/Magic_Wand_1_2.png
Sweets Box 0.4%,https://imperator-server.onrender.com/storage-proxy/gift_assets/symbols/Sweets_Box_0_4.png
Ice Skates 0.8%,https://imperator-server.onrender.com/storage-proxy/gift_assets/symbols/Ice_Skates_0_8.png
Moon Eagle 0.2%,https://imperator-server.onrender.com/storage-proxy/gift_assets/symbols/Moon_Eagle_0_2.png
Festive Wreath 1.2%,https://imperator-server.onrender.com/storage-proxy/gift_assets/symbols/Festive_Wreath_1_2.png
Stocking 1%,https://imperator-server.onrender.com/storage-proxy/gift_assets/symbols/Stocking_1.png
Scorpion 0.6%,https://imperator-server.onrender.com/storage-proxy/gift_assets/symbols/Scorpion_0_6.png
Pegasus 0.6%,https://imperator-server.onrender.com/storage-proxy/gift_assets/symbols/Pegasus_0_6.png
Coconut 0.6%,https://imperator-server.onrender.com/storage-proxy/gift_assets/symbols/Coconut_0_6.png
Snowman 1.2%,https://imperator-server.onrender.com/storage-proxy/gift_assets/symbols/Snowman_1_2.png
Mittens 1.2%,https://imperator-server.onrender.com/storage-proxy/gift_assets/symbols/Mittens_1_2.png
New Year’s Eve 1%,https://imperator-server.onrender.com/storage-proxy/gift_assets/symbols/New_Year_s_Eve_1.png
Winter House 1.2%,https://imperator-server.onrender.com/storage-proxy/gift_assets/symbols/Winter_House_1_2.png
Hot Drink 0.8%,https://imperator-server.onrender.com/storage-proxy/gift_assets/symbols/Hot_Drink_0_8.png
Bowtie 1.2%,https://imperator-server.onrender.com/storage-proxy/gift_assets/symbols/Bowtie_1_2.png
Ornament 1.2%,https://imperator-server.onrender.com/storage-proxy/gift_assets/symbols/Ornament_1_2.png
Ice Pop 1.2%,https://imperator-server.onrender.com/storage-proxy/gift_assets/symbols/Ice_Pop_1_2.png
Star 1.2%,https://imperator-server.onrender.com/storage-proxy/gift_assets/symbols/Star_1_2.png
Dessert 1%,https://imperator-server.onrender.com/storage-proxy/gift_assets/symbols/Dessert_1.png
Nordic Wolf 0.8%,https://imperator-server.onrender.com/storage-proxy/gift_assets/symbols/Nordic_Wolf_0_8.png
Cookie 0.8%,https://imperator-server.onrender.com/storage-proxy/gift_assets/symbols/Cookie_0_8.png
Narcissus 0.6%,https://imperator-server.onrender.com/storage-proxy/gift_assets/symbols/Narcissus_0_6.png
Handset 0.6%,https://imperator-server.onrender.com/storage-proxy/gift_assets/symbols/Handset_0_6.png
Fire 0.4%,https://imperator-server.onrender.com/storage-proxy/gift_assets/symbols/Fire_0_4.png
Butterfly 0.6%,https://imperator-server.onrender.com/storage-proxy/gift_assets/symbols/Butterfly_0_6.png
Santa Hat 1.2%,https://imperator-server.onrender.com/storage-proxy/gift_assets/symbols/Santa_Hat_1_2.png
Paw 0.6%,https://imperator-server.onrender.com/storage-proxy/gift_assets/symbols/Paw_0_6.png
Jingle Bell 1%,https://imperator-server.onrender.com/storage-proxy/gift_assets/symbols/Jingle_Bell_1.png
Fireworks 0.8%,https://imperator-server.onrender.com/storage-proxy/gift_assets/symbols/Fireworks_0_8.png
Cupid 0.2%,https://imperator-server.onrender.com/storage-proxy/gift_assets/symbols/Cupid_0_2.png
Flirty Message 0.6%,https://imperator-server.onrender.com/storage-proxy/gift_assets/symbols/Flirty_Message_0_6.png
Padlock 0.2%,https://imperator-server.onrender.com/storage-proxy/gift_assets/symbols/Padlock_0_2.png
Lovely Rain 0.4%,https://imperator-server.onrender.com/storage-proxy/gift_assets/symbols/Lovely_Rain_0_4.png
Oxen of Fire 0.2%,https://imperator-server.onrender.com/storage-proxy/gift_assets/symbols/Oxen_of_Fire_0_2.png
Gingerbread 1.2%,https://imperator-server.onrender.com/storage-proxy/gift_assets/symbols/Gingerbread_1_2.png
Christmas Tree 1.2%,https://imperator-server.onrender.com/storage-proxy/gift_assets/symbols/Christmas_Tree_1_2.png
Snow Angel 1.2%,https://imperator-server.onrender.com/storage-proxy/gift_assets/symbols/Snow_Angel_1_2.png
Snowflake 1.2%,https://imperator-server.onrender.com/storage-proxy/gift_assets/symbols/Snowflake_1_2.png
Cute Bear 0.6%,https://imperator-server.onrender.com/storage-proxy/gift_assets/symbols/Cute_Bear_0_6.png
Amour Scoops 0.4%,https://imperator-server.onrender.com/storage-proxy/gift_assets/symbols/Amour_Scoops_0_4.png
Ladybug 0.6%,https://imperator-server.onrender.com/storage-proxy/gift_assets/symbols/Ladybug_0_6.png
Shiny Heart 0.6%,https://imperator-server.onrender.com/storage-proxy/gift_assets/symbols/Shiny_Heart_0_6.png
Okami Wolf 0.2%,https://imperator-server.onrender.com/storage-proxy/gift_assets/symbols/Okami_Wolf_0_2.png
Shooting Star 1.2%,https://imperator-server.onrender.com/storage-proxy/gift_assets/symbols/Shooting_Star_1_2.png
Diamond 0.4%,https://imperator-server.onrender.com/storage-proxy/gift_assets/symbols/Diamond_0_4.png
Heartbeat 0.6%,https://imperator-server.onrender.com/storage-proxy/gift_assets/symbols/Heartbeat_0_6.png
Loveberry 0.6%,https://imperator-server.onrender.com/storage-proxy/gift_assets/symbols/Loveberry_0_6.png
Fleur-de-lis 0.6%,https://imperator-server.onrender.com/storage-proxy/gift_assets/symbols/Fleur-de-lis_0_6.png
Eggplant 0.6%,https://imperator-server.onrender.com/storage-proxy/gift_assets/symbols/Eggplant_0_6.png
Chest 1.2%,https://imperator-server.onrender.com/storage-proxy/gift_assets/symbols/Chest_1_2.png
Mistletoe 1.2%,https://imperator-server.onrender.com/storage-proxy/gift_assets/symbols/Mistletoe_1_2.png
Double Bed 0.4%,https://imperator-server.onrender.com/storage-proxy/gift_assets/symbols/Double_Bed_0_4.png
Cupcake 1%,https://imperator-server.onrender.com/storage-proxy/gift_assets/symbols/Cupcake_1.png
Chocolate 0.4%,https://imperator-server.onrender.com/storage-proxy/gift_assets/symbols/Chocolate_0_4.png
Key 0.4%,https://imperator-server.onrender.com/storage-proxy/gift_assets/symbols/Key_0_4.png
Love Letter 0.4%,https://imperator-server.onrender.com/storage-proxy/gift_assets/symbols/Love_Letter_0_4.png
Heart Shades 0.4%,https://imperator-server.onrender.com/storage-proxy/gift_assets/symbols/Heart_Shades_0_4.png
Rudolph 1%,https://imperator-server.onrender.com/storage-proxy/gift_assets/symbols/Rudolph_1.png
Lovely Rose 0.4%,https://imperator-server.onrender.com/storage-proxy/gift_assets/symbols/Lovely_Rose_0_4.png
Loving Heart 0.4%,https://imperator-server.onrender.com/storage-proxy/gift_assets/symbols/Loving_Heart_0_4.png
Cunning Fox 0.4%,https://imperator-server.onrender.com/storage-proxy/gift_assets/symbols/Cunning_Fox_0_4.png
Grape 0.6%,https://imperator-server.onrender.com/storage-proxy/gift_assets/symbols/Grape_0_6.png
Sparks 1.2%,https://imperator-server.onrender.com/storage-proxy/gift_assets/symbols/Sparks_1_2.png
Crab 0.6%,https://imperator-server.onrender.com/storage-proxy/gift_assets/symbols/Crab_0_6.png
Gift Box 1.2%,https://imperator-server.onrender.com/storage-proxy/gift_assets/symbols/Gift_Box_1_2.png
Candy 0.8%,https://imperator-server.onrender.com/storage-proxy/gift_assets/symbols/Candy_0_8.png
Flower 0.4%,https://imperator-server.onrender.com/storage-proxy/gift_assets/symbols/Flower_0_4.png
Passion Latte 0.4%,https://imperator-server.onrender.com/storage-proxy/gift_assets/symbols/Passion_Latte_0_4.png
Romantic Cake 0.2%,https://imperator-server.onrender.com/storage-proxy/gift_assets/symbols/Romantic_Cake_0_2.png
Kite 0.2%,https://imperator-server.onrender.com/storage-proxy/gift_assets/symbols/Kite_0_2.png
Feather 0.2%,https://imperator-server.onrender.com/storage-proxy/gift_assets/symbols/Feather_0_2.png
Eikthyrnir 0.8%,https://imperator-server.onrender.com/storage-proxy/gift_assets/symbols/Eikthyrnir_0_8.png
Love Dove 0.4%,https://imperator-server.onrender.com/storage-proxy/gift_assets/symbols/Love_Dove_0_4.png
Cupid’s Arrow 0.2%,https://imperator-server.onrender.com/storage-proxy/gift_assets/symbols/Cupid_s_Arrow_0_2.png
Cash 0.2%,https://imperator-server.onrender.com/storage-proxy/gift_assets/symbols/Cash_0_2.png
Water Drops 0.4%,https://imperator-server.onrender.com/storage-proxy/gift_assets/symbols/Water_Drops_0_4.png
Lily 0.4%,https://imperator-server.onrender.com/storage-proxy/gift_assets/symbols/Lily_0_4.png
Napkins 0.2%,https://imperator-server.onrender.com/storage-proxy/gift_assets/symbols/Napkins_0_2.png
Heart 0.4%,https://imperator-server.onrender.com/storage-proxy/gift_assets/symbols/Heart_0_4.png
Illuminati 0.2%,https://imperator-server.onrender.com/storage-proxy/gift_assets/symbols/Illuminati_0_2.png
Firebird 0.2%,https://imperator-server.onrender.com/storage-proxy/gift_assets/symbols/Firebird_0_2.png
Anchor 0.2%,https://imperator-server.onrender.com/storage-proxy/gift_assets/symbols/Anchor_0_2.png
Coin 0.2%,https://imperator-server.onrender.com/storage-proxy/gift_assets/symbols/Coin_0_2.png
Lovely Key 0.2%,https://imperator-server.onrender.com/storage-proxy/gift_assets/symbols/Lovely_Key_0_2.png
Unicorn Head 0.2%,https://imperator-server.onrender.com/storage-proxy/gift_assets/symbols/Unicorn_Head_0_2.png
Lingerie 0.2%,https://imperator-server.onrender.com/storage-proxy/gift_assets/symbols/Lingerie_0_2.png
Patched Heart 0.2%,https://imperator-server.onrender.com/storage-proxy/gift_assets/symbols/Patched_Heart_0_2.png
Dolphin 0.2%,https://imperator-server.onrender.com/storage-proxy/gift_assets/symbols/Dolphin_0_2.png
Gravestone 2.4%,https://imperator-server.onrender.com/storage-proxy/gift_assets/symbols/Gravestone_2_4.png
Cauldron 2.4%,https://imperator-server.onrender.com/storage-proxy/gift_assets/symbols/Cauldron_2_4.png
Human Scull 2%,https://imperator-server.onrender.com/storage-proxy/gift_assets/symbols/Human_Scull_2.png
Crow 2.4%,https://imperator-server.onrender.com/storage-proxy/gift_assets/symbols/Crow_2_4.png
Eyeball 1.6%,https://imperator-server.onrender.com/storage-proxy/gift_assets/symbols/Eyeball_1_6.png
Moon 1.6%,https://imperator-server.onrender.com/storage-proxy/gift_assets/symbols/Moon_1_6.png
Illuminati 2.4%,https://imperator-server.onrender.com/storage-proxy/gift_assets/symbols/Illuminati_2_4.png
Scarecrow 1.6%,https://imperator-server.onrender.com/storage-proxy/gift_assets/symbols/Scarecrow_1_6.png
Crystal Ball 2.4%,https://imperator-server.onrender.com/storage-proxy/gift_assets/symbols/Crystal_Ball_2_4.png
Grim Reaper 2%,https://imperator-server.onrender.com/storage-proxy/gift_assets/symbols/Grim_Reaper_2.png
Voodoo Doll 2%,https://imperator-server.onrender.com/storage-proxy/gift_assets/symbols/Voodoo_Doll_2.png
Lollipop 2%,https://imperator-server.onrender.com/storage-proxy/gift_assets/symbols/Lollipop_2.png
Nordic Wolf 0.2%,https://imperator-server.onrender.com/storage-proxy/gift_assets/symbols/Nordic_Wolf_0_2.png
Jaws 2.4%,https://imperator-server.onrender.com/storage-proxy/gift_assets/symbols/Jaws_2_4.png
Bloody Axe 2%,https://imperator-server.onrender.com/storage-proxy/gift_assets/symbols/Bloody_Axe_2.png
Blood Drop 2%,https://imperator-server.onrender.com/storage-proxy/gift_assets/symbols/Blood_Drop_2.png
Ghost 2.4%,https://imperator-server.onrender.com/storage-proxy/gift_assets/symbols/Ghost_2_4.png
Evil Pumpkin 2.4%,https://imperator-server.onrender.com/storage-proxy/gift_assets/symbols/Evil_Pumpkin_2_4.png
Fish Skeleton 2.4%,https://imperator-server.onrender.com/storage-proxy/gift_assets/symbols/Fish_Skeleton_2_4.png
Flying Witch 2.4%,https://imperator-server.onrender.com/storage-proxy/gift_assets/symbols/Flying_Witch_2_4.png
Potion 1.6%,https://imperator-server.onrender.com/storage-proxy/gift_assets/symbols/Potion_1_6.png
Nice Ghost 2.4%,https://imperator-server.onrender.com/storage-proxy/gift_assets/symbols/Nice_Ghost_2_4.png
Coffin 2.4%,https://imperator-server.onrender.com/storage-proxy/gift_assets/symbols/Coffin_2_4.png
Black Widow 1.6%,https://imperator-server.onrender.com/storage-proxy/gift_assets/symbols/Black_Widow_1_6.png
Treats 1.6%,https://imperator-server.onrender.com/storage-proxy/gift_assets/symbols/Treats_1_6.png
Spooky Cat 2.4%,https://imperator-server.onrender.com/storage-proxy/gift_assets/symbols/Spooky_Cat_2_4.png
Cone 0.2%,https://imperator-server.onrender.com/storage-proxy/gift_assets/symbols/Cone_0_2.png
Poison Drop 2.4%,https://imperator-server.onrender.com/storage-proxy/gift_assets/symbols/Poison_Drop_2_4.png
Spider Web 2%,https://imperator-server.onrender.com/storage-proxy/gift_assets/symbols/Spider_Web_2.png
Baphomet 2%,https://imperator-server.onrender.com/storage-proxy/gift_assets/symbols/Baphomet_2.png
Night Bats 2.4%,https://imperator-server.onrender.com/storage-proxy/gift_assets/symbols/Night_Bats_2_4.png
Ladybug 0.2%,https://imperator-server.onrender.com/storage-proxy/gift_assets/symbols/Ladybug_0_2.png
Witch’s Hat 2.4%,https://imperator-server.onrender.com/storage-proxy/gift_assets/symbols/Witch_s_Hat_2_4.png
Vortex 0.2%,https://imperator-server.onrender.com/storage-proxy/gift_assets/symbols/Vortex_0_2.png
Severed Hand 2.4%,https://imperator-server.onrender.com/storage-proxy/gift_assets/symbols/Severed_Hand_2_4.png
Sauron 1.6%,https://imperator-server.onrender.com/storage-proxy/gift_assets/symbols/Sauron_1_6.png
Pear 0.2%,https://imperator-server.onrender.com/storage-proxy/gift_assets/symbols/Pear_0_2.png
Happy Smile 2.4%,https://imperator-server.onrender.com/storage-proxy/gift_assets/symbols/Happy_Smile_2_4.png
Half Moon 1.6%,https://imperator-server.onrender.com/storage-proxy/gift_assets/symbols/Half_Moon_1_6.png
Candle 2.4%,https://imperator-server.onrender.com/storage-proxy/gift_assets/symbols/Candle_2_4.png
Autumn Leaves 2.4%,https://imperator-server.onrender.com/storage-proxy/gift_assets/symbols/Autumn_Leaves_2_4.png
Flower 0.2%,https://imperator-server.onrender.com/storage-proxy/gift_assets/symbols/Flower_0_2.png
Skull 1.6%,https://imperator-server.onrender.com/storage-proxy/gift_assets/symbols/Skull_1_6.png
Cursor 0.2%,https://imperator-server.onrender.com/storage-proxy/gift_assets/symbols/Cursor_0_2.png
Fleur-de-lis 0.2%,https://imperator-server.onrender.com/storage-proxy/gift_assets/symbols/Fleur-de-lis_0_2.png
Dessert 0.2%,https://imperator-server.onrender.com/storage-proxy/gift_assets/symbols/Dessert_0_2.png
Shooting Star 0.2%,https://imperator-server.onrender.com/storage-proxy/gift_assets/symbols/Shooting_Star_0_2.png
Phoenix 0.2%,https://imperator-server.onrender.com/storage-proxy/gift_assets/symbols/Phoenix_0_2.png
Wolf Rage 0.2%,https://imperator-server.onrender.com/storage-proxy/gift_assets/symbols/Wolf_Rage_0_2.png
Love Berry 0.7%,https://imperator-server.onrender.com/storage-proxy/gift_assets/symbols/Love_Berry_0_7.png
Light Bulb 0.7%,https://imperator-server.onrender.com/storage-proxy/gift_assets/symbols/Light_Bulb_0_7.png
Stilettos 0.7%,https://imperator-server.onrender.com/storage-proxy/gift_assets/symbols/Stilettos_0_7.png
Flaming Heart 0.4%,https://imperator-server.onrender.com/storage-proxy/gift_assets/symbols/Flaming_Heart_0_4.png
Shiny Heart 0.7%,https://imperator-server.onrender.com/storage-proxy/gift_assets/symbols/Shiny_Heart_0_7.png
Candle 0.7%,https://imperator-server.onrender.com/storage-proxy/gift_assets/symbols/Candle_0_7.png
Carrot 0.7%,https://imperator-server.onrender.com/storage-proxy/gift_assets/symbols/Carrot_0_7.png
Paschal Lamb 0.7%,https://imperator-server.onrender.com/storage-proxy/gift_assets/symbols/Paschal_Lamb_0_7.png
Musical Note 0.7%,https://imperator-server.onrender.com/storage-proxy/gift_assets/symbols/Musical_Note_0_7.png
Jasmin 0.7%,https://imperator-server.onrender.com/storage-proxy/gift_assets/symbols/Jasmin_0_7.png
Pickaxe 0.7%,https://imperator-server.onrender.com/storage-proxy/gift_assets/symbols/Pickaxe_0_7.png
Unicorn Head 0.7%,https://imperator-server.onrender.com/storage-proxy/gift_assets/symbols/Unicorn_Head_0_7.png
Double Axe 0.7%,https://imperator-server.onrender.com/storage-proxy/gift_assets/symbols/Double_Axe_0_7.png
Moai Head 0.4%,https://imperator-server.onrender.com/storage-proxy/gift_assets/symbols/Moai_Head_0_4.png
Full Moon 0.7%,https://imperator-server.onrender.com/storage-proxy/gift_assets/symbols/Full_Moon_0_7.png
Eggplant 0.7%,https://imperator-server.onrender.com/storage-proxy/gift_assets/symbols/Eggplant_0_7.png
Bascinet 0.7%,https://imperator-server.onrender.com/storage-proxy/gift_assets/symbols/Bascinet_0_7.png
Spades 0.7%,https://imperator-server.onrender.com/storage-proxy/gift_assets/symbols/Spades_0_7.png
Diamond 0.7%,https://imperator-server.onrender.com/storage-proxy/gift_assets/symbols/Diamond_0_7.png
February 14 0.7%,https://imperator-server.onrender.com/storage-proxy/gift_assets/symbols/February_14_0_7.png
Pilot Hat 0.2%,https://imperator-server.onrender.com/storage-proxy/gift_assets/symbols/Pilot_Hat_0_2.png
Sun 0.4%,https://imperator-server.onrender.com/storage-proxy/gift_assets/symbols/Sun_0_4.png
Succubus 0.7%,https://imperator-server.onrender.com/storage-proxy/gift_assets/symbols/Succubus_0_7.png
Diamonds 0.7%,https://imperator-server.onrender.com/storage-proxy/gift_assets/symbols/Diamonds_0_7.png
Ancient Urn 0.7%,https://imperator-server.onrender.com/storage-proxy/gift_assets/symbols/Ancient_Urn_0_7.png
Flying Heart 0.4%,https://imperator-server.onrender.com/storage-proxy/gift_assets/symbols/Flying_Heart_0_4.png
Coffee Bean 0.7%,https://imperator-server.onrender.com/storage-proxy/gift_assets/symbols/Coffee_Bean_0_7.png
Gift 0.4%,https://imperator-server.onrender.com/storage-proxy/gift_assets/symbols/Gift_0_4.png
Doghouse 0.7%,https://imperator-server.onrender.com/storage-proxy/gift_assets/symbols/Doghouse_0_7.png
Chrysanthe 0.7%,https://imperator-server.onrender.com/storage-proxy/gift_assets/symbols/Chrysanthe_0_7.png
Serpent 0.7%,https://imperator-server.onrender.com/storage-proxy/gift_assets/symbols/Serpent_0_7.png
All-Seeing Eye 0.7%,https://imperator-server.onrender.com/storage-proxy/gift_assets/symbols/All-Seeing_Eye_0_7.png
Tulip Bloom 0.7%,https://imperator-server.onrender.com/storage-proxy/gift_assets/symbols/Tulip_Bloom_0_7.png
Bouquet 0.7%,https://imperator-server.onrender.com/storage-proxy/gift_assets/symbols/Bouquet_0_7.png
Sword 0.7%,https://imperator-server.onrender.com/storage-proxy/gift_assets/symbols/Sword_0_7.png
Sleepy Unicorn 0.4%,https://imperator-server.onrender.com/storage-proxy/gift_assets/symbols/Sleepy_Unicorn_0_4.png
Broken Heart 0.7%,https://imperator-server.onrender.com/storage-proxy/gift_assets/symbols/Broken_Heart_0_7.png
Tribal Shield 0.7%,https://imperator-server.onrender.com/storage-proxy/gift_assets/symbols/Tribal_Shield_0_7.png
Pierced Heart 0.7%,https://imperator-server.onrender.com/storage-proxy/gift_assets/symbols/Pierced_Heart_0_7.png
Cupid’s Arrow 0.7%,https://imperator-server.onrender.com/storage-proxy/gift_assets/symbols/Cupid_s_Arrow_0_7.png
Neko Mask 0.7%,https://imperator-server.onrender.com/storage-proxy/gift_assets/symbols/Neko_Mask_0_7.png
Mining Helmet 0.7%,https://imperator-server.onrender.com/storage-proxy/gift_assets/symbols/Mining_Helmet_0_7.png
Jörmungandr 0.7%,https://imperator-server.onrender.com/storage-proxy/gift_assets/symbols/Jo_rmungandr_0_7.png
Mafdet 0.7%,https://imperator-server.onrender.com/storage-proxy/gift_assets/symbols/Mafdet_0_7.png
Bearskin 0.7%,https://imperator-server.onrender.com/storage-proxy/gift_assets/symbols/Bearskin_0_7.png
Cute Bear 0.2%,https://imperator-server.onrender.com/storage-proxy/gift_assets/symbols/Cute_Bear_0_2.png
Valentine 0.7%,https://imperator-server.onrender.com/storage-proxy/gift_assets/symbols/Valentine_0_7.png
Gamepad 0.7%,https://imperator-server.onrender.com/storage-proxy/gift_assets/symbols/Gamepad_0_7.png
Plume 0.7%,https://imperator-server.onrender.com/storage-proxy/gift_assets/symbols/Plume_0_7.png
Flag 0.7%,https://imperator-server.onrender.com/storage-proxy/gift_assets/symbols/Flag_0_7.png
Teddy Bear 0.7%,https://imperator-server.onrender.com/storage-proxy/gift_assets/symbols/Teddy_Bear_0_7.png
Rabbit Mask 0.2%,https://imperator-server.onrender.com/storage-proxy/gift_assets/symbols/Rabbit_Mask_0_2.png
Hersir 0.2%,https://imperator-server.onrender.com/storage-proxy/gift_assets/symbols/Hersir_0_2.png
Dagger 0.7%,https://imperator-server.onrender.com/storage-proxy/gift_assets/symbols/Dagger_0_7.png
Piranha 0.2%,https://imperator-server.onrender.com/storage-proxy/gift_assets/symbols/Piranha_0_2.png
Romantic Cake 0.4%,https://imperator-server.onrender.com/storage-proxy/gift_assets/symbols/Romantic_Cake_0_4.png
Neptune 0.7%,https://imperator-server.onrender.com/storage-proxy/gift_assets/symbols/Neptune_0_7.png
Key 0.7%,https://imperator-server.onrender.com/storage-proxy/gift_assets/symbols/Key_0_7.png
Iris 0.5%,https://imperator-server.onrender.com/storage-proxy/gift_assets/symbols/Iris_0_5.png
Hearts 0.5%,https://imperator-server.onrender.com/storage-proxy/gift_assets/symbols/Hearts_0_5.png
Gingerbread 0.7%,https://imperator-server.onrender.com/storage-proxy/gift_assets/symbols/Gingerbread_0_7.png
Clematis 0.2%,https://imperator-server.onrender.com/storage-proxy/gift_assets/symbols/Clematis_0_2.png
Banana 0.7%,https://imperator-server.onrender.com/storage-proxy/gift_assets/symbols/Banana_0_7.png
Moon Face 0.4%,https://imperator-server.onrender.com/storage-proxy/gift_assets/symbols/Moon_Face_0_4.png
Violet 0.7%,https://imperator-server.onrender.com/storage-proxy/gift_assets/symbols/Violet_0_7.png
Lightning 0.4%,https://imperator-server.onrender.com/storage-proxy/gift_assets/symbols/Lightning_0_4.png
Star 0.7%,https://imperator-server.onrender.com/storage-proxy/gift_assets/symbols/Star_0_7.png
Fluffy Wolf 0.2%,https://imperator-server.onrender.com/storage-proxy/gift_assets/symbols/Fluffy_Wolf_0_2.png
Balloon 0.7%,https://imperator-server.onrender.com/storage-proxy/gift_assets/symbols/Balloon_0_7.png
Amour Scoops 0.7%,https://imperator-server.onrender.com/storage-proxy/gift_assets/symbols/Amour_Scoops_0_7.png
Fuchsia 0.7%,https://imperator-server.onrender.com/storage-proxy/gift_assets/symbols/Fuchsia_0_7.png
Paper Lantern 0.2%,https://imperator-server.onrender.com/storage-proxy/gift_assets/symbols/Paper_Lantern_0_2.png
Dandelion 0.7%,https://imperator-server.onrender.com/storage-proxy/gift_assets/symbols/Dandelion_0_7.png
Fishing Hook 0.7%,https://imperator-server.onrender.com/storage-proxy/gift_assets/symbols/Fishing_Hook_0_7.png
Pixel Heart 0.7%,https://imperator-server.onrender.com/storage-proxy/gift_assets/symbols/Pixel_Heart_0_7.png
Plumeria 0.4%,https://imperator-server.onrender.com/storage-proxy/gift_assets/symbols/Plumeria_0_4.png
Horn 0.4%,https://imperator-server.onrender.com/storage-proxy/gift_assets/symbols/Horn_0_4.png
Blooms 0.2%,https://imperator-server.onrender.com/storage-proxy/gift_assets/symbols/Blooms_0_2.png
Cash 0.7%,https://imperator-server.onrender.com/storage-proxy/gift_assets/symbols/Cash_0_7.png
Kitty Cat 0.4%,https://imperator-server.onrender.com/storage-proxy/gift_assets/symbols/Kitty_Cat_0_4.png
Rose Blossom 0.4%,https://imperator-server.onrender.com/storage-proxy/gift_assets/symbols/Rose_Blossom_0_4.png
Tongue 0.7%,https://imperator-server.onrender.com/storage-proxy/gift_assets/symbols/Tongue_0_7.png
Radar 0.2%,https://imperator-server.onrender.com/storage-proxy/gift_assets/symbols/Radar_0_2.png
Leprechaun 0.7%,https://imperator-server.onrender.com/storage-proxy/gift_assets/symbols/Leprechaun_0_7.png
Baby Bottle 0.7%,https://imperator-server.onrender.com/storage-proxy/gift_assets/symbols/Baby_Bottle_0_7.png
Car 0.7%,https://imperator-server.onrender.com/storage-proxy/gift_assets/symbols/Car_0_7.png
Ladybug 0.7%,https://imperator-server.onrender.com/storage-proxy/gift_assets/symbols/Ladybug_0_7.png
Lingerie 0.4%,https://imperator-server.onrender.com/storage-proxy/gift_assets/symbols/Lingerie_0_4.png
Straw Hat 0.7%,https://imperator-server.onrender.com/storage-proxy/gift_assets/symbols/Straw_Hat_0_7.png
Gold 0.7%,https://imperator-server.onrender.com/storage-proxy/gift_assets/symbols/Gold_0_7.png
Gear 0.7%,https://imperator-server.onrender.com/storage-proxy/gift_assets/symbols/Gear_0_7.png
Birthday Cake 0.7%,https://imperator-server.onrender.com/storage-proxy/gift_assets/symbols/Birthday_Cake_0_7.png
Boat 0.7%,https://imperator-server.onrender.com/storage-proxy/gift_assets/symbols/Boat_0_7.png
Cactus Bloom 0.7%,https://imperator-server.onrender.com/storage-proxy/gift_assets/symbols/Cactus_Bloom_0_7.png
Muffin 0.2%,https://imperator-server.onrender.com/storage-proxy/gift_assets/symbols/Muffin_0_2.png
Fehu Rune 0.7%,https://imperator-server.onrender.com/storage-proxy/gift_assets/symbols/Fehu_Rune_0_7.png
Turban 0.2%,https://imperator-server.onrender.com/storage-proxy/gift_assets/symbols/Turban_0_2.png
Angel 0.7%,https://imperator-server.onrender.com/storage-proxy/gift_assets/symbols/Angel_0_7.png
Wine Toast 0.7%,https://imperator-server.onrender.com/storage-proxy/gift_assets/symbols/Wine_Toast_0_7.png
Lovely Bra 0.4%,https://imperator-server.onrender.com/storage-proxy/gift_assets/symbols/Lovely_Bra_0_4.png
Moto Helmet 0.2%,https://imperator-server.onrender.com/storage-proxy/gift_assets/symbols/Moto_Helmet_0_2.png
Sweets Box 0.2%,https://imperator-server.onrender.com/storage-proxy/gift_assets/symbols/Sweets_Box_0_2.png
Scarab 0.2%,https://imperator-server.onrender.com/storage-proxy/gift_assets/symbols/Scarab_0_2.png
Rhino Warrior 0.5%,https://imperator-server.onrender.com/storage-proxy/gift_assets/symbols/Rhino_Warrior_0_5.png
Orchid 0.2%,https://imperator-server.onrender.com/storage-proxy/gift_assets/symbols/Orchid_0_2.png
Pizza Slice 0.4%,https://imperator-server.onrender.com/storage-proxy/gift_assets/symbols/Pizza_Slice_0_4.png
Rainbow 0.2%,https://imperator-server.onrender.com/storage-proxy/gift_assets/symbols/Rainbow_0_2.png
Handset 0.4%,https://imperator-server.onrender.com/storage-proxy/gift_assets/symbols/Handset_0_4.png
Coonskin Cap 0.7%,https://imperator-server.onrender.com/storage-proxy/gift_assets/symbols/Coonskin_Cap_0_7.png
Gentian 0.2%,https://imperator-server.onrender.com/storage-proxy/gift_assets/symbols/Gentian_0_2.png
Book 0.4%,https://imperator-server.onrender.com/storage-proxy/gift_assets/symbols/Book_0_4.png
Pussy Willow 0.2%,https://imperator-server.onrender.com/storage-proxy/gift_assets/symbols/Pussy_Willow_0_2.png
Star 0.3%,https://imperator-server.onrender.com/storage-proxy/gift_assets/symbols/Star_0_3.png
Tree of Life 0.1%,https://imperator-server.onrender.com/storage-proxy/gift_assets/symbols/Tree_of_Life_0_1.png
Alarm 0.3%,https://imperator-server.onrender.com/storage-proxy/gift_assets/symbols/Alarm_0_3.png
Piggy Bank 0.5%,https://imperator-server.onrender.com/storage-proxy/gift_assets/symbols/Piggy_Bank_0_5.png
Genie Lamp 0.5%,https://imperator-server.onrender.com/storage-proxy/gift_assets/symbols/Genie_Lamp_0_5.png
Unicorn 0.4%,https://imperator-server.onrender.com/storage-proxy/gift_assets/symbols/Unicorn_0_4.png
Tribal Shield 0.5%,https://imperator-server.onrender.com/storage-proxy/gift_assets/symbols/Tribal_Shield_0_5.png
Chili 0.5%,https://imperator-server.onrender.com/storage-proxy/gift_assets/symbols/Chili_0_5.png
Shark Knife 0.5%,https://imperator-server.onrender.com/storage-proxy/gift_assets/symbols/Shark_Knife_0_5.png
Fehu Rune 0.3%,https://imperator-server.onrender.com/storage-proxy/gift_assets/symbols/Fehu_Rune_0_3.png
Pear 0.5%,https://imperator-server.onrender.com/storage-proxy/gift_assets/symbols/Pear_0_5.png
Thief 0.3%,https://imperator-server.onrender.com/storage-proxy/gift_assets/symbols/Thief_0_3.png
Mayan Moth 0.3%,https://imperator-server.onrender.com/storage-proxy/gift_assets/symbols/Mayan_Moth_0_3.png
Potion 0.3%,https://imperator-server.onrender.com/storage-proxy/gift_assets/symbols/Potion_0_3.png
Handset 0.3%,https://imperator-server.onrender.com/storage-proxy/gift_assets/symbols/Handset_0_3.png
Ink Pen 0.5%,https://imperator-server.onrender.com/storage-proxy/gift_assets/symbols/Ink_Pen_0_5.png
Bubble Tea 0.3%,https://imperator-server.onrender.com/storage-proxy/gift_assets/symbols/Bubble_Tea_0_3.png
Flower 0.3%,https://imperator-server.onrender.com/storage-proxy/gift_assets/symbols/Flower_0_3.png
Ram of Amun 0.4%,https://imperator-server.onrender.com/storage-proxy/gift_assets/symbols/Ram_of_Amun_0_4.png
Gift Box 0.3%,https://imperator-server.onrender.com/storage-proxy/gift_assets/symbols/Gift_Box_0_3.png
Paw 0.5%,https://imperator-server.onrender.com/storage-proxy/gift_assets/symbols/Paw_0_5.png
Seahorse 0.3%,https://imperator-server.onrender.com/storage-proxy/gift_assets/symbols/Seahorse_0_3.png
Hermit Shell 0.2%,https://imperator-server.onrender.com/storage-proxy/gift_assets/symbols/Hermit_Shell_0_2.png
Cupcake 0.5%,https://imperator-server.onrender.com/storage-proxy/gift_assets/symbols/Cupcake_0_5.png
Spades 0.4%,https://imperator-server.onrender.com/storage-proxy/gift_assets/symbols/Spades_0_4.png
Dragonfly 0.5%,https://imperator-server.onrender.com/storage-proxy/gift_assets/symbols/Dragonfly_0_5.png
Bishop 0.4%,https://imperator-server.onrender.com/storage-proxy/gift_assets/symbols/Bishop_0_4.png
Bell Pepper 0.3%,https://imperator-server.onrender.com/storage-proxy/gift_assets/symbols/Bell_Pepper_0_3.png
Monstera 0.5%,https://imperator-server.onrender.com/storage-proxy/gift_assets/symbols/Monstera_0_5.png
Dolphin 0.3%,https://imperator-server.onrender.com/storage-proxy/gift_assets/symbols/Dolphin_0_3.png
Mountain Goat 0.5%,https://imperator-server.onrender.com/storage-proxy/gift_assets/symbols/Mountain_Goat_0_5.png
Mask 0.3%,https://imperator-server.onrender.com/storage-proxy/gift_assets/symbols/Mask_0_3.png
Rain Drop 0.3%,https://imperator-server.onrender.com/storage-proxy/gift_assets/symbols/Rain_Drop_0_3.png
Firebird 0.3%,https://imperator-server.onrender.com/storage-proxy/gift_assets/symbols/Firebird_0_3.png
Yogi Shaman 0.3%,https://imperator-server.onrender.com/storage-proxy/gift_assets/symbols/Yogi_Shaman_0_3.png
Moon 0.5%,https://imperator-server.onrender.com/storage-proxy/gift_assets/symbols/Moon_0_5.png
Blood Drop 0.3%,https://imperator-server.onrender.com/storage-proxy/gift_assets/symbols/Blood_Drop_0_3.png
Crab 0.4%,https://imperator-server.onrender.com/storage-proxy/gift_assets/symbols/Crab_0_4.png
Koala 0.3%,https://imperator-server.onrender.com/storage-proxy/gift_assets/symbols/Koala_0_3.png
Bandage 0.3%,https://imperator-server.onrender.com/storage-proxy/gift_assets/symbols/Bandage_0_3.png
Gingerbread 0.5%,https://imperator-server.onrender.com/storage-proxy/gift_assets/symbols/Gingerbread_0_5.png
Wasp 0.3%,https://imperator-server.onrender.com/storage-proxy/gift_assets/symbols/Wasp_0_3.png
Hamburger 0.1%,https://imperator-server.onrender.com/storage-proxy/gift_assets/symbols/Hamburger_0_1.png
Spirit Impala 0.1%,https://imperator-server.onrender.com/storage-proxy/gift_assets/symbols/Spirit_Impala_0_1.png
Moon Cross 0.4%,https://imperator-server.onrender.com/storage-proxy/gift_assets/symbols/Moon_Cross_0_4.png
Planet 0.4%,https://imperator-server.onrender.com/storage-proxy/gift_assets/symbols/Planet_0_4.png
Shield 0.5%,https://imperator-server.onrender.com/storage-proxy/gift_assets/symbols/Shield_0_5.png
Boat 0.3%,https://imperator-server.onrender.com/storage-proxy/gift_assets/symbols/Boat_0_3.png
Gamepad 0.3%,https://imperator-server.onrender.com/storage-proxy/gift_assets/symbols/Gamepad_0_3.png
Toy Bucket 0.2%,https://imperator-server.onrender.com/storage-proxy/gift_assets/symbols/Toy_Bucket_0_2.png
Owl 0.3%,https://imperator-server.onrender.com/storage-proxy/gift_assets/symbols/Owl_0_3.png
Sun Lion 0.4%,https://imperator-server.onrender.com/storage-proxy/gift_assets/symbols/Sun_Lion_0_4.png
Bow Tie 0.3%,https://imperator-server.onrender.com/storage-proxy/gift_assets/symbols/Bow_Tie_0_3.png
Love Potion 0.2%,https://imperator-server.onrender.com/storage-proxy/gift_assets/symbols/Love_Potion_0_2.png
Lingerie 0.5%,https://imperator-server.onrender.com/storage-proxy/gift_assets/symbols/Lingerie_0_5.png
Water Drops 0.2%,https://imperator-server.onrender.com/storage-proxy/gift_assets/symbols/Water_Drops_0_2.png
Hearts 0.2%,https://imperator-server.onrender.com/storage-proxy/gift_assets/symbols/Hearts_0_2.png
Broken Heart 0.4%,https://imperator-server.onrender.com/storage-proxy/gift_assets/symbols/Broken_Heart_0_4.png
Black Cat 0.4%,https://imperator-server.onrender.com/storage-proxy/gift_assets/symbols/Black_Cat_0_4.png
Chick 0.2%,https://imperator-server.onrender.com/storage-proxy/gift_assets/symbols/Chick_0_2.png
Crystal 0.5%,https://imperator-server.onrender.com/storage-proxy/gift_assets/symbols/Crystal_0_5.png
Egg 0.2%,https://imperator-server.onrender.com/storage-proxy/gift_assets/symbols/Egg_0_2.png
Heart Lock 0.4%,https://imperator-server.onrender.com/storage-proxy/gift_assets/symbols/Heart_Lock_0_4.png
Ring 0.5%,https://imperator-server.onrender.com/storage-proxy/gift_assets/symbols/Ring_0_5.png
Succubus 0.4%,https://imperator-server.onrender.com/storage-proxy/gift_assets/symbols/Succubus_0_4.png
Love Mug 0.5%,https://imperator-server.onrender.com/storage-proxy/gift_assets/symbols/Love_Mug_0_5.png
Rooster 0.2%,https://imperator-server.onrender.com/storage-proxy/gift_assets/symbols/Rooster_0_2.png
Cake 0.5%,https://imperator-server.onrender.com/storage-proxy/gift_assets/symbols/Cake_0_5.png
Cupid 0.5%,https://imperator-server.onrender.com/storage-proxy/gift_assets/symbols/Cupid_0_5.png
Hot Matcha 0.2%,https://imperator-server.onrender.com/storage-proxy/gift_assets/symbols/Hot_Matcha_0_2.png
Bamboo 0.2%,https://imperator-server.onrender.com/storage-proxy/gift_assets/symbols/Bamboo_0_2.png
Wine Toast 0.4%,https://imperator-server.onrender.com/storage-proxy/gift_assets/symbols/Wine_Toast_0_4.png
Heart Box 0.5%,https://imperator-server.onrender.com/storage-proxy/gift_assets/symbols/Heart_Box_0_5.png
Jewel 0.5%,https://imperator-server.onrender.com/storage-proxy/gift_assets/symbols/Jewel_0_5.png
Magic Hat 0.2%,https://imperator-server.onrender.com/storage-proxy/gift_assets/symbols/Magic_Hat_0_2.png
Trinity Knot 0.5%,https://imperator-server.onrender.com/storage-proxy/gift_assets/symbols/Trinity_Knot_0_5.png
Muffin 0.5%,https://imperator-server.onrender.com/storage-proxy/gift_assets/symbols/Muffin_0_5.png
Shiny Heart 0.4%,https://imperator-server.onrender.com/storage-proxy/gift_assets/symbols/Shiny_Heart_0_4.png
Love Puzzle 0.5%,https://imperator-server.onrender.com/storage-proxy/gift_assets/symbols/Love_Puzzle_0_5.png
Rabbit Mask 0.5%,https://imperator-server.onrender.com/storage-proxy/gift_assets/symbols/Rabbit_Mask_0_5.png
Galaxy 0.2%,https://imperator-server.onrender.com/storage-proxy/gift_assets/symbols/Galaxy_0_2.png
Evil Dragon 0.4%,https://imperator-server.onrender.com/storage-proxy/gift_assets/symbols/Evil_Dragon_0_4.png
Sword Fight 0.2%,https://imperator-server.onrender.com/storage-proxy/gift_assets/symbols/Sword_Fight_0_2.png
Party Popper 0.4%,https://imperator-server.onrender.com/storage-proxy/gift_assets/symbols/Party_Popper_0_4.png
Teddy Bear 0.5%,https://imperator-server.onrender.com/storage-proxy/gift_assets/symbols/Teddy_Bear_0_5.png
Gift 0.5%,https://imperator-server.onrender.com/storage-proxy/gift_assets/symbols/Gift_0_5.png
Spider 0.5%,https://imperator-server.onrender.com/storage-proxy/gift_assets/symbols/Spider_0_5.png
Love Scene 0.4%,https://imperator-server.onrender.com/storage-proxy/gift_assets/symbols/Love_Scene_0_4.png
Sakura Flower 0.5%,https://imperator-server.onrender.com/storage-proxy/gift_assets/symbols/Sakura_Flower_0_5.png
War Tiger 0.4%,https://imperator-server.onrender.com/storage-proxy/gift_assets/symbols/War_Tiger_0_4.png
Shinto Shrine 0.5%,https://imperator-server.onrender.com/storage-proxy/gift_assets/symbols/Shinto_Shrine_0_5.png
Sweets Box 0.5%,https://imperator-server.onrender.com/storage-proxy/gift_assets/symbols/Sweets_Box_0_5.png
Blossom 0.4%,https://imperator-server.onrender.com/storage-proxy/gift_assets/symbols/Blossom_0_4.png
Balloon 0.4%,https://imperator-server.onrender.com/storage-proxy/gift_assets/symbols/Balloon_0_4.png
Valkyrie 0.4%,https://imperator-server.onrender.com/storage-proxy/gift_assets/symbols/Valkyrie_0_4.png
Headband 0.5%,https://imperator-server.onrender.com/storage-proxy/gift_assets/symbols/Headband_0_5.png
Old Candle 0.4%,https://imperator-server.onrender.com/storage-proxy/gift_assets/symbols/Old_Candle_0_4.png
Monarch 0.2%,https://imperator-server.onrender.com/storage-proxy/gift_assets/symbols/Monarch_0_2.png
Paper Lantern 0.4%,https://imperator-server.onrender.com/storage-proxy/gift_assets/symbols/Paper_Lantern_0_4.png
Heart Balloon 0.5%,https://imperator-server.onrender.com/storage-proxy/gift_assets/symbols/Heart_Balloon_0_5.png
Cupid’s Arrow 0.5%,https://imperator-server.onrender.com/storage-proxy/gift_assets/symbols/Cupid_s_Arrow_0_5.png
Handset 0.2%,https://imperator-server.onrender.com/storage-proxy/gift_assets/symbols/Handset_0_2.png
Pigeon 0.2%,https://imperator-server.onrender.com/storage-proxy/gift_assets/symbols/Pigeon_0_2.png
Yin-Yang 0.2%,https://imperator-server.onrender.com/storage-proxy/gift_assets/symbols/Yin-Yang_0_2.png
Warhorse 0.2%,https://imperator-server.onrender.com/storage-proxy/gift_assets/symbols/Warhorse_0_2.png
Ace Of Hearts 0.4%,https://imperator-server.onrender.com/storage-proxy/gift_assets/symbols/Ace_Of_Hearts_0_4.png
Neko Mask 0.4%,https://imperator-server.onrender.com/storage-proxy/gift_assets/symbols/Neko_Mask_0_4.png
Heraldic Lily 0.5%,https://imperator-server.onrender.com/storage-proxy/gift_assets/symbols/Heraldic_Lily_0_5.png
Love Bulb 0.5%,https://imperator-server.onrender.com/storage-proxy/gift_assets/symbols/Love_Bulb_0_5.png
Two Hearts 0.5%,https://imperator-server.onrender.com/storage-proxy/gift_assets/symbols/Two_Hearts_0_5.png
Flaming Heart 0.5%,https://imperator-server.onrender.com/storage-proxy/gift_assets/symbols/Flaming_Heart_0_5.png
Jolly Roger 0.4%,https://imperator-server.onrender.com/storage-proxy/gift_assets/symbols/Jolly_Roger_0_4.png
Flying Dragon 0.4%,https://imperator-server.onrender.com/storage-proxy/gift_assets/symbols/Flying_Dragon_0_4.png
Star 0.5%,https://imperator-server.onrender.com/storage-proxy/gift_assets/symbols/Star_0_5.png
Mustache 0.4%,https://imperator-server.onrender.com/storage-proxy/gift_assets/symbols/Mustache_0_4.png
Lovely Rose 0.2%,https://imperator-server.onrender.com/storage-proxy/gift_assets/symbols/Lovely_Rose_0_2.png
Angel 0.2%,https://imperator-server.onrender.com/storage-proxy/gift_assets/symbols/Angel_0_2.png
Pumpkin Coach 0.2%,https://imperator-server.onrender.com/storage-proxy/gift_assets/symbols/Pumpkin_Coach_0_2.png
Wagasa 0.4%,https://imperator-server.onrender.com/storage-proxy/gift_assets/symbols/Wagasa_0_4.png
Chili 0.4%,https://imperator-server.onrender.com/storage-proxy/gift_assets/symbols/Chili_0_4.png
Aubergine 0.5%,https://imperator-server.onrender.com/storage-proxy/gift_assets/symbols/Aubergine_0_5.png
Horn 0.2%,https://imperator-server.onrender.com/storage-proxy/gift_assets/symbols/Horn_0_2.png
Lovebirds 0.2%,https://imperator-server.onrender.com/storage-proxy/gift_assets/symbols/Lovebirds_0_2.png
Lovely Key 0.4%,https://imperator-server.onrender.com/storage-proxy/gift_assets/symbols/Lovely_Key_0_4.png
Mars & Venus 0.4%,https://imperator-server.onrender.com/storage-proxy/gift_assets/symbols/Mars_Venus_0_4.png
Watermelon 0.2%,https://imperator-server.onrender.com/storage-proxy/gift_assets/symbols/Watermelon_0_2.png
Lovely Bra 0.2%,https://imperator-server.onrender.com/storage-proxy/gift_assets/symbols/Lovely_Bra_0_2.png
Khinkali 0.2%,https://imperator-server.onrender.com/storage-proxy/gift_assets/symbols/Khinkali_0_2.png
Lovestruck 0.5%,https://imperator-server.onrender.com/storage-proxy/gift_assets/symbols/Lovestruck_0_5.png
Panty 0.2%,https://imperator-server.onrender.com/storage-proxy/gift_assets/symbols/Panty_0_2.png
Tiki Mask 0.2%,https://imperator-server.onrender.com/storage-proxy/gift_assets/symbols/Tiki_Mask_0_2.png
Crescent 0.2%,https://imperator-server.onrender.com/storage-proxy/gift_assets/symbols/Crescent_0_2.png
Handcuffs 0.4%,https://imperator-server.onrender.com/storage-proxy/gift_assets/symbols/Handcuffs_0_4.png
Mailbox 0.4%,https://imperator-server.onrender.com/storage-proxy/gift_assets/symbols/Mailbox_0_4.png
Love Cherry 0.4%,https://imperator-server.onrender.com/storage-proxy/gift_assets/symbols/Love_Cherry_0_4.png
Ice Pop 0.2%,https://imperator-server.onrender.com/storage-proxy/gift_assets/symbols/Ice_Pop_0_2.png
Rainbow 0.4%,https://imperator-server.onrender.com/storage-proxy/gift_assets/symbols/Rainbow_0_4.png
Sea Dragon 0.2%,https://imperator-server.onrender.com/storage-proxy/gift_assets/symbols/Sea_Dragon_0_2.png
Double Bed 0.2%,https://imperator-server.onrender.com/storage-proxy/gift_assets/symbols/Double_Bed_0_2.png
Love 0.4%,https://imperator-server.onrender.com/storage-proxy/gift_assets/symbols/Love_0_4.png
Coonskin Cap 0.3%,https://imperator-server.onrender.com/storage-proxy/gift_assets/symbols/Coonskin_Cap_0_3.png
Arabian Horse 0.3%,https://imperator-server.onrender.com/storage-proxy/gift_assets/symbols/Arabian_Horse_0_3.png
Breeze 0.5%,https://imperator-server.onrender.com/storage-proxy/gift_assets/symbols/Breeze_0_5.png
Pencil 0.5%,https://imperator-server.onrender.com/storage-proxy/gift_assets/symbols/Pencil_0_5.png
Egg Basket 0.5%,https://imperator-server.onrender.com/storage-proxy/gift_assets/symbols/Egg_Basket_0_5.png
Earth 0.4%,https://imperator-server.onrender.com/storage-proxy/gift_assets/symbols/Earth_0_4.png
Doghouse 0.2%,https://imperator-server.onrender.com/storage-proxy/gift_assets/symbols/Doghouse_0_2.png
Toilet 0.4%,https://imperator-server.onrender.com/storage-proxy/gift_assets/symbols/Toilet_0_4.png
Robin Hood 0.3%,https://imperator-server.onrender.com/storage-proxy/gift_assets/symbols/Robin_Hood_0_3.png
Conical Hat 0.3%,https://imperator-server.onrender.com/storage-proxy/gift_assets/symbols/Conical_Hat_0_3.png
Sun Mountain 0.3%,https://imperator-server.onrender.com/storage-proxy/gift_assets/symbols/Sun_Mountain_0_3.png
Bucket Hat 0.4%,https://imperator-server.onrender.com/storage-proxy/gift_assets/symbols/Bucket_Hat_0_4.png
Nigiri 0.4%,https://imperator-server.onrender.com/storage-proxy/gift_assets/symbols/Nigiri_0_4.png
Porrige 0.5%,https://imperator-server.onrender.com/storage-proxy/gift_assets/symbols/Porrige_0_5.png
Bike Helmet 0.3%,https://imperator-server.onrender.com/storage-proxy/gift_assets/symbols/Bike_Helmet_0_3.png
Evil Dragon 0.5%,https://imperator-server.onrender.com/storage-proxy/gift_assets/symbols/Evil_Dragon_0_5.png
Aztec Totem 0.5%,https://imperator-server.onrender.com/storage-proxy/gift_assets/symbols/Aztec_Totem_0_5.png
Two Katanas 0.3%,https://imperator-server.onrender.com/storage-proxy/gift_assets/symbols/Two_Katanas_0_3.png
Gift Box 0.5%,https://imperator-server.onrender.com/storage-proxy/gift_assets/symbols/Gift_Box_0_5.png
Propeller Cap 0.5%,https://imperator-server.onrender.com/storage-proxy/gift_assets/symbols/Propeller_Cap_0_5.png
Kashket 0.5%,https://imperator-server.onrender.com/storage-proxy/gift_assets/symbols/Kashket_0_5.png
Light Bulb 0.3%,https://imperator-server.onrender.com/storage-proxy/gift_assets/symbols/Light_Bulb_0_3.png
Spirit Impala 0.5%,https://imperator-server.onrender.com/storage-proxy/gift_assets/symbols/Spirit_Impala_0_5.png
Ball 0.5%,https://imperator-server.onrender.com/storage-proxy/gift_assets/symbols/Ball_0_5.png
Crown 0.2%,https://imperator-server.onrender.com/storage-proxy/gift_assets/symbols/Crown_0_2.png
Beanie 0.5%,https://imperator-server.onrender.com/storage-proxy/gift_assets/symbols/Beanie_0_5.png
Scorpion 0.3%,https://imperator-server.onrender.com/storage-proxy/gift_assets/symbols/Scorpion_0_3.png
Silver Ibis 0.5%,https://imperator-server.onrender.com/storage-proxy/gift_assets/symbols/Silver_Ibis_0_5.png
Bread 0.3%,https://imperator-server.onrender.com/storage-proxy/gift_assets/symbols/Bread_0_3.png
Radar 0.1%,https://imperator-server.onrender.com/storage-proxy/gift_assets/symbols/Radar_0_1.png
Paw Print 0.5%,https://imperator-server.onrender.com/storage-proxy/gift_assets/symbols/Paw_Print_0_5.png
Bull of Heaven 0.3%,https://imperator-server.onrender.com/storage-proxy/gift_assets/symbols/Bull_of_Heaven_0_3.png
Pith Helmet 0.5%,https://imperator-server.onrender.com/storage-proxy/gift_assets/symbols/Pith_Helmet_0_5.png
Tetsubin 0.5%,https://imperator-server.onrender.com/storage-proxy/gift_assets/symbols/Tetsubin_0_5.png
Bubbles 0.3%,https://imperator-server.onrender.com/storage-proxy/gift_assets/symbols/Bubbles_0_3.png
Ram of Amun 0.3%,https://imperator-server.onrender.com/storage-proxy/gift_assets/symbols/Ram_of_Amun_0_3.png
Moto Helmet 0.3%,https://imperator-server.onrender.com/storage-proxy/gift_assets/symbols/Moto_Helmet_0_3.png
Spider Web 0.3%,https://imperator-server.onrender.com/storage-proxy/gift_assets/symbols/Spider_Web_0_3.png
Ushanka 0.5%,https://imperator-server.onrender.com/storage-proxy/gift_assets/symbols/Ushanka_0_5.png
High Hat 0.3%,https://imperator-server.onrender.com/storage-proxy/gift_assets/symbols/High_Hat_0_3.png
Paper Lantern 0.3%,https://imperator-server.onrender.com/storage-proxy/gift_assets/symbols/Paper_Lantern_0_3.png
Moon Face 0.3%,https://imperator-server.onrender.com/storage-proxy/gift_assets/symbols/Moon_Face_0_3.png
Candle 0.1%,https://imperator-server.onrender.com/storage-proxy/gift_assets/symbols/Candle_0_1.png
Winged Helmet 0.2%,https://imperator-server.onrender.com/storage-proxy/gift_assets/symbols/Winged_Helmet_0_2.png
Hamburger 0.3%,https://imperator-server.onrender.com/storage-proxy/gift_assets/symbols/Hamburger_0_3.png
Spider 0.4%,https://imperator-server.onrender.com/storage-proxy/gift_assets/symbols/Spider_0_4.png
Wontons 0.5%,https://imperator-server.onrender.com/storage-proxy/gift_assets/symbols/Wontons_0_5.png
Flag 0.3%,https://imperator-server.onrender.com/storage-proxy/gift_assets/symbols/Flag_0_3.png
Divine Falcon 0.3%,https://imperator-server.onrender.com/storage-proxy/gift_assets/symbols/Divine_Falcon_0_3.png
Teru Bōzu 0.3%,https://imperator-server.onrender.com/storage-proxy/gift_assets/symbols/Teru_B_zu_0_3.png
Horseshoe 0.3%,https://imperator-server.onrender.com/storage-proxy/gift_assets/symbols/Horseshoe_0_3.png
Earflap Hat 0.2%,https://imperator-server.onrender.com/storage-proxy/gift_assets/symbols/Earflap_Hat_0_2.png
Lemon Slice 0.3%,https://imperator-server.onrender.com/storage-proxy/gift_assets/symbols/Lemon_Slice_0_3.png
Dolphin 0.5%,https://imperator-server.onrender.com/storage-proxy/gift_assets/symbols/Dolphin_0_5.png
Tsunami 0.4%,https://imperator-server.onrender.com/storage-proxy/gift_assets/symbols/Tsunami_0_4.png
Eyeball 1%,https://imperator-server.onrender.com/storage-proxy/gift_assets/symbols/Eyeball_1.png
Spellbook 0.8%,https://imperator-server.onrender.com/storage-proxy/gift_assets/symbols/Spellbook_0_8.png
Coffin 1%,https://imperator-server.onrender.com/storage-proxy/gift_assets/symbols/Coffin_1.png
Magic Vial 1%,https://imperator-server.onrender.com/storage-proxy/gift_assets/symbols/Magic_Vial_1.png
Tarot Cards 1%,https://imperator-server.onrender.com/storage-proxy/gift_assets/symbols/Tarot_Cards_1.png
Creepy Eye 1%,https://imperator-server.onrender.com/storage-proxy/gift_assets/symbols/Creepy_Eye_1.png
Cow Skull 0.8%,https://imperator-server.onrender.com/storage-proxy/gift_assets/symbols/Cow_Skull_0_8.png
Jaws 0.8%,https://imperator-server.onrender.com/storage-proxy/gift_assets/symbols/Jaws_0_8.png
Human Scull 1%,https://imperator-server.onrender.com/storage-proxy/gift_assets/symbols/Human_Scull_1.png
Witch’s Hat 1%,https://imperator-server.onrender.com/storage-proxy/gift_assets/symbols/Witch_s_Hat_1.png
Vampire Bat 0.8%,https://imperator-server.onrender.com/storage-proxy/gift_assets/symbols/Vampire_Bat_0_8.png
Wise Raven 0.8%,https://imperator-server.onrender.com/storage-proxy/gift_assets/symbols/Wise_Raven_0_8.png
Baphomet 1%,https://imperator-server.onrender.com/storage-proxy/gift_assets/symbols/Baphomet_1.png
Zombie Hand 0.8%,https://imperator-server.onrender.com/storage-proxy/gift_assets/symbols/Zombie_Hand_0_8.png
Old Candle 1%,https://imperator-server.onrender.com/storage-proxy/gift_assets/symbols/Old_Candle_1.png
Voodoo Doll 1%,https://imperator-server.onrender.com/storage-proxy/gift_assets/symbols/Voodoo_Doll_1.png
Potion 1%,https://imperator-server.onrender.com/storage-proxy/gift_assets/symbols/Potion_1.png
Arcane Mirror 1%,https://imperator-server.onrender.com/storage-proxy/gift_assets/symbols/Arcane_Mirror_1.png
Old Scull 0.8%,https://imperator-server.onrender.com/storage-proxy/gift_assets/symbols/Old_Scull_0_8.png
Magic Wand 1%,https://imperator-server.onrender.com/storage-proxy/gift_assets/symbols/Magic_Wand_1.png
Nice Ghost 1%,https://imperator-server.onrender.com/storage-proxy/gift_assets/symbols/Nice_Ghost_1.png
All-Seeing Eye 0.4%,https://imperator-server.onrender.com/storage-proxy/gift_assets/symbols/All-Seeing_Eye_0_4.png
Grim Reaper 0.5%,https://imperator-server.onrender.com/storage-proxy/gift_assets/symbols/Grim_Reaper_0_5.png
Sailor Hat 0.4%,https://imperator-server.onrender.com/storage-proxy/gift_assets/symbols/Sailor_Hat_0_4.png
Bloody Axe 0.8%,https://imperator-server.onrender.com/storage-proxy/gift_assets/symbols/Bloody_Axe_0_8.png
Lollipop 0.8%,https://imperator-server.onrender.com/storage-proxy/gift_assets/symbols/Lollipop_0_8.png
Evil Dragon 1%,https://imperator-server.onrender.com/storage-proxy/gift_assets/symbols/Evil_Dragon_1.png
Black Cat 1%,https://imperator-server.onrender.com/storage-proxy/gift_assets/symbols/Black_Cat_1.png
Crescent 1%,https://imperator-server.onrender.com/storage-proxy/gift_assets/symbols/Crescent_1.png
Autumn Leaves 1%,https://imperator-server.onrender.com/storage-proxy/gift_assets/symbols/Autumn_Leaves_1.png
Tombstone 1%,https://imperator-server.onrender.com/storage-proxy/gift_assets/symbols/Tombstone_1.png
Pirate Scull 1%,https://imperator-server.onrender.com/storage-proxy/gift_assets/symbols/Pirate_Scull_1.png
Flying Witch 0.5%,https://imperator-server.onrender.com/storage-proxy/gift_assets/symbols/Flying_Witch_0_5.png
Hex Pot 0.8%,https://imperator-server.onrender.com/storage-proxy/gift_assets/symbols/Hex_Pot_0_8.png
Black Widow 0.5%,https://imperator-server.onrender.com/storage-proxy/gift_assets/symbols/Black_Widow_0_5.png
Nemean Lion 0.5%,https://imperator-server.onrender.com/storage-proxy/gift_assets/symbols/Nemean_Lion_0_5.png
Ice Cream 0.2%,https://imperator-server.onrender.com/storage-proxy/gift_assets/symbols/Ice_Cream_0_2.png
Ramen 0.5%,https://imperator-server.onrender.com/storage-proxy/gift_assets/symbols/Ramen_0_5.png
Haunted House 0.5%,https://imperator-server.onrender.com/storage-proxy/gift_assets/symbols/Haunted_House_0_5.png
Spooky Cat 0.8%,https://imperator-server.onrender.com/storage-proxy/gift_assets/symbols/Spooky_Cat_0_8.png
Treats 0.5%,https://imperator-server.onrender.com/storage-proxy/gift_assets/symbols/Treats_0_5.png
Gravestone 0.8%,https://imperator-server.onrender.com/storage-proxy/gift_assets/symbols/Gravestone_0_8.png
Jolly Roger 0.8%,https://imperator-server.onrender.com/storage-proxy/gift_assets/symbols/Jolly_Roger_0_8.png
Crystal 1%,https://imperator-server.onrender.com/storage-proxy/gift_assets/symbols/Crystal_1.png
Happy Smile 1%,https://imperator-server.onrender.com/storage-proxy/gift_assets/symbols/Happy_Smile_1.png
Jack-O-Lantern 0.8%,https://imperator-server.onrender.com/storage-proxy/gift_assets/symbols/Jack-O-Lantern_0_8.png
Anubis 1%,https://imperator-server.onrender.com/storage-proxy/gift_assets/symbols/Anubis_1.png
Sauron 0.8%,https://imperator-server.onrender.com/storage-proxy/gift_assets/symbols/Sauron_0_8.png
Evil Pumpkin 0.5%,https://imperator-server.onrender.com/storage-proxy/gift_assets/symbols/Evil_Pumpkin_0_5.png
Scarecrow 1%,https://imperator-server.onrender.com/storage-proxy/gift_assets/symbols/Scarecrow_1.png
Crystal Ball 0.8%,https://imperator-server.onrender.com/storage-proxy/gift_assets/symbols/Crystal_Ball_0_8.png
Severed Hand 0.8%,https://imperator-server.onrender.com/storage-proxy/gift_assets/symbols/Severed_Hand_0_8.png
Cauldron 0.8%,https://imperator-server.onrender.com/storage-proxy/gift_assets/symbols/Cauldron_0_8.png
Oculus 0.8%,https://imperator-server.onrender.com/storage-proxy/gift_assets/symbols/Oculus_0_8.png
Magic Hat 0.8%,https://imperator-server.onrender.com/storage-proxy/gift_assets/symbols/Magic_Hat_0_8.png
Pumpkin Coach 1%,https://imperator-server.onrender.com/storage-proxy/gift_assets/symbols/Pumpkin_Coach_1.png
Poison Drop 0.8%,https://imperator-server.onrender.com/storage-proxy/gift_assets/symbols/Poison_Drop_0_8.png
Dagger 0.8%,https://imperator-server.onrender.com/storage-proxy/gift_assets/symbols/Dagger_0_8.png
Cactus 0.5%,https://imperator-server.onrender.com/storage-proxy/gift_assets/symbols/Cactus_0_5.png
Palette 0.4%,https://imperator-server.onrender.com/storage-proxy/gift_assets/symbols/Palette_0_4.png
Blood Drop 1%,https://imperator-server.onrender.com/storage-proxy/gift_assets/symbols/Blood_Drop_1.png
Mortar 0.8%,https://imperator-server.onrender.com/storage-proxy/gift_assets/symbols/Mortar_0_8.png
Casket 0.8%,https://imperator-server.onrender.com/storage-proxy/gift_assets/symbols/Casket_0_8.png
Ghost 1%,https://imperator-server.onrender.com/storage-proxy/gift_assets/symbols/Ghost_1.png
Trinity Knot 0.4%,https://imperator-server.onrender.com/storage-proxy/gift_assets/symbols/Trinity_Knot_0_4.png
Crow 1%,https://imperator-server.onrender.com/storage-proxy/gift_assets/symbols/Crow_1.png
Night Bats 1%,https://imperator-server.onrender.com/storage-proxy/gift_assets/symbols/Night_Bats_1.png
Skull 1%,https://imperator-server.onrender.com/storage-proxy/gift_assets/symbols/Skull_1.png
Cowboy Hat 0.5%,https://imperator-server.onrender.com/storage-proxy/gift_assets/symbols/Cowboy_Hat_0_5.png
Spider 0.8%,https://imperator-server.onrender.com/storage-proxy/gift_assets/symbols/Spider_0_8.png
Half Moon 0.5%,https://imperator-server.onrender.com/storage-proxy/gift_assets/symbols/Half_Moon_0_5.png
Voodoo 0.8%,https://imperator-server.onrender.com/storage-proxy/gift_assets/symbols/Voodoo_0_8.png
Winged Helm 0.4%,https://imperator-server.onrender.com/storage-proxy/gift_assets/symbols/Winged_Helm_0_4.png
Magic Elixir 0.5%,https://imperator-server.onrender.com/storage-proxy/gift_assets/symbols/Magic_Elixir_0_5.png
Bicorne 0.2%,https://imperator-server.onrender.com/storage-proxy/gift_assets/symbols/Bicorne_0_2.png
Witch Hat 0.8%,https://imperator-server.onrender.com/storage-proxy/gift_assets/symbols/Witch_Hat_0_8.png
Night Bats 1.5%,https://imperator-server.onrender.com/storage-proxy/gift_assets/symbols/Night_Bats_1_5.png
Moon 1.8%,https://imperator-server.onrender.com/storage-proxy/gift_assets/symbols/Moon_1_8.png
Evil Pumpkin 1.8%,https://imperator-server.onrender.com/storage-proxy/gift_assets/symbols/Evil_Pumpkin_1_8.png
Sauron 1.8%,https://imperator-server.onrender.com/storage-proxy/gift_assets/symbols/Sauron_1_8.png
Magic Wand 1.8%,https://imperator-server.onrender.com/storage-proxy/gift_assets/symbols/Magic_Wand_1_8.png
Candle 1.8%,https://imperator-server.onrender.com/storage-proxy/gift_assets/symbols/Candle_1_8.png
Spooky Cat 1.5%,https://imperator-server.onrender.com/storage-proxy/gift_assets/symbols/Spooky_Cat_1_5.png
Skull 1.2%,https://imperator-server.onrender.com/storage-proxy/gift_assets/symbols/Skull_1_2.png
Gravestone 1.5%,https://imperator-server.onrender.com/storage-proxy/gift_assets/symbols/Gravestone_1_5.png
Voodoo Doll 1.5%,https://imperator-server.onrender.com/storage-proxy/gift_assets/symbols/Voodoo_Doll_1_5.png
Witch’s Hat 1.2%,https://imperator-server.onrender.com/storage-proxy/gift_assets/symbols/Witch_s_Hat_1_2.png
Poison Drop 1.2%,https://imperator-server.onrender.com/storage-proxy/gift_assets/symbols/Poison_Drop_1_2.png
Ghost 1.8%,https://imperator-server.onrender.com/storage-proxy/gift_assets/symbols/Ghost_1_8.png
Autumn Leaves 1.8%,https://imperator-server.onrender.com/storage-proxy/gift_assets/symbols/Autumn_Leaves_1_8.png
Illuminati 1.8%,https://imperator-server.onrender.com/storage-proxy/gift_assets/symbols/Illuminati_1_8.png
Crow 1.2%,https://imperator-server.onrender.com/storage-proxy/gift_assets/symbols/Crow_1_2.png
Lollipop 1.5%,https://imperator-server.onrender.com/storage-proxy/gift_assets/symbols/Lollipop_1_5.png
Black Widow 1.2%,https://imperator-server.onrender.com/storage-proxy/gift_assets/symbols/Black_Widow_1_2.png
Baphomet 1.8%,https://imperator-server.onrender.com/storage-proxy/gift_assets/symbols/Baphomet_1_8.png
Coffin 1.8%,https://imperator-server.onrender.com/storage-proxy/gift_assets/symbols/Coffin_1_8.png
Half Moon 1.2%,https://imperator-server.onrender.com/storage-proxy/gift_assets/symbols/Half_Moon_1_2.png
Blood Drop 1.5%,https://imperator-server.onrender.com/storage-proxy/gift_assets/symbols/Blood_Drop_1_5.png
Sparks 0.4%,https://imperator-server.onrender.com/storage-proxy/gift_assets/symbols/Sparks_0_4.png
Scarecrow 1.8%,https://imperator-server.onrender.com/storage-proxy/gift_assets/symbols/Scarecrow_1_8.png
Cauldron 1.8%,https://imperator-server.onrender.com/storage-proxy/gift_assets/symbols/Cauldron_1_8.png
Happy Smile 1.5%,https://imperator-server.onrender.com/storage-proxy/gift_assets/symbols/Happy_Smile_1_5.png
Nice Ghost 1.8%,https://imperator-server.onrender.com/storage-proxy/gift_assets/symbols/Nice_Ghost_1_8.png
Chest 0.4%,https://imperator-server.onrender.com/storage-proxy/gift_assets/symbols/Chest_0_4.png
Jaws 1.8%,https://imperator-server.onrender.com/storage-proxy/gift_assets/symbols/Jaws_1_8.png
Treats 1.8%,https://imperator-server.onrender.com/storage-proxy/gift_assets/symbols/Treats_1_8.png
Crystal Ball 1.5%,https://imperator-server.onrender.com/storage-proxy/gift_assets/symbols/Crystal_Ball_1_5.png
Severed Hand 1.8%,https://imperator-server.onrender.com/storage-proxy/gift_assets/symbols/Severed_Hand_1_8.png
Human Scull 1.2%,https://imperator-server.onrender.com/storage-proxy/gift_assets/symbols/Human_Scull_1_2.png
Flying Witch 1.2%,https://imperator-server.onrender.com/storage-proxy/gift_assets/symbols/Flying_Witch_1_2.png
Fish Skeleton 1.8%,https://imperator-server.onrender.com/storage-proxy/gift_assets/symbols/Fish_Skeleton_1_8.png
Glasses 0.4%,https://imperator-server.onrender.com/storage-proxy/gift_assets/symbols/Glasses_0_4.png
Strawberry 0.5%,https://imperator-server.onrender.com/storage-proxy/gift_assets/symbols/Strawberry_0_5.png
Bloody Axe 1.8%,https://imperator-server.onrender.com/storage-proxy/gift_assets/symbols/Bloody_Axe_1_8.png
Mannaz Rune 0.4%,https://imperator-server.onrender.com/storage-proxy/gift_assets/symbols/Mannaz_Rune_0_4.png
Spider Web 1.2%,https://imperator-server.onrender.com/storage-proxy/gift_assets/symbols/Spider_Web_1_2.png
Grim Reaper 1.2%,https://imperator-server.onrender.com/storage-proxy/gift_assets/symbols/Grim_Reaper_1_2.png
Potion 1.8%,https://imperator-server.onrender.com/storage-proxy/gift_assets/symbols/Potion_1_8.png
Eyeball 1.8%,https://imperator-server.onrender.com/storage-proxy/gift_assets/symbols/Eyeball_1_8.png
Bandage 0.4%,https://imperator-server.onrender.com/storage-proxy/gift_assets/symbols/Bandage_0_4.png
Dessert 1.1%,https://imperator-server.onrender.com/storage-proxy/gift_assets/symbols/Dessert_1_1.png
Chocolate 1.1%,https://imperator-server.onrender.com/storage-proxy/gift_assets/symbols/Chocolate_1_1.png
Shooting Star 1.1%,https://imperator-server.onrender.com/storage-proxy/gift_assets/symbols/Shooting_Star_1_1.png
Candle 1.1%,https://imperator-server.onrender.com/storage-proxy/gift_assets/symbols/Candle_1_1.png
Lovely Rain 1.1%,https://imperator-server.onrender.com/storage-proxy/gift_assets/symbols/Lovely_Rain_1_1.png
Apple 1.1%,https://imperator-server.onrender.com/storage-proxy/gift_assets/symbols/Apple_1_1.png
Fleur-de-lis 0.8%,https://imperator-server.onrender.com/storage-proxy/gift_assets/symbols/Fleur-de-lis_0_8.png
Cocktail 1.1%,https://imperator-server.onrender.com/storage-proxy/gift_assets/symbols/Cocktail_1_1.png
Lovely Key 1.1%,https://imperator-server.onrender.com/storage-proxy/gift_assets/symbols/Lovely_Key_1_1.png
Champagne 1.1%,https://imperator-server.onrender.com/storage-proxy/gift_assets/symbols/Champagne_1_1.png
Heartbeat 1.1%,https://imperator-server.onrender.com/storage-proxy/gift_assets/symbols/Heartbeat_1_1.png
Double Bed 0.8%,https://imperator-server.onrender.com/storage-proxy/gift_assets/symbols/Double_Bed_0_8.png
Loveberry 0.8%,https://imperator-server.onrender.com/storage-proxy/gift_assets/symbols/Loveberry_0_8.png
Fluffy Wolf 0.8%,https://imperator-server.onrender.com/storage-proxy/gift_assets/symbols/Fluffy_Wolf_0_8.png
Venetian Mask 1.1%,https://imperator-server.onrender.com/storage-proxy/gift_assets/symbols/Venetian_Mask_1_1.png
Lips 0.8%,https://imperator-server.onrender.com/storage-proxy/gift_assets/symbols/Lips_0_8.png
Grape 0.8%,https://imperator-server.onrender.com/storage-proxy/gift_assets/symbols/Grape_0_8.png
Napkins 0.5%,https://imperator-server.onrender.com/storage-proxy/gift_assets/symbols/Napkins_0_5.png
Heart 1.1%,https://imperator-server.onrender.com/storage-proxy/gift_assets/symbols/Heart_1_1.png
Ring 1.1%,https://imperator-server.onrender.com/storage-proxy/gift_assets/symbols/Ring_1_1.png
Star Crown 1.1%,https://imperator-server.onrender.com/storage-proxy/gift_assets/symbols/Star_Crown_1_1.png
Love Dove 0.5%,https://imperator-server.onrender.com/storage-proxy/gift_assets/symbols/Love_Dove_0_5.png
Lily 1.1%,https://imperator-server.onrender.com/storage-proxy/gift_assets/symbols/Lily_1_1.png
Watermelon 0.8%,https://imperator-server.onrender.com/storage-proxy/gift_assets/symbols/Watermelon_0_8.png
Lovely Rose 0.5%,https://imperator-server.onrender.com/storage-proxy/gift_assets/symbols/Lovely_Rose_0_5.png
Flower 0.8%,https://imperator-server.onrender.com/storage-proxy/gift_assets/symbols/Flower_0_8.png
Paw 0.8%,https://imperator-server.onrender.com/storage-proxy/gift_assets/symbols/Paw_0_8.png
Aubergine 1.1%,https://imperator-server.onrender.com/storage-proxy/gift_assets/symbols/Aubergine_1_1.png
Key 1.1%,https://imperator-server.onrender.com/storage-proxy/gift_assets/symbols/Key_1_1.png
Blossom 0.8%,https://imperator-server.onrender.com/storage-proxy/gift_assets/symbols/Blossom_0_8.png
Cute Bear 1.1%,https://imperator-server.onrender.com/storage-proxy/gift_assets/symbols/Cute_Bear_1_1.png
Cherry 1.1%,https://imperator-server.onrender.com/storage-proxy/gift_assets/symbols/Cherry_1_1.png
Love Letter 0.8%,https://imperator-server.onrender.com/storage-proxy/gift_assets/symbols/Love_Letter_0_8.png
Broken Heart 0.8%,https://imperator-server.onrender.com/storage-proxy/gift_assets/symbols/Broken_Heart_0_8.png
Mask 1.1%,https://imperator-server.onrender.com/storage-proxy/gift_assets/symbols/Mask_1_1.png
Eggplant 1.1%,https://imperator-server.onrender.com/storage-proxy/gift_assets/symbols/Eggplant_1_1.png
Stilettos 1.1%,https://imperator-server.onrender.com/storage-proxy/gift_assets/symbols/Stilettos_1_1.png
Butterfly 0.5%,https://imperator-server.onrender.com/storage-proxy/gift_assets/symbols/Butterfly_0_5.png
Carambola 1.1%,https://imperator-server.onrender.com/storage-proxy/gift_assets/symbols/Carambola_1_1.png
Sakura 1.1%,https://imperator-server.onrender.com/storage-proxy/gift_assets/symbols/Sakura_1_1.png
Strawberry 1.1%,https://imperator-server.onrender.com/storage-proxy/gift_assets/symbols/Strawberry_1_1.png
Rabbit 0.8%,https://imperator-server.onrender.com/storage-proxy/gift_assets/symbols/Rabbit_0_8.png
Plume 0.8%,https://imperator-server.onrender.com/storage-proxy/gift_assets/symbols/Plume_0_8.png
Kitty Cat 0.5%,https://imperator-server.onrender.com/storage-proxy/gift_assets/symbols/Kitty_Cat_0_5.png
Pear 0.8%,https://imperator-server.onrender.com/storage-proxy/gift_assets/symbols/Pear_0_8.png
Cunning Fox 0.5%,https://imperator-server.onrender.com/storage-proxy/gift_assets/symbols/Cunning_Fox_0_5.png
Bloody Axe 1.6%,https://imperator-server.onrender.com/storage-proxy/gift_assets/symbols/Bloody_Axe_1_6.png
Eyeball 2%,https://imperator-server.onrender.com/storage-proxy/gift_assets/symbols/Eyeball_2.png
Grim Reaper 2.4%,https://imperator-server.onrender.com/storage-proxy/gift_assets/symbols/Grim_Reaper_2_4.png
Voodoo Doll 2.4%,https://imperator-server.onrender.com/storage-proxy/gift_assets/symbols/Voodoo_Doll_2_4.png
Magic Wand 2.4%,https://imperator-server.onrender.com/storage-proxy/gift_assets/symbols/Magic_Wand_2_4.png
Skull 2.4%,https://imperator-server.onrender.com/storage-proxy/gift_assets/symbols/Skull_2_4.png
Moon 2.4%,https://imperator-server.onrender.com/storage-proxy/gift_assets/symbols/Moon_2_4.png
Ghost 1.6%,https://imperator-server.onrender.com/storage-proxy/gift_assets/symbols/Ghost_1_6.png
Human Scull 2.4%,https://imperator-server.onrender.com/storage-proxy/gift_assets/symbols/Human_Scull_2_4.png
Flying Witch 2%,https://imperator-server.onrender.com/storage-proxy/gift_assets/symbols/Flying_Witch_2.png
Potion 2.4%,https://imperator-server.onrender.com/storage-proxy/gift_assets/symbols/Potion_2_4.png
Sauron 2.4%,https://imperator-server.onrender.com/storage-proxy/gift_assets/symbols/Sauron_2_4.png
Treats 2%,https://imperator-server.onrender.com/storage-proxy/gift_assets/symbols/Treats_2.png
Fish Skeleton 2%,https://imperator-server.onrender.com/storage-proxy/gift_assets/symbols/Fish_Skeleton_2.png
Witch’s Hat 1.6%,https://imperator-server.onrender.com/storage-proxy/gift_assets/symbols/Witch_s_Hat_1_6.png
Half Moon 2.4%,https://imperator-server.onrender.com/storage-proxy/gift_assets/symbols/Half_Moon_2_4.png
Jaws 1.6%,https://imperator-server.onrender.com/storage-proxy/gift_assets/symbols/Jaws_1_6.png
Lollipop 1.6%,https://imperator-server.onrender.com/storage-proxy/gift_assets/symbols/Lollipop_1_6.png
Severed Hand 2%,https://imperator-server.onrender.com/storage-proxy/gift_assets/symbols/Severed_Hand_2.png
Gravestone 1.6%,https://imperator-server.onrender.com/storage-proxy/gift_assets/symbols/Gravestone_1_6.png
Spooky Cat 2%,https://imperator-server.onrender.com/storage-proxy/gift_assets/symbols/Spooky_Cat_2.png
Autumn Leaves 1.6%,https://imperator-server.onrender.com/storage-proxy/gift_assets/symbols/Autumn_Leaves_1_6.png
Baphomet 2.4%,https://imperator-server.onrender.com/storage-proxy/gift_assets/symbols/Baphomet_2_4.png
Black Widow 2.4%,https://imperator-server.onrender.com/storage-proxy/gift_assets/symbols/Black_Widow_2_4.png
Evil Pumpkin 1.6%,https://imperator-server.onrender.com/storage-proxy/gift_assets/symbols/Evil_Pumpkin_1_6.png
Sakura 0.2%,https://imperator-server.onrender.com/storage-proxy/gift_assets/symbols/Sakura_0_2.png
Cauldron 1.6%,https://imperator-server.onrender.com/storage-proxy/gift_assets/symbols/Cauldron_1_6.png
Inca Sun 0.2%,https://imperator-server.onrender.com/storage-proxy/gift_assets/symbols/Inca_Sun_0_2.png
High Heels 0.2%,https://imperator-server.onrender.com/storage-proxy/gift_assets/symbols/High_Heels_0_2.png
Guitar 0.9%,https://imperator-server.onrender.com/storage-proxy/gift_assets/symbols/Guitar_0_9.png
Tie 0.7%,https://imperator-server.onrender.com/storage-proxy/gift_assets/symbols/Tie_0_7.png
Bunny 1.4%,https://imperator-server.onrender.com/storage-proxy/gift_assets/symbols/Bunny_1_4.png
Pearl 0.7%,https://imperator-server.onrender.com/storage-proxy/gift_assets/symbols/Pearl_0_7.png
Chili 0.9%,https://imperator-server.onrender.com/storage-proxy/gift_assets/symbols/Chili_0_9.png
Bow Tie 0.7%,https://imperator-server.onrender.com/storage-proxy/gift_assets/symbols/Bow_Tie_0_7.png
Ring 0.9%,https://imperator-server.onrender.com/storage-proxy/gift_assets/symbols/Ring_0_9.png
Cheese 1.1%,https://imperator-server.onrender.com/storage-proxy/gift_assets/symbols/Cheese_1_1.png
Grape 0.7%,https://imperator-server.onrender.com/storage-proxy/gift_assets/symbols/Grape_0_7.png
Conch 1.4%,https://imperator-server.onrender.com/storage-proxy/gift_assets/symbols/Conch_1_4.png
Sun 0.6%,https://imperator-server.onrender.com/storage-proxy/gift_assets/symbols/Sun_0_6.png
Maple Leaf 0.6%,https://imperator-server.onrender.com/storage-proxy/gift_assets/symbols/Maple_Leaf_0_6.png
Tulip 0.9%,https://imperator-server.onrender.com/storage-proxy/gift_assets/symbols/Tulip_0_9.png
Cactus 0.7%,https://imperator-server.onrender.com/storage-proxy/gift_assets/symbols/Cactus_0_7.png
Fish 0.7%,https://imperator-server.onrender.com/storage-proxy/gift_assets/symbols/Fish_0_7.png
Paw 0.7%,https://imperator-server.onrender.com/storage-proxy/gift_assets/symbols/Paw_0_7.png
Pineapple 0.7%,https://imperator-server.onrender.com/storage-proxy/gift_assets/symbols/Pineapple_0_7.png
Paper Crane 0.7%,https://imperator-server.onrender.com/storage-proxy/gift_assets/symbols/Paper_Crane_0_7.png
Hippo 0.7%,https://imperator-server.onrender.com/storage-proxy/gift_assets/symbols/Hippo_0_7.png
Feather 0.9%,https://imperator-server.onrender.com/storage-proxy/gift_assets/symbols/Feather_0_9.png
Koala 0.7%,https://imperator-server.onrender.com/storage-proxy/gift_assets/symbols/Koala_0_7.png
Bonsai 0.7%,https://imperator-server.onrender.com/storage-proxy/gift_assets/symbols/Bonsai_0_7.png
Sprout 1.4%,https://imperator-server.onrender.com/storage-proxy/gift_assets/symbols/Sprout_1_4.png
Nordic Wolf 1.4%,https://imperator-server.onrender.com/storage-proxy/gift_assets/symbols/Nordic_Wolf_1_4.png
Book 0.7%,https://imperator-server.onrender.com/storage-proxy/gift_assets/symbols/Book_0_7.png
Piñata 0.7%,https://imperator-server.onrender.com/storage-proxy/gift_assets/symbols/Pi_ata_0_7.png
Manta Ray 0.7%,https://imperator-server.onrender.com/storage-proxy/gift_assets/symbols/Manta_Ray_0_7.png
Melon 1.4%,https://imperator-server.onrender.com/storage-proxy/gift_assets/symbols/Melon_1_4.png
Jumbo Pencil 1.1%,https://imperator-server.onrender.com/storage-proxy/gift_assets/symbols/Jumbo_Pencil_1_1.png
Knight 0.7%,https://imperator-server.onrender.com/storage-proxy/gift_assets/symbols/Knight_0_7.png
Wolf Rage 0.7%,https://imperator-server.onrender.com/storage-proxy/gift_assets/symbols/Wolf_Rage_0_7.png
White Deer 0.9%,https://imperator-server.onrender.com/storage-proxy/gift_assets/symbols/White_Deer_0_9.png
Pear 1.4%,https://imperator-server.onrender.com/storage-proxy/gift_assets/symbols/Pear_1_4.png
Sea Jelly 0.7%,https://imperator-server.onrender.com/storage-proxy/gift_assets/symbols/Sea_Jelly_0_7.png
Pomegranate 1.1%,https://imperator-server.onrender.com/storage-proxy/gift_assets/symbols/Pomegranate_1_1.png
Dessert 0.9%,https://imperator-server.onrender.com/storage-proxy/gift_assets/symbols/Dessert_0_9.png
Lion Head 0.7%,https://imperator-server.onrender.com/storage-proxy/gift_assets/symbols/Lion_Head_0_7.png
Bamboo 1.4%,https://imperator-server.onrender.com/storage-proxy/gift_assets/symbols/Bamboo_1_4.png
Hedgehog 1.1%,https://imperator-server.onrender.com/storage-proxy/gift_assets/symbols/Hedgehog_1_1.png
Royal Crown 0.7%,https://imperator-server.onrender.com/storage-proxy/gift_assets/symbols/Royal_Crown_0_7.png
Moon 0.7%,https://imperator-server.onrender.com/storage-proxy/gift_assets/symbols/Moon_0_7.png
Pegasus 0.7%,https://imperator-server.onrender.com/storage-proxy/gift_assets/symbols/Pegasus_0_7.png
Croissant 0.8%,https://imperator-server.onrender.com/storage-proxy/gift_assets/symbols/Croissant_0_8.png
Rook 0.7%,https://imperator-server.onrender.com/storage-proxy/gift_assets/symbols/Rook_0_7.png
Monstera 1.1%,https://imperator-server.onrender.com/storage-proxy/gift_assets/symbols/Monstera_1_1.png
Pizza Slice 0.6%,https://imperator-server.onrender.com/storage-proxy/gift_assets/symbols/Pizza_Slice_0_6.png
Kite 0.7%,https://imperator-server.onrender.com/storage-proxy/gift_assets/symbols/Kite_0_7.png
Cupcake 0.9%,https://imperator-server.onrender.com/storage-proxy/gift_assets/symbols/Cupcake_0_9.png
Apple 1.4%,https://imperator-server.onrender.com/storage-proxy/gift_assets/symbols/Apple_1_4.png
Bee 0.7%,https://imperator-server.onrender.com/storage-proxy/gift_assets/symbols/Bee_0_7.png
Bell Pepper 0.8%,https://imperator-server.onrender.com/storage-proxy/gift_assets/symbols/Bell_Pepper_0_8.png
Dragonfly 0.7%,https://imperator-server.onrender.com/storage-proxy/gift_assets/symbols/Dragonfly_0_7.png
Flamingo 1.1%,https://imperator-server.onrender.com/storage-proxy/gift_assets/symbols/Flamingo_1_1.png
Ball 1.1%,https://imperator-server.onrender.com/storage-proxy/gift_assets/symbols/Ball_1_1.png
Narcissus 0.9%,https://imperator-server.onrender.com/storage-proxy/gift_assets/symbols/Narcissus_0_9.png
Crab 0.7%,https://imperator-server.onrender.com/storage-proxy/gift_assets/symbols/Crab_0_7.png
Avocado 0.7%,https://imperator-server.onrender.com/storage-proxy/gift_assets/symbols/Avocado_0_7.png
Phoenix 1.4%,https://imperator-server.onrender.com/storage-proxy/gift_assets/symbols/Phoenix_1_4.png
Bubbles 0.7%,https://imperator-server.onrender.com/storage-proxy/gift_assets/symbols/Bubbles_0_7.png
Anchor 0.7%,https://imperator-server.onrender.com/storage-proxy/gift_assets/symbols/Anchor_0_7.png
Planet 0.7%,https://imperator-server.onrender.com/storage-proxy/gift_assets/symbols/Planet_0_7.png
Cherry 0.7%,https://imperator-server.onrender.com/storage-proxy/gift_assets/symbols/Cherry_0_7.png
Wagasa 0.7%,https://imperator-server.onrender.com/storage-proxy/gift_assets/symbols/Wagasa_0_7.png
Potion 2%,https://imperator-server.onrender.com/storage-proxy/gift_assets/symbols/Potion_2.png
Cauldron 2%,https://imperator-server.onrender.com/storage-proxy/gift_assets/symbols/Cauldron_2.png
Spider Web 1.6%,https://imperator-server.onrender.com/storage-proxy/gift_assets/symbols/Spider_Web_1_6.png
Half Moon 2%,https://imperator-server.onrender.com/storage-proxy/gift_assets/symbols/Half_Moon_2.png
Autumn Leaves 2%,https://imperator-server.onrender.com/storage-proxy/gift_assets/symbols/Autumn_Leaves_2.png
Blood Drop 1.6%,https://imperator-server.onrender.com/storage-proxy/gift_assets/symbols/Blood_Drop_1_6.png
Scarecrow 2.4%,https://imperator-server.onrender.com/storage-proxy/gift_assets/symbols/Scarecrow_2_4.png
Bloody Axe 2.4%,https://imperator-server.onrender.com/storage-proxy/gift_assets/symbols/Bloody_Axe_2_4.png
Eyeball 2.4%,https://imperator-server.onrender.com/storage-proxy/gift_assets/symbols/Eyeball_2_4.png
Fish Skeleton 1.6%,https://imperator-server.onrender.com/storage-proxy/gift_assets/symbols/Fish_Skeleton_1_6.png
Treats 2.4%,https://imperator-server.onrender.com/storage-proxy/gift_assets/symbols/Treats_2_4.png
Lollipop 2.4%,https://imperator-server.onrender.com/storage-proxy/gift_assets/symbols/Lollipop_2_4.png
Crow 1.6%,https://imperator-server.onrender.com/storage-proxy/gift_assets/symbols/Crow_1_6.png
Happy Smile 2%,https://imperator-server.onrender.com/storage-proxy/gift_assets/symbols/Happy_Smile_2.png
Grim Reaper 1.6%,https://imperator-server.onrender.com/storage-proxy/gift_assets/symbols/Grim_Reaper_1_6.png
Witch’s Hat 2%,https://imperator-server.onrender.com/storage-proxy/gift_assets/symbols/Witch_s_Hat_2.png
Candle 2%,https://imperator-server.onrender.com/storage-proxy/gift_assets/symbols/Candle_2.png
Voodoo Doll 1.6%,https://imperator-server.onrender.com/storage-proxy/gift_assets/symbols/Voodoo_Doll_1_6.png
Spooky Cat 1.6%,https://imperator-server.onrender.com/storage-proxy/gift_assets/symbols/Spooky_Cat_1_6.png
Illuminati 2%,https://imperator-server.onrender.com/storage-proxy/gift_assets/symbols/Illuminati_2.png
Sword Fight 0.5%,https://imperator-server.onrender.com/storage-proxy/gift_assets/symbols/Sword_Fight_0_5.png
Moai Head 0.5%,https://imperator-server.onrender.com/storage-proxy/gift_assets/symbols/Moai_Head_0_5.png
Monarch 0.4%,https://imperator-server.onrender.com/storage-proxy/gift_assets/symbols/Monarch_0_4.png
Fedora 0.5%,https://imperator-server.onrender.com/storage-proxy/gift_assets/symbols/Fedora_0_5.png
Alkonost 0.5%,https://imperator-server.onrender.com/storage-proxy/gift_assets/symbols/Alkonost_0_5.png
Rooster 0.5%,https://imperator-server.onrender.com/storage-proxy/gift_assets/symbols/Rooster_0_5.png
Boat 0.4%,https://imperator-server.onrender.com/storage-proxy/gift_assets/symbols/Boat_0_4.png
Fishing Hook 0.5%,https://imperator-server.onrender.com/storage-proxy/gift_assets/symbols/Fishing_Hook_0_5.png
La Corona 0.5%,https://imperator-server.onrender.com/storage-proxy/gift_assets/symbols/La_Corona_0_5.png
Sea Dragon 0.4%,https://imperator-server.onrender.com/storage-proxy/gift_assets/symbols/Sea_Dragon_0_4.png
Bandana 0.5%,https://imperator-server.onrender.com/storage-proxy/gift_assets/symbols/Bandana_0_5.png
Duck Face 0.4%,https://imperator-server.onrender.com/storage-proxy/gift_assets/symbols/Duck_Face_0_4.png
Fried Egg 0.4%,https://imperator-server.onrender.com/storage-proxy/gift_assets/symbols/Fried_Egg_0_4.png
Astronaut 0.4%,https://imperator-server.onrender.com/storage-proxy/gift_assets/symbols/Astronaut_0_4.png
Totem Bear 0.5%,https://imperator-server.onrender.com/storage-proxy/gift_assets/symbols/Totem_Bear_0_5.png
Fez 0.4%,https://imperator-server.onrender.com/storage-proxy/gift_assets/symbols/Fez_0_4.png
Hourglass 0.5%,https://imperator-server.onrender.com/storage-proxy/gift_assets/symbols/Hourglass_0_5.png
Pilot Hat 0.5%,https://imperator-server.onrender.com/storage-proxy/gift_assets/symbols/Pilot_Hat_0_5.png
Jewel 0.4%,https://imperator-server.onrender.com/storage-proxy/gift_assets/symbols/Jewel_0_4.png
Bearskin 0.5%,https://imperator-server.onrender.com/storage-proxy/gift_assets/symbols/Bearskin_0_5.png
Anubis 0.4%,https://imperator-server.onrender.com/storage-proxy/gift_assets/symbols/Anubis_0_4.png
Watching Sun 0.4%,https://imperator-server.onrender.com/storage-proxy/gift_assets/symbols/Watching_Sun_0_4.png
Double Axe 0.5%,https://imperator-server.onrender.com/storage-proxy/gift_assets/symbols/Double_Axe_0_5.png
Academic Cap 0.5%,https://imperator-server.onrender.com/storage-proxy/gift_assets/symbols/Academic_Cap_0_5.png
Dagger 0.4%,https://imperator-server.onrender.com/storage-proxy/gift_assets/symbols/Dagger_0_4.png
Flying Dragon 0.2%,https://imperator-server.onrender.com/storage-proxy/gift_assets/symbols/Flying_Dragon_0_2.png
Gear 0.5%,https://imperator-server.onrender.com/storage-proxy/gift_assets/symbols/Gear_0_5.png
Candle 0.2%,https://imperator-server.onrender.com/storage-proxy/gift_assets/symbols/Candle_0_2.png
Bike Helmet 0.2%,https://imperator-server.onrender.com/storage-proxy/gift_assets/symbols/Bike_Helmet_0_2.png
Full Moon 0.4%,https://imperator-server.onrender.com/storage-proxy/gift_assets/symbols/Full_Moon_0_4.png
Griffon 0.2%,https://imperator-server.onrender.com/storage-proxy/gift_assets/symbols/Griffon_0_2.png
Musical Note 0.4%,https://imperator-server.onrender.com/storage-proxy/gift_assets/symbols/Musical_Note_0_4.png
Horseshoe 0.4%,https://imperator-server.onrender.com/storage-proxy/gift_assets/symbols/Horseshoe_0_4.png
Viper 0.2%,https://imperator-server.onrender.com/storage-proxy/gift_assets/symbols/Viper_0_2.png
Rook 1%,https://imperator-server.onrender.com/storage-proxy/gift_assets/symbols/Rook_1.png
Firebird 1%,https://imperator-server.onrender.com/storage-proxy/gift_assets/symbols/Firebird_1.png
Coin 0.8%,https://imperator-server.onrender.com/storage-proxy/gift_assets/symbols/Coin_0_8.png
Kitsune 1%,https://imperator-server.onrender.com/storage-proxy/gift_assets/symbols/Kitsune_1.png
Moon 1%,https://imperator-server.onrender.com/storage-proxy/gift_assets/symbols/Moon_1.png
Pegasus 1%,https://imperator-server.onrender.com/storage-proxy/gift_assets/symbols/Pegasus_1.png
Mountain Lion 0.8%,https://imperator-server.onrender.com/storage-proxy/gift_assets/symbols/Mountain_Lion_0_8.png
Sauron 1%,https://imperator-server.onrender.com/storage-proxy/gift_assets/symbols/Sauron_1.png
Doberman 0.8%,https://imperator-server.onrender.com/storage-proxy/gift_assets/symbols/Doberman_0_8.png
Tribal Shield 0.8%,https://imperator-server.onrender.com/storage-proxy/gift_assets/symbols/Tribal_Shield_0_8.png
Tree of Life 1%,https://imperator-server.onrender.com/storage-proxy/gift_assets/symbols/Tree_of_Life_1.png
Sun Mountain 1%,https://imperator-server.onrender.com/storage-proxy/gift_assets/symbols/Sun_Mountain_1.png
Rhino Warrior 1%,https://imperator-server.onrender.com/storage-proxy/gift_assets/symbols/Rhino_Warrior_1.png
Cap 1%,https://imperator-server.onrender.com/storage-proxy/gift_assets/symbols/Cap_1.png
Ram of Amun 0.8%,https://imperator-server.onrender.com/storage-proxy/gift_assets/symbols/Ram_of_Amun_0_8.png
Yogi Shaman 0.8%,https://imperator-server.onrender.com/storage-proxy/gift_assets/symbols/Yogi_Shaman_0_8.png
Glasses 1%,https://imperator-server.onrender.com/storage-proxy/gift_assets/symbols/Glasses_1.png
Dice 0.8%,https://imperator-server.onrender.com/storage-proxy/gift_assets/symbols/Dice_0_8.png
Royal Crown 0.8%,https://imperator-server.onrender.com/storage-proxy/gift_assets/symbols/Royal_Crown_0_8.png
Coconut 1%,https://imperator-server.onrender.com/storage-proxy/gift_assets/symbols/Coconut_1.png
Hand of God 0.8%,https://imperator-server.onrender.com/storage-proxy/gift_assets/symbols/Hand_of_God_0_8.png
Pyramid 0.8%,https://imperator-server.onrender.com/storage-proxy/gift_assets/symbols/Pyramid_0_8.png
Celtic Cross 0.8%,https://imperator-server.onrender.com/storage-proxy/gift_assets/symbols/Celtic_Cross_0_8.png
Bishop 0.8%,https://imperator-server.onrender.com/storage-proxy/gift_assets/symbols/Bishop_0_8.png
Alkonost 0.8%,https://imperator-server.onrender.com/storage-proxy/gift_assets/symbols/Alkonost_0_8.png
Lion Head 1%,https://imperator-server.onrender.com/storage-proxy/gift_assets/symbols/Lion_Head_1.png
Gold 1%,https://imperator-server.onrender.com/storage-proxy/gift_assets/symbols/Gold_1.png
Tie 1%,https://imperator-server.onrender.com/storage-proxy/gift_assets/symbols/Tie_1.png
Scarab 1%,https://imperator-server.onrender.com/storage-proxy/gift_assets/symbols/Scarab_1.png
Ring 1%,https://imperator-server.onrender.com/storage-proxy/gift_assets/symbols/Ring_1.png
The Eye 1%,https://imperator-server.onrender.com/storage-proxy/gift_assets/symbols/The_Eye_1.png
Phoenix 0.8%,https://imperator-server.onrender.com/storage-proxy/gift_assets/symbols/Phoenix_0_8.png
Cash 0.8%,https://imperator-server.onrender.com/storage-proxy/gift_assets/symbols/Cash_0_8.png
Scorpion 1%,https://imperator-server.onrender.com/storage-proxy/gift_assets/symbols/Scorpion_1.png
Car 1%,https://imperator-server.onrender.com/storage-proxy/gift_assets/symbols/Car_1.png
Celtic Wolf 0.8%,https://imperator-server.onrender.com/storage-proxy/gift_assets/symbols/Celtic_Wolf_0_8.png
Bastet 0.8%,https://imperator-server.onrender.com/storage-proxy/gift_assets/symbols/Bastet_0_8.png
Wreath 0.8%,https://imperator-server.onrender.com/storage-proxy/gift_assets/symbols/Wreath_0_8.png
Oxen of Fire 0.8%,https://imperator-server.onrender.com/storage-proxy/gift_assets/symbols/Oxen_of_Fire_0_8.png
Mask 0.8%,https://imperator-server.onrender.com/storage-proxy/gift_assets/symbols/Mask_0_8.png
Ouroboros 1%,https://imperator-server.onrender.com/storage-proxy/gift_assets/symbols/Ouroboros_1.png
Okami Wolf 1%,https://imperator-server.onrender.com/storage-proxy/gift_assets/symbols/Okami_Wolf_1.png
Spirit Impala 0.8%,https://imperator-server.onrender.com/storage-proxy/gift_assets/symbols/Spirit_Impala_0_8.png
Avocado 0.2%,https://imperator-server.onrender.com/storage-proxy/gift_assets/symbols/Avocado_0_2.png
Mannaz Rune 1%,https://imperator-server.onrender.com/storage-proxy/gift_assets/symbols/Mannaz_Rune_1.png
Chest 0.8%,https://imperator-server.onrender.com/storage-proxy/gift_assets/symbols/Chest_0_8.png
Arabian Horse 1%,https://imperator-server.onrender.com/storage-proxy/gift_assets/symbols/Arabian_Horse_1.png
Magic Wand 0.2%,https://imperator-server.onrender.com/storage-proxy/gift_assets/symbols/Magic_Wand_0_2.png
Piggy Bank 1%,https://imperator-server.onrender.com/storage-proxy/gift_assets/symbols/Piggy_Bank_1.png
Cupcake 1.2%,https://imperator-server.onrender.com/storage-proxy/gift_assets/symbols/Cupcake_1_2.png
Festive Wreath 1.8%,https://imperator-server.onrender.com/storage-proxy/gift_assets/symbols/Festive_Wreath_1_8.png
Jingle Bell 1.8%,https://imperator-server.onrender.com/storage-proxy/gift_assets/symbols/Jingle_Bell_1_8.png
Mistletoe 1.5%,https://imperator-server.onrender.com/storage-proxy/gift_assets/symbols/Mistletoe_1_5.png
Sparks 1.8%,https://imperator-server.onrender.com/storage-proxy/gift_assets/symbols/Sparks_1_8.png
Cocktail 1.2%,https://imperator-server.onrender.com/storage-proxy/gift_assets/symbols/Cocktail_1_2.png
Gift Box 1.8%,https://imperator-server.onrender.com/storage-proxy/gift_assets/symbols/Gift_Box_1_8.png
Champagne 1.5%,https://imperator-server.onrender.com/storage-proxy/gift_assets/symbols/Champagne_1_5.png
Cookie 1.8%,https://imperator-server.onrender.com/storage-proxy/gift_assets/symbols/Cookie_1_8.png
New Year’s Eve 1.2%,https://imperator-server.onrender.com/storage-proxy/gift_assets/symbols/New_Year_s_Eve_1_2.png
Snowflake 1.8%,https://imperator-server.onrender.com/storage-proxy/gift_assets/symbols/Snowflake_1_8.png
Christmas Tree 1.8%,https://imperator-server.onrender.com/storage-proxy/gift_assets/symbols/Christmas_Tree_1_8.png
Chest 1.5%,https://imperator-server.onrender.com/storage-proxy/gift_assets/symbols/Chest_1_5.png
Ice Pop 1.8%,https://imperator-server.onrender.com/storage-proxy/gift_assets/symbols/Ice_Pop_1_8.png
Eikthyrnir 1.5%,https://imperator-server.onrender.com/storage-proxy/gift_assets/symbols/Eikthyrnir_1_5.png
Piggy Bank 1.8%,https://imperator-server.onrender.com/storage-proxy/gift_assets/symbols/Piggy_Bank_1_8.png
Winter House 1.8%,https://imperator-server.onrender.com/storage-proxy/gift_assets/symbols/Winter_House_1_8.png
Sushi Rolls 0.4%,https://imperator-server.onrender.com/storage-proxy/gift_assets/symbols/Sushi_Rolls_0_4.png
Stocking 1.8%,https://imperator-server.onrender.com/storage-proxy/gift_assets/symbols/Stocking_1_8.png
Ornament 1.5%,https://imperator-server.onrender.com/storage-proxy/gift_assets/symbols/Ornament_1_5.png
Dessert 1.2%,https://imperator-server.onrender.com/storage-proxy/gift_assets/symbols/Dessert_1_2.png
Takoyaki 0.4%,https://imperator-server.onrender.com/storage-proxy/gift_assets/symbols/Takoyaki_0_4.png
Gingerbread 1.8%,https://imperator-server.onrender.com/storage-proxy/gift_assets/symbols/Gingerbread_1_8.png
Candle 1.2%,https://imperator-server.onrender.com/storage-proxy/gift_assets/symbols/Candle_1_2.png
Snow Angel 1.5%,https://imperator-server.onrender.com/storage-proxy/gift_assets/symbols/Snow_Angel_1_5.png
Star 1.8%,https://imperator-server.onrender.com/storage-proxy/gift_assets/symbols/Star_1_8.png
Rudolph 1.5%,https://imperator-server.onrender.com/storage-proxy/gift_assets/symbols/Rudolph_1_5.png
Ice Skates 1.2%,https://imperator-server.onrender.com/storage-proxy/gift_assets/symbols/Ice_Skates_1_2.png
Nordic Wolf 1.8%,https://imperator-server.onrender.com/storage-proxy/gift_assets/symbols/Nordic_Wolf_1_8.png
Sleepy Unicorn 0.5%,https://imperator-server.onrender.com/storage-proxy/gift_assets/symbols/Sleepy_Unicorn_0_5.png
Snowman 1.8%,https://imperator-server.onrender.com/storage-proxy/gift_assets/symbols/Snowman_1_8.png
White Deer 1.2%,https://imperator-server.onrender.com/storage-proxy/gift_assets/symbols/White_Deer_1_2.png
Candy 1.8%,https://imperator-server.onrender.com/storage-proxy/gift_assets/symbols/Candy_1_8.png
Shooting Star 1.5%,https://imperator-server.onrender.com/storage-proxy/gift_assets/symbols/Shooting_Star_1_5.png
Fireworks 1.8%,https://imperator-server.onrender.com/storage-proxy/gift_assets/symbols/Fireworks_1_8.png
Full Moon 0.5%,https://imperator-server.onrender.com/storage-proxy/gift_assets/symbols/Full_Moon_0_5.png
Hot Drink 1.8%,https://imperator-server.onrender.com/storage-proxy/gift_assets/symbols/Hot_Drink_1_8.png
Coin Purse 1.2%,https://imperator-server.onrender.com/storage-proxy/gift_assets/symbols/Coin_Purse_1_2.png
Ball 0.4%,https://imperator-server.onrender.com/storage-proxy/gift_assets/symbols/Ball_0_4.png
Bowtie 1.8%,https://imperator-server.onrender.com/storage-proxy/gift_assets/symbols/Bowtie_1_8.png
Egg 0.5%,https://imperator-server.onrender.com/storage-proxy/gift_assets/symbols/Egg_0_5.png
Wagasa 0.5%,https://imperator-server.onrender.com/storage-proxy/gift_assets/symbols/Wagasa_0_5.png
Piggy Bank 2.4%,https://imperator-server.onrender.com/storage-proxy/gift_assets/symbols/Piggy_Bank_2_4.png
Mistletoe 2.4%,https://imperator-server.onrender.com/storage-proxy/gift_assets/symbols/Mistletoe_2_4.png
Fireworks 2.4%,https://imperator-server.onrender.com/storage-proxy/gift_assets/symbols/Fireworks_2_4.png
Chest 1.6%,https://imperator-server.onrender.com/storage-proxy/gift_assets/symbols/Chest_1_6.png
Sparks 1.6%,https://imperator-server.onrender.com/storage-proxy/gift_assets/symbols/Sparks_1_6.png
Dessert 1.6%,https://imperator-server.onrender.com/storage-proxy/gift_assets/symbols/Dessert_1_6.png
Ice Pop 1.6%,https://imperator-server.onrender.com/storage-proxy/gift_assets/symbols/Ice_Pop_1_6.png
Hot Drink 1.6%,https://imperator-server.onrender.com/storage-proxy/gift_assets/symbols/Hot_Drink_1_6.png
Candy 2.4%,https://imperator-server.onrender.com/storage-proxy/gift_assets/symbols/Candy_2_4.png
Star 2.4%,https://imperator-server.onrender.com/storage-proxy/gift_assets/symbols/Star_2_4.png
Gift Box 2.4%,https://imperator-server.onrender.com/storage-proxy/gift_assets/symbols/Gift_Box_2_4.png
Ornament 2.4%,https://imperator-server.onrender.com/storage-proxy/gift_assets/symbols/Ornament_2_4.png
Snowflake 2.4%,https://imperator-server.onrender.com/storage-proxy/gift_assets/symbols/Snowflake_2_4.png
Christmas Tree 2%,https://imperator-server.onrender.com/storage-proxy/gift_assets/symbols/Christmas_Tree_2.png
Cookie 1.6%,https://imperator-server.onrender.com/storage-proxy/gift_assets/symbols/Cookie_1_6.png
Rudolph 2%,https://imperator-server.onrender.com/storage-proxy/gift_assets/symbols/Rudolph_2.png
Snowman 2%,https://imperator-server.onrender.com/storage-proxy/gift_assets/symbols/Snowman_2.png
Champagne 2.4%,https://imperator-server.onrender.com/storage-proxy/gift_assets/symbols/Champagne_2_4.png
Gingerbread 2.4%,https://imperator-server.onrender.com/storage-proxy/gift_assets/symbols/Gingerbread_2_4.png
White Deer 1.6%,https://imperator-server.onrender.com/storage-proxy/gift_assets/symbols/White_Deer_1_6.png
Mittens 2%,https://imperator-server.onrender.com/storage-proxy/gift_assets/symbols/Mittens_2.png
Santa Hat 2%,https://imperator-server.onrender.com/storage-proxy/gift_assets/symbols/Santa_Hat_2.png
Stocking 1.6%,https://imperator-server.onrender.com/storage-proxy/gift_assets/symbols/Stocking_1_6.png
Top Hat 0.2%,https://imperator-server.onrender.com/storage-proxy/gift_assets/symbols/Top_Hat_0_2.png
Octopus 0.5%,https://imperator-server.onrender.com/storage-proxy/gift_assets/symbols/Octopus_0_5.png
Lion Head 0.5%,https://imperator-server.onrender.com/storage-proxy/gift_assets/symbols/Lion_Head_0_5.png
Flower Tulip 0.5%,https://imperator-server.onrender.com/storage-proxy/gift_assets/symbols/Flower_Tulip_0_5.png
Egg Basket 0.4%,https://imperator-server.onrender.com/storage-proxy/gift_assets/symbols/Egg_Basket_0_4.png
Bug 0.5%,https://imperator-server.onrender.com/storage-proxy/gift_assets/symbols/Bug_0_5.png
Steampunk Hat 0.2%,https://imperator-server.onrender.com/storage-proxy/gift_assets/symbols/Steampunk_Hat_0_2.png
Coonskin Cap 0.5%,https://imperator-server.onrender.com/storage-proxy/gift_assets/symbols/Coonskin_Cap_0_5.png
Hot Matcha 0.5%,https://imperator-server.onrender.com/storage-proxy/gift_assets/symbols/Hot_Matcha_0_5.png
Basketball 0.5%,https://imperator-server.onrender.com/storage-proxy/gift_assets/symbols/Basketball_0_5.png
Wizard Hat 0.4%,https://imperator-server.onrender.com/storage-proxy/gift_assets/symbols/Wizard_Hat_0_4.png
Conch 0.5%,https://imperator-server.onrender.com/storage-proxy/gift_assets/symbols/Conch_0_5.png
French Fries 0.4%,https://imperator-server.onrender.com/storage-proxy/gift_assets/symbols/French_Fries_0_4.png
Hermit Shell 0.5%,https://imperator-server.onrender.com/storage-proxy/gift_assets/symbols/Hermit_Shell_0_5.png
Cherry 0.5%,https://imperator-server.onrender.com/storage-proxy/gift_assets/symbols/Cherry_0_5.png
Shuriken 0.5%,https://imperator-server.onrender.com/storage-proxy/gift_assets/symbols/Shuriken_0_5.png
Rose 0.4%,https://imperator-server.onrender.com/storage-proxy/gift_assets/symbols/Rose_0_4.png
Ouroboros 0.1%,https://imperator-server.onrender.com/storage-proxy/gift_assets/symbols/Ouroboros_0_1.png
Serpent 0.2%,https://imperator-server.onrender.com/storage-proxy/gift_assets/symbols/Serpent_0_2.png
Worker Ant 0.4%,https://imperator-server.onrender.com/storage-proxy/gift_assets/symbols/Worker_Ant_0_4.png
Trickster Fox 0.2%,https://imperator-server.onrender.com/storage-proxy/gift_assets/symbols/Trickster_Fox_0_2.png
Meat Leg 0.2%,https://imperator-server.onrender.com/storage-proxy/gift_assets/symbols/Meat_Leg_0_2.png
Pirate Scull 0.2%,https://imperator-server.onrender.com/storage-proxy/gift_assets/symbols/Pirate_Scull_0_2.png
Banner 0.4%,https://imperator-server.onrender.com/storage-proxy/gift_assets/symbols/Banner_0_4.png
Starflower 0.6%,https://imperator-server.onrender.com/storage-proxy/gift_assets/symbols/Starflower_0_6.png
Imperial Lion 0.4%,https://imperator-server.onrender.com/storage-proxy/gift_assets/symbols/Imperial_Lion_0_4.png
Golden Scarab 0.6%,https://imperator-server.onrender.com/storage-proxy/gift_assets/symbols/Golden_Scarab_0_6.png
Double Axe 0.6%,https://imperator-server.onrender.com/storage-proxy/gift_assets/symbols/Double_Axe_0_6.png
Date Pin 0.6%,https://imperator-server.onrender.com/storage-proxy/gift_assets/symbols/Date_Pin_0_6.png
Eagle 0.6%,https://imperator-server.onrender.com/storage-proxy/gift_assets/symbols/Eagle_0_6.png
Kudu Totem 0.6%,https://imperator-server.onrender.com/storage-proxy/gift_assets/symbols/Kudu_Totem_0_6.png
Crystal 0.2%,https://imperator-server.onrender.com/storage-proxy/gift_assets/symbols/Crystal_0_2.png
Love Bell 0.6%,https://imperator-server.onrender.com/storage-proxy/gift_assets/symbols/Love_Bell_0_6.png
Cupid Archer 0.6%,https://imperator-server.onrender.com/storage-proxy/gift_assets/symbols/Cupid_Archer_0_6.png
Coin 0.6%,https://imperator-server.onrender.com/storage-proxy/gift_assets/symbols/Coin_0_6.png
Bunny 0.6%,https://imperator-server.onrender.com/storage-proxy/gift_assets/symbols/Bunny_0_6.png
May Bells 0.6%,https://imperator-server.onrender.com/storage-proxy/gift_assets/symbols/May_Bells_0_6.png
Mountain Goat 0.6%,https://imperator-server.onrender.com/storage-proxy/gift_assets/symbols/Mountain_Goat_0_6.png
Mustang 0.6%,https://imperator-server.onrender.com/storage-proxy/gift_assets/symbols/Mustang_0_6.png
Geisha Fan 0.2%,https://imperator-server.onrender.com/storage-proxy/gift_assets/symbols/Geisha_Fan_0_2.png
Bouquet 0.5%,https://imperator-server.onrender.com/storage-proxy/gift_assets/symbols/Bouquet_0_5.png
Jewel 0.6%,https://imperator-server.onrender.com/storage-proxy/gift_assets/symbols/Jewel_0_6.png
Carrot 0.6%,https://imperator-server.onrender.com/storage-proxy/gift_assets/symbols/Carrot_0_6.png
Flower Sun 0.4%,https://imperator-server.onrender.com/storage-proxy/gift_assets/symbols/Flower_Sun_0_4.png
Petunia 0.5%,https://imperator-server.onrender.com/storage-proxy/gift_assets/symbols/Petunia_0_5.png
Arabian Horse 0.6%,https://imperator-server.onrender.com/storage-proxy/gift_assets/symbols/Arabian_Horse_0_6.png
Cocktail 0.6%,https://imperator-server.onrender.com/storage-proxy/gift_assets/symbols/Cocktail_0_6.png
Doghouse 0.5%,https://imperator-server.onrender.com/storage-proxy/gift_assets/symbols/Doghouse_0_5.png
Patched Heart 0.5%,https://imperator-server.onrender.com/storage-proxy/gift_assets/symbols/Patched_Heart_0_5.png
Party Popper 0.6%,https://imperator-server.onrender.com/storage-proxy/gift_assets/symbols/Party_Popper_0_6.png
Mailbox 0.5%,https://imperator-server.onrender.com/storage-proxy/gift_assets/symbols/Mailbox_0_5.png
Banner 0.2%,https://imperator-server.onrender.com/storage-proxy/gift_assets/symbols/Banner_0_2.png
Iron Helmet 0.2%,https://imperator-server.onrender.com/storage-proxy/gift_assets/symbols/Iron_Helmet_0_2.png
Beanie 0.4%,https://imperator-server.onrender.com/storage-proxy/gift_assets/symbols/Beanie_0_4.png
Lavender 0.6%,https://imperator-server.onrender.com/storage-proxy/gift_assets/symbols/Lavender_0_6.png
Sauron 0.6%,https://imperator-server.onrender.com/storage-proxy/gift_assets/symbols/Sauron_0_6.png
Knight 0.4%,https://imperator-server.onrender.com/storage-proxy/gift_assets/symbols/Knight_0_4.png
Paper Crane 0.4%,https://imperator-server.onrender.com/storage-proxy/gift_assets/symbols/Paper_Crane_0_4.png
Love Scene 0.6%,https://imperator-server.onrender.com/storage-proxy/gift_assets/symbols/Love_Scene_0_6.png
Carnation 0.6%,https://imperator-server.onrender.com/storage-proxy/gift_assets/symbols/Carnation_0_6.png
Tribal Shield 0.6%,https://imperator-server.onrender.com/storage-proxy/gift_assets/symbols/Tribal_Shield_0_6.png
Two Hearts 0.4%,https://imperator-server.onrender.com/storage-proxy/gift_assets/symbols/Two_Hearts_0_4.png
Tic-Tac-Toe 0.6%,https://imperator-server.onrender.com/storage-proxy/gift_assets/symbols/Tic-Tac-Toe_0_6.png
Love Daisy 0.4%,https://imperator-server.onrender.com/storage-proxy/gift_assets/symbols/Love_Daisy_0_4.png
Oculus 0.6%,https://imperator-server.onrender.com/storage-proxy/gift_assets/symbols/Oculus_0_6.png
Bellflower 0.5%,https://imperator-server.onrender.com/storage-proxy/gift_assets/symbols/Bellflower_0_5.png
Jörmungandr 0.6%,https://imperator-server.onrender.com/storage-proxy/gift_assets/symbols/Jo_rmungandr_0_6.png
Crescent 0.6%,https://imperator-server.onrender.com/storage-proxy/gift_assets/symbols/Crescent_0_6.png
Eikthyrnir 0.6%,https://imperator-server.onrender.com/storage-proxy/gift_assets/symbols/Eikthyrnir_0_6.png
Tiki Mask 0.4%,https://imperator-server.onrender.com/storage-proxy/gift_assets/symbols/Tiki_Mask_0_4.png
Trophy 0.6%,https://imperator-server.onrender.com/storage-proxy/gift_assets/symbols/Trophy_0_6.png
Spider Lily 0.5%,https://imperator-server.onrender.com/storage-proxy/gift_assets/symbols/Spider_Lily_0_5.png
Unicorn Head 0.6%,https://imperator-server.onrender.com/storage-proxy/gift_assets/symbols/Unicorn_Head_0_6.png
Dagger 0.6%,https://imperator-server.onrender.com/storage-proxy/gift_assets/symbols/Dagger_0_6.png
Bubbles 0.6%,https://imperator-server.onrender.com/storage-proxy/gift_assets/symbols/Bubbles_0_6.png
Balloon 0.6%,https://imperator-server.onrender.com/storage-proxy/gift_assets/symbols/Balloon_0_6.png
Straw Hat 0.2%,https://imperator-server.onrender.com/storage-proxy/gift_assets/symbols/Straw_Hat_0_2.png
Astronaut 0.2%,https://imperator-server.onrender.com/storage-proxy/gift_assets/symbols/Astronaut_0_2.png
Ribeye Steak 0.2%,https://imperator-server.onrender.com/storage-proxy/gift_assets/symbols/Ribeye_Steak_0_2.png
Flag 0.5%,https://imperator-server.onrender.com/storage-proxy/gift_assets/symbols/Flag_0_5.png
Shako 0.5%,https://imperator-server.onrender.com/storage-proxy/gift_assets/symbols/Shako_0_5.png
Earflap Hat 0.5%,https://imperator-server.onrender.com/storage-proxy/gift_assets/symbols/Earflap_Hat_0_5.png
Winged Helm 0.2%,https://imperator-server.onrender.com/storage-proxy/gift_assets/symbols/Winged_Helm_0_2.png
Mustache 0.2%,https://imperator-server.onrender.com/storage-proxy/gift_assets/symbols/Mustache_0_2.png
Paper Lantern 0.5%,https://imperator-server.onrender.com/storage-proxy/gift_assets/symbols/Paper_Lantern_0_5.png
Flat Cap 0.2%,https://imperator-server.onrender.com/storage-proxy/gift_assets/symbols/Flat_Cap_0_2.png
Legionary 0.4%,https://imperator-server.onrender.com/storage-proxy/gift_assets/symbols/Legionary_0_4.png
Peace Dove 0.4%,https://imperator-server.onrender.com/storage-proxy/gift_assets/symbols/Peace_Dove_0_4.png
Jörmungandr 0.4%,https://imperator-server.onrender.com/storage-proxy/gift_assets/symbols/Jo_rmungandr_0_4.png
Candle 0.5%,https://imperator-server.onrender.com/storage-proxy/gift_assets/symbols/Candle_0_5.png
Academic Cap 0.2%,https://imperator-server.onrender.com/storage-proxy/gift_assets/symbols/Academic_Cap_0_2.png
Silver Ibis 0.2%,https://imperator-server.onrender.com/storage-proxy/gift_assets/symbols/Silver_Ibis_0_2.png
Koala 0.4%,https://imperator-server.onrender.com/storage-proxy/gift_assets/symbols/Koala_0_4.png
Paw Print 0.2%,https://imperator-server.onrender.com/storage-proxy/gift_assets/symbols/Paw_Print_0_2.png
Baphomet 1.6%,https://imperator-server.onrender.com/storage-proxy/gift_assets/symbols/Baphomet_1_6.png
Illuminati 1.6%,https://imperator-server.onrender.com/storage-proxy/gift_assets/symbols/Illuminati_1_6.png
Magic Wand 2%,https://imperator-server.onrender.com/storage-proxy/gift_assets/symbols/Magic_Wand_2.png
Crystal Ball 1.6%,https://imperator-server.onrender.com/storage-proxy/gift_assets/symbols/Crystal_Ball_1_6.png
Poison Drop 1.6%,https://imperator-server.onrender.com/storage-proxy/gift_assets/symbols/Poison_Drop_1_6.png
Happy Smile 1.6%,https://imperator-server.onrender.com/storage-proxy/gift_assets/symbols/Happy_Smile_1_6.png
Nice Ghost 2%,https://imperator-server.onrender.com/storage-proxy/gift_assets/symbols/Nice_Ghost_2.png
Ghost 2%,https://imperator-server.onrender.com/storage-proxy/gift_assets/symbols/Ghost_2.png
Spider Web 2.4%,https://imperator-server.onrender.com/storage-proxy/gift_assets/symbols/Spider_Web_2_4.png
Scarecrow 2%,https://imperator-server.onrender.com/storage-proxy/gift_assets/symbols/Scarecrow_2.png
Sparks 0.8%,https://imperator-server.onrender.com/storage-proxy/gift_assets/symbols/Sparks_0_8.png
Candy 1%,https://imperator-server.onrender.com/storage-proxy/gift_assets/symbols/Candy_1.png
Nordic Wolf 1.2%,https://imperator-server.onrender.com/storage-proxy/gift_assets/symbols/Nordic_Wolf_1_2.png
Champagne 0.8%,https://imperator-server.onrender.com/storage-proxy/gift_assets/symbols/Champagne_0_8.png
Jingle Bell 1.2%,https://imperator-server.onrender.com/storage-proxy/gift_assets/symbols/Jingle_Bell_1_2.png
White Deer 1%,https://imperator-server.onrender.com/storage-proxy/gift_assets/symbols/White_Deer_1.png
Gingerbread 1%,https://imperator-server.onrender.com/storage-proxy/gift_assets/symbols/Gingerbread_1.png
Hot Drink 1.2%,https://imperator-server.onrender.com/storage-proxy/gift_assets/symbols/Hot_Drink_1_2.png
Bowtie 0.8%,https://imperator-server.onrender.com/storage-proxy/gift_assets/symbols/Bowtie_0_8.png
Shortsword 0.4%,https://imperator-server.onrender.com/storage-proxy/gift_assets/symbols/Shortsword_0_4.png
Rudolph 1.2%,https://imperator-server.onrender.com/storage-proxy/gift_assets/symbols/Rudolph_1_2.png
Nemes 0.5%,https://imperator-server.onrender.com/storage-proxy/gift_assets/symbols/Nemes_0_5.png
Basketball 0.2%,https://imperator-server.onrender.com/storage-proxy/gift_assets/symbols/Basketball_0_2.png
Thunderbird 0.4%,https://imperator-server.onrender.com/storage-proxy/gift_assets/symbols/Thunderbird_0_4.png
Mustang 0.2%,https://imperator-server.onrender.com/storage-proxy/gift_assets/symbols/Mustang_0_2.png
Snowflake 1%,https://imperator-server.onrender.com/storage-proxy/gift_assets/symbols/Snowflake_1.png
Mistletoe 1%,https://imperator-server.onrender.com/storage-proxy/gift_assets/symbols/Mistletoe_1.png
Hourglass 0.2%,https://imperator-server.onrender.com/storage-proxy/gift_assets/symbols/Hourglass_0_2.png
Galaxy 0.4%,https://imperator-server.onrender.com/storage-proxy/gift_assets/symbols/Galaxy_0_4.png
Double Axe 0.2%,https://imperator-server.onrender.com/storage-proxy/gift_assets/symbols/Double_Axe_0_2.png
Fireworks 1.2%,https://imperator-server.onrender.com/storage-proxy/gift_assets/symbols/Fireworks_1_2.png
Cocktail 0.8%,https://imperator-server.onrender.com/storage-proxy/gift_assets/symbols/Cocktail_0_8.png
Spring Chick 0.2%,https://imperator-server.onrender.com/storage-proxy/gift_assets/symbols/Spring_Chick_0_2.png
Ice Pop 0.8%,https://imperator-server.onrender.com/storage-proxy/gift_assets/symbols/Ice_Pop_0_8.png
Spellbook 0.4%,https://imperator-server.onrender.com/storage-proxy/gift_assets/symbols/Spellbook_0_4.png
Bascinet 0.2%,https://imperator-server.onrender.com/storage-proxy/gift_assets/symbols/Bascinet_0_2.png
Snowman 0.8%,https://imperator-server.onrender.com/storage-proxy/gift_assets/symbols/Snowman_0_8.png
Shako 0.2%,https://imperator-server.onrender.com/storage-proxy/gift_assets/symbols/Shako_0_2.png
Fedora 0.2%,https://imperator-server.onrender.com/storage-proxy/gift_assets/symbols/Fedora_0_2.png
Plume 0.3%,https://imperator-server.onrender.com/storage-proxy/gift_assets/symbols/Plume_0_3.png
Sun Lion 0.3%,https://imperator-server.onrender.com/storage-proxy/gift_assets/symbols/Sun_Lion_0_3.png
Crusader 0.3%,https://imperator-server.onrender.com/storage-proxy/gift_assets/symbols/Crusader_0_3.png
Cupcake 0.3%,https://imperator-server.onrender.com/storage-proxy/gift_assets/symbols/Cupcake_0_3.png
The Eye 0.3%,https://imperator-server.onrender.com/storage-proxy/gift_assets/symbols/The_Eye_0_3.png
Strawberry 0.3%,https://imperator-server.onrender.com/storage-proxy/gift_assets/symbols/Strawberry_0_3.png
Phoenix 0.3%,https://imperator-server.onrender.com/storage-proxy/gift_assets/symbols/Phoenix_0_3.png
Unicorn Head 0.3%,https://imperator-server.onrender.com/storage-proxy/gift_assets/symbols/Unicorn_Head_0_3.png
Doberman 0.3%,https://imperator-server.onrender.com/storage-proxy/gift_assets/symbols/Doberman_0_3.png
Axe 0.1%,https://imperator-server.onrender.com/storage-proxy/gift_assets/symbols/Axe_0_1.png
Avocado 0.3%,https://imperator-server.onrender.com/storage-proxy/gift_assets/symbols/Avocado_0_3.png
Feather 0.1%,https://imperator-server.onrender.com/storage-proxy/gift_assets/symbols/Feather_0_1.png
Baphomet 0.4%,https://imperator-server.onrender.com/storage-proxy/gift_assets/symbols/Baphomet_0_4.png
Book 0.3%,https://imperator-server.onrender.com/storage-proxy/gift_assets/symbols/Book_0_3.png
Apple 0.3%,https://imperator-server.onrender.com/storage-proxy/gift_assets/symbols/Apple_0_3.png
Hippo 0.3%,https://imperator-server.onrender.com/storage-proxy/gift_assets/symbols/Hippo_0_3.png
Cobra 0.1%,https://imperator-server.onrender.com/storage-proxy/gift_assets/symbols/Cobra_0_1.png
Sea Jelly 0.3%,https://imperator-server.onrender.com/storage-proxy/gift_assets/symbols/Sea_Jelly_0_3.png
Sunflower 0.3%,https://imperator-server.onrender.com/storage-proxy/gift_assets/symbols/Sunflower_0_3.png
Flower Cross 0.3%,https://imperator-server.onrender.com/storage-proxy/gift_assets/symbols/Flower_Cross_0_3.png
Octopus 0.3%,https://imperator-server.onrender.com/storage-proxy/gift_assets/symbols/Octopus_0_3.png
Top Hat 0.5%,https://imperator-server.onrender.com/storage-proxy/gift_assets/symbols/Top_Hat_0_5.png
Oxen of Fire 0.4%,https://imperator-server.onrender.com/storage-proxy/gift_assets/symbols/Oxen_of_Fire_0_4.png
Shell 0.4%,https://imperator-server.onrender.com/storage-proxy/gift_assets/symbols/Shell_0_4.png
Sword 0.3%,https://imperator-server.onrender.com/storage-proxy/gift_assets/symbols/Sword_0_3.png
Ladybug 0.3%,https://imperator-server.onrender.com/storage-proxy/gift_assets/symbols/Ladybug_0_3.png
Cocktail 0.2%,https://imperator-server.onrender.com/storage-proxy/gift_assets/symbols/Cocktail_0_2.png
Plum 0.3%,https://imperator-server.onrender.com/storage-proxy/gift_assets/symbols/Plum_0_3.png
Brain 0.5%,https://imperator-server.onrender.com/storage-proxy/gift_assets/symbols/Brain_0_5.png
Dragonfly 0.3%,https://imperator-server.onrender.com/storage-proxy/gift_assets/symbols/Dragonfly_0_3.png
Drug 0.3%,https://imperator-server.onrender.com/storage-proxy/gift_assets/symbols/Drug_0_3.png
Polar Bear 0.3%,https://imperator-server.onrender.com/storage-proxy/gift_assets/symbols/Polar_Bear_0_3.png
Pencil 0.3%,https://imperator-server.onrender.com/storage-proxy/gift_assets/symbols/Pencil_0_3.png
Chest 0.3%,https://imperator-server.onrender.com/storage-proxy/gift_assets/symbols/Chest_0_3.png
Grenade 0.4%,https://imperator-server.onrender.com/storage-proxy/gift_assets/symbols/Grenade_0_4.png
Crystal Ball 0.1%,https://imperator-server.onrender.com/storage-proxy/gift_assets/symbols/Crystal_Ball_0_1.png
Golden Scarab 0.3%,https://imperator-server.onrender.com/storage-proxy/gift_assets/symbols/Golden_Scarab_0_3.png
Cap 0.3%,https://imperator-server.onrender.com/storage-proxy/gift_assets/symbols/Cap_0_3.png
Pomegranate 0.3%,https://imperator-server.onrender.com/storage-proxy/gift_assets/symbols/Pomegranate_0_3.png
Alkonost 0.3%,https://imperator-server.onrender.com/storage-proxy/gift_assets/symbols/Alkonost_0_3.png
Bunny 0.3%,https://imperator-server.onrender.com/storage-proxy/gift_assets/symbols/Bunny_0_3.png
Sakura 0.1%,https://imperator-server.onrender.com/storage-proxy/gift_assets/symbols/Sakura_0_1.png
Guitar 0.3%,https://imperator-server.onrender.com/storage-proxy/gift_assets/symbols/Guitar_0_3.png
Plume 0.1%,https://imperator-server.onrender.com/storage-proxy/gift_assets/symbols/Plume_0_1.png
Cursor 0.1%,https://imperator-server.onrender.com/storage-proxy/gift_assets/symbols/Cursor_0_1.png
Bottlenose 0.7%,https://imperator-server.onrender.com/storage-proxy/gift_assets/symbols/Bottlenose_0_7.png
Twin Koi 0.7%,https://imperator-server.onrender.com/storage-proxy/gift_assets/symbols/Twin_Koi_0_7.png
Bunny 0.7%,https://imperator-server.onrender.com/storage-proxy/gift_assets/symbols/Bunny_0_7.png
Burger 0.7%,https://imperator-server.onrender.com/storage-proxy/gift_assets/symbols/Burger_0_7.png
Top Hat 0.7%,https://imperator-server.onrender.com/storage-proxy/gift_assets/symbols/Top_Hat_0_7.png
Spider 0.7%,https://imperator-server.onrender.com/storage-proxy/gift_assets/symbols/Spider_0_7.png
Royal Turban 0.7%,https://imperator-server.onrender.com/storage-proxy/gift_assets/symbols/Royal_Turban_0_7.png
Bike Helmet 0.7%,https://imperator-server.onrender.com/storage-proxy/gift_assets/symbols/Bike_Helmet_0_7.png
Sumerian Bird 0.7%,https://imperator-server.onrender.com/storage-proxy/gift_assets/symbols/Sumerian_Bird_0_7.png
Oxen of Fire 0.7%,https://imperator-server.onrender.com/storage-proxy/gift_assets/symbols/Oxen_of_Fire_0_7.png
Mustang 0.7%,https://imperator-server.onrender.com/storage-proxy/gift_assets/symbols/Mustang_0_7.png
Star Crown 0.7%,https://imperator-server.onrender.com/storage-proxy/gift_assets/symbols/Star_Crown_0_7.png
Academic Cap 0.7%,https://imperator-server.onrender.com/storage-proxy/gift_assets/symbols/Academic_Cap_0_7.png
Spring Chick 0.7%,https://imperator-server.onrender.com/storage-proxy/gift_assets/symbols/Spring_Chick_0_7.png
Love Letter 0.7%,https://imperator-server.onrender.com/storage-proxy/gift_assets/symbols/Love_Letter_0_7.png
Totem Bear 0.7%,https://imperator-server.onrender.com/storage-proxy/gift_assets/symbols/Totem_Bear_0_7.png
Aztec Falcon 0.7%,https://imperator-server.onrender.com/storage-proxy/gift_assets/symbols/Aztec_Falcon_0_7.png
War Bonnet 0.7%,https://imperator-server.onrender.com/storage-proxy/gift_assets/symbols/War_Bonnet_0_7.png
Coin Purse 0.7%,https://imperator-server.onrender.com/storage-proxy/gift_assets/symbols/Coin_Purse_0_7.png
Handset 0.7%,https://imperator-server.onrender.com/storage-proxy/gift_assets/symbols/Handset_0_7.png
Lightning 0.7%,https://imperator-server.onrender.com/storage-proxy/gift_assets/symbols/Lightning_0_7.png
Paper Lantern 0.7%,https://imperator-server.onrender.com/storage-proxy/gift_assets/symbols/Paper_Lantern_0_7.png
Brain 0.7%,https://imperator-server.onrender.com/storage-proxy/gift_assets/symbols/Brain_0_7.png
Pencil 0.7%,https://imperator-server.onrender.com/storage-proxy/gift_assets/symbols/Pencil_0_7.png
Sleepy Unicorn 0.7%,https://imperator-server.onrender.com/storage-proxy/gift_assets/symbols/Sleepy_Unicorn_0_7.png
Wreath 0.7%,https://imperator-server.onrender.com/storage-proxy/gift_assets/symbols/Wreath_0_7.png
Twin Peaks 0.7%,https://imperator-server.onrender.com/storage-proxy/gift_assets/symbols/Twin_Peaks_0_7.png
Bandage 0.7%,https://imperator-server.onrender.com/storage-proxy/gift_assets/symbols/Bandage_0_7.png
Coat of Arms 0.7%,https://imperator-server.onrender.com/storage-proxy/gift_assets/symbols/Coat_of_Arms_0_7.png
Apple 0.7%,https://imperator-server.onrender.com/storage-proxy/gift_assets/symbols/Apple_0_7.png
Pilot Hat 0.7%,https://imperator-server.onrender.com/storage-proxy/gift_assets/symbols/Pilot_Hat_0_7.png
Champagne 0.7%,https://imperator-server.onrender.com/storage-proxy/gift_assets/symbols/Champagne_0_7.png
Fire 0.7%,https://imperator-server.onrender.com/storage-proxy/gift_assets/symbols/Fire_0_7.png
Steampunk Hat 0.7%,https://imperator-server.onrender.com/storage-proxy/gift_assets/symbols/Steampunk_Hat_0_7.png
Elf Hat 0.4%,https://imperator-server.onrender.com/storage-proxy/gift_assets/symbols/Elf_Hat_0_4.png
Cobra 0.7%,https://imperator-server.onrender.com/storage-proxy/gift_assets/symbols/Cobra_0_7.png
Conical Hat 0.7%,https://imperator-server.onrender.com/storage-proxy/gift_assets/symbols/Conical_Hat_0_7.png
Sharp Sword 0.7%,https://imperator-server.onrender.com/storage-proxy/gift_assets/symbols/Sharp_Sword_0_7.png
Scissors 0.7%,https://imperator-server.onrender.com/storage-proxy/gift_assets/symbols/Scissors_0_7.png
Bicorne 0.7%,https://imperator-server.onrender.com/storage-proxy/gift_assets/symbols/Bicorne_0_7.png
Sun Lion 0.7%,https://imperator-server.onrender.com/storage-proxy/gift_assets/symbols/Sun_Lion_0_7.png
Beer 0.4%,https://imperator-server.onrender.com/storage-proxy/gift_assets/symbols/Beer_0_4.png
Pumpkin Coach 0.7%,https://imperator-server.onrender.com/storage-proxy/gift_assets/symbols/Pumpkin_Coach_0_7.png
Omusubi 0.2%,https://imperator-server.onrender.com/storage-proxy/gift_assets/symbols/Omusubi_0_2.png
Easter Egg 0.4%,https://imperator-server.onrender.com/storage-proxy/gift_assets/symbols/Easter_Egg_0_4.png
Jewel 0.7%,https://imperator-server.onrender.com/storage-proxy/gift_assets/symbols/Jewel_0_7.png
Banana 0.2%,https://imperator-server.onrender.com/storage-proxy/gift_assets/symbols/Banana_0_2.png
Battle Axe 0.2%,https://imperator-server.onrender.com/storage-proxy/gift_assets/symbols/Battle_Axe_0_2.png
Ball 0.7%,https://imperator-server.onrender.com/storage-proxy/gift_assets/symbols/Ball_0_7.png
Trinity Knot 0.7%,https://imperator-server.onrender.com/storage-proxy/gift_assets/symbols/Trinity_Knot_0_7.png
Clematis 0.5%,https://imperator-server.onrender.com/storage-proxy/gift_assets/symbols/Clematis_0_5.png
Dandelion 0.5%,https://imperator-server.onrender.com/storage-proxy/gift_assets/symbols/Dandelion_0_5.png
Pansy 0.5%,https://imperator-server.onrender.com/storage-proxy/gift_assets/symbols/Pansy_0_5.png
Succubus 0.5%,https://imperator-server.onrender.com/storage-proxy/gift_assets/symbols/Succubus_0_5.png
Rose Bud 0.4%,https://imperator-server.onrender.com/storage-proxy/gift_assets/symbols/Rose_Bud_0_4.png
Padlock 0.5%,https://imperator-server.onrender.com/storage-proxy/gift_assets/symbols/Padlock_0_5.png
Starflower 0.5%,https://imperator-server.onrender.com/storage-proxy/gift_assets/symbols/Starflower_0_5.png
Lotus Flower 0.1%,https://imperator-server.onrender.com/storage-proxy/gift_assets/symbols/Lotus_Flower_0_1.png
Love 0.5%,https://imperator-server.onrender.com/storage-proxy/gift_assets/symbols/Love_0_5.png
Date Pin 0.5%,https://imperator-server.onrender.com/storage-proxy/gift_assets/symbols/Date_Pin_0_5.png
Cricket Helmet 0.5%,https://imperator-server.onrender.com/storage-proxy/gift_assets/symbols/Cricket_Helmet_0_5.png
Ribeye Steak 0.4%,https://imperator-server.onrender.com/storage-proxy/gift_assets/symbols/Ribeye_Steak_0_4.png
Rabbit Mask 0.4%,https://imperator-server.onrender.com/storage-proxy/gift_assets/symbols/Rabbit_Mask_0_4.png
Bobble Hat 0.5%,https://imperator-server.onrender.com/storage-proxy/gift_assets/symbols/Bobble_Hat_0_5.png
Bougainvillea 0.5%,https://imperator-server.onrender.com/storage-proxy/gift_assets/symbols/Bougainvillea_0_5.png
Party Hat 0.4%,https://imperator-server.onrender.com/storage-proxy/gift_assets/symbols/Party_Hat_0_4.png
Heraldic Lily 0.4%,https://imperator-server.onrender.com/storage-proxy/gift_assets/symbols/Heraldic_Lily_0_4.png
May Bells 0.5%,https://imperator-server.onrender.com/storage-proxy/gift_assets/symbols/May_Bells_0_5.png
Like Button 0.5%,https://imperator-server.onrender.com/storage-proxy/gift_assets/symbols/Like_Button_0_5.png
Jester Hat 0.5%,https://imperator-server.onrender.com/storage-proxy/gift_assets/symbols/Jester_Hat_0_5.png
Poppy 0.2%,https://imperator-server.onrender.com/storage-proxy/gift_assets/symbols/Poppy_0_2.png
Tic-Tac-Toe 0.5%,https://imperator-server.onrender.com/storage-proxy/gift_assets/symbols/Tic-Tac-Toe_0_5.png
Stilettos 0.2%,https://imperator-server.onrender.com/storage-proxy/gift_assets/symbols/Stilettos_0_2.png
Love Daisy 0.5%,https://imperator-server.onrender.com/storage-proxy/gift_assets/symbols/Love_Daisy_0_5.png
February 14 0.5%,https://imperator-server.onrender.com/storage-proxy/gift_assets/symbols/February_14_0_5.png
Bonsai 0.4%,https://imperator-server.onrender.com/storage-proxy/gift_assets/symbols/Bonsai_0_4.png
Spider Lily 0.4%,https://imperator-server.onrender.com/storage-proxy/gift_assets/symbols/Spider_Lily_0_4.png
Heart Balloon 0.2%,https://imperator-server.onrender.com/storage-proxy/gift_assets/symbols/Heart_Balloon_0_2.png
Heart Ring 0.5%,https://imperator-server.onrender.com/storage-proxy/gift_assets/symbols/Heart_Ring_0_5.png
Flirty Message 0.5%,https://imperator-server.onrender.com/storage-proxy/gift_assets/symbols/Flirty_Message_0_5.png
Amour Scoops 0.5%,https://imperator-server.onrender.com/storage-proxy/gift_assets/symbols/Amour_Scoops_0_5.png
Carnation 0.5%,https://imperator-server.onrender.com/storage-proxy/gift_assets/symbols/Carnation_0_5.png
Love Potion 0.5%,https://imperator-server.onrender.com/storage-proxy/gift_assets/symbols/Love_Potion_0_5.png
Spicy Chilli 0.5%,https://imperator-server.onrender.com/storage-proxy/gift_assets/symbols/Spicy_Chilli_0_5.png
Tulip Bloom 0.5%,https://imperator-server.onrender.com/storage-proxy/gift_assets/symbols/Tulip_Bloom_0_5.png
Strelitzia 0.4%,https://imperator-server.onrender.com/storage-proxy/gift_assets/symbols/Strelitzia_0_4.png
Rose Blossom 0.5%,https://imperator-server.onrender.com/storage-proxy/gift_assets/symbols/Rose_Blossom_0_5.png
Love Berry 0.5%,https://imperator-server.onrender.com/storage-proxy/gift_assets/symbols/Love_Berry_0_5.png
Doctor Hat 0.2%,https://imperator-server.onrender.com/storage-proxy/gift_assets/symbols/Doctor_Hat_0_2.png
Magic Vial 0.4%,https://imperator-server.onrender.com/storage-proxy/gift_assets/symbols/Magic_Vial_0_4.png
Sunbloom 0.4%,https://imperator-server.onrender.com/storage-proxy/gift_assets/symbols/Sunbloom_0_4.png
Blooms 0.5%,https://imperator-server.onrender.com/storage-proxy/gift_assets/symbols/Blooms_0_5.png
Loving Heart 0.2%,https://imperator-server.onrender.com/storage-proxy/gift_assets/symbols/Loving_Heart_0_2.png
Orchid 0.5%,https://imperator-server.onrender.com/storage-proxy/gift_assets/symbols/Orchid_0_5.png
Bellflower 0.4%,https://imperator-server.onrender.com/storage-proxy/gift_assets/symbols/Bellflower_0_4.png
Love Cherry 0.2%,https://imperator-server.onrender.com/storage-proxy/gift_assets/symbols/Love_Cherry_0_2.png
Mailbox 0.2%,https://imperator-server.onrender.com/storage-proxy/gift_assets/symbols/Mailbox_0_2.png
Pussy Willow 0.4%,https://imperator-server.onrender.com/storage-proxy/gift_assets/symbols/Pussy_Willow_0_4.png
Kudu Totem 0.2%,https://imperator-server.onrender.com/storage-proxy/gift_assets/symbols/Kudu_Totem_0_2.png
Flying Heart 0.5%,https://imperator-server.onrender.com/storage-proxy/gift_assets/symbols/Flying_Heart_0_5.png
Heart Glasses 0.5%,https://imperator-server.onrender.com/storage-proxy/gift_assets/symbols/Heart_Glasses_0_5.png
Snowdrop 0.2%,https://imperator-server.onrender.com/storage-proxy/gift_assets/symbols/Snowdrop_0_2.png
Love Candy 0.2%,https://imperator-server.onrender.com/storage-proxy/gift_assets/symbols/Love_Candy_0_2.png
Cute Bear 0.4%,https://imperator-server.onrender.com/storage-proxy/gift_assets/symbols/Cute_Bear_0_4.png
Muffin 0.4%,https://imperator-server.onrender.com/storage-proxy/gift_assets/symbols/Muffin_0_4.png
Cupid Archer 0.2%,https://imperator-server.onrender.com/storage-proxy/gift_assets/symbols/Cupid_Archer_0_2.png
Deerstalker 0.5%,https://imperator-server.onrender.com/storage-proxy/gift_assets/symbols/Deerstalker_0_5.png
Pixel Heart 0.4%,https://imperator-server.onrender.com/storage-proxy/gift_assets/symbols/Pixel_Heart_0_4.png
Handcuffs 0.5%,https://imperator-server.onrender.com/storage-proxy/gift_assets/symbols/Handcuffs_0_5.png
Omusubi 0.5%,https://imperator-server.onrender.com/storage-proxy/gift_assets/symbols/Omusubi_0_5.png
Egg Basket 0.2%,https://imperator-server.onrender.com/storage-proxy/gift_assets/symbols/Egg_Basket_0_2.png
Meat Leg 0.5%,https://imperator-server.onrender.com/storage-proxy/gift_assets/symbols/Meat_Leg_0_5.png
Bamboo 0.4%,https://imperator-server.onrender.com/storage-proxy/gift_assets/symbols/Bamboo_0_4.png
Robin Hood 0.2%,https://imperator-server.onrender.com/storage-proxy/gift_assets/symbols/Robin_Hood_0_2.png
All-Seeing Eye 0.2%,https://imperator-server.onrender.com/storage-proxy/gift_assets/symbols/All-Seeing_Eye_0_2.png
Paper Crane 0.2%,https://imperator-server.onrender.com/storage-proxy/gift_assets/symbols/Paper_Crane_0_2.png
Fez 0.2%,https://imperator-server.onrender.com/storage-proxy/gift_assets/symbols/Fez_0_2.png
Flag 0.2%,https://imperator-server.onrender.com/storage-proxy/gift_assets/symbols/Flag_0_2.png
Galaxy 0.5%,https://imperator-server.onrender.com/storage-proxy/gift_assets/symbols/Galaxy_0_5.png
Mining Helmet 0.2%,https://imperator-server.onrender.com/storage-proxy/gift_assets/symbols/Mining_Helmet_0_2.png
Greek Sun 0.2%,https://imperator-server.onrender.com/storage-proxy/gift_assets/symbols/Greek_Sun_0_2.png
Valkyrie 0.2%,https://imperator-server.onrender.com/storage-proxy/gift_assets/symbols/Valkyrie_0_2.png
Sakura Flower 0.2%,https://imperator-server.onrender.com/storage-proxy/gift_assets/symbols/Sakura_Flower_0_2.png
La Corona 0.2%,https://imperator-server.onrender.com/storage-proxy/gift_assets/symbols/La_Corona_0_2.png
Shinto Shrine 0.2%,https://imperator-server.onrender.com/storage-proxy/gift_assets/symbols/Shinto_Shrine_0_2.png
Pawn 0.3%,https://imperator-server.onrender.com/storage-proxy/gift_assets/symbols/Pawn_0_3.png
Party Popper 0.5%,https://imperator-server.onrender.com/storage-proxy/gift_assets/symbols/Party_Popper_0_5.png
Cupid’s Arrow 0.3%,https://imperator-server.onrender.com/storage-proxy/gift_assets/symbols/Cupid_s_Arrow_0_3.png
Blooms 0.4%,https://imperator-server.onrender.com/storage-proxy/gift_assets/symbols/Blooms_0_4.png
Calla Lily 0.4%,https://imperator-server.onrender.com/storage-proxy/gift_assets/symbols/Calla_Lily_0_4.png
Cake 0.4%,https://imperator-server.onrender.com/storage-proxy/gift_assets/symbols/Cake_0_4.png
Radar 0.5%,https://imperator-server.onrender.com/storage-proxy/gift_assets/symbols/Radar_0_5.png
Dandelion 0.4%,https://imperator-server.onrender.com/storage-proxy/gift_assets/symbols/Dandelion_0_4.png
Ace Of Hearts 0.5%,https://imperator-server.onrender.com/storage-proxy/gift_assets/symbols/Ace_Of_Hearts_0_5.png
Love Dove 0.3%,https://imperator-server.onrender.com/storage-proxy/gift_assets/symbols/Love_Dove_0_3.png
Little Cupid 0.5%,https://imperator-server.onrender.com/storage-proxy/gift_assets/symbols/Little_Cupid_0_5.png
Lovebirds 0.4%,https://imperator-server.onrender.com/storage-proxy/gift_assets/symbols/Lovebirds_0_4.png
Angelic Heart 0.5%,https://imperator-server.onrender.com/storage-proxy/gift_assets/symbols/Angelic_Heart_0_5.png
Hard Hat 0.3%,https://imperator-server.onrender.com/storage-proxy/gift_assets/symbols/Hard_Hat_0_3.png
Daffodil 0.4%,https://imperator-server.onrender.com/storage-proxy/gift_assets/symbols/Daffodil_0_4.png
Pierced Heart 0.5%,https://imperator-server.onrender.com/storage-proxy/gift_assets/symbols/Pierced_Heart_0_5.png
Love Berry 0.2%,https://imperator-server.onrender.com/storage-proxy/gift_assets/symbols/Love_Berry_0_2.png
Onigiri 0.4%,https://imperator-server.onrender.com/storage-proxy/gift_assets/symbols/Onigiri_0_4.png
Academic Cap 0.3%,https://imperator-server.onrender.com/storage-proxy/gift_assets/symbols/Academic_Cap_0_3.png
Muffin 0.3%,https://imperator-server.onrender.com/storage-proxy/gift_assets/symbols/Muffin_0_3.png
Belladonna 0.3%,https://imperator-server.onrender.com/storage-proxy/gift_assets/symbols/Belladonna_0_3.png
Stilettos 0.3%,https://imperator-server.onrender.com/storage-proxy/gift_assets/symbols/Stilettos_0_3.png
Old Candle 0.5%,https://imperator-server.onrender.com/storage-proxy/gift_assets/symbols/Old_Candle_0_5.png
Fuchsia 0.5%,https://imperator-server.onrender.com/storage-proxy/gift_assets/symbols/Fuchsia_0_5.png
Heartbeat 0.5%,https://imperator-server.onrender.com/storage-proxy/gift_assets/symbols/Heartbeat_0_5.png
Angel 0.5%,https://imperator-server.onrender.com/storage-proxy/gift_assets/symbols/Angel_0_5.png
Coin 0.3%,https://imperator-server.onrender.com/storage-proxy/gift_assets/symbols/Coin_0_3.png
Cavalier Hat 0.5%,https://imperator-server.onrender.com/storage-proxy/gift_assets/symbols/Cavalier_Hat_0_5.png
Royal Turban 0.3%,https://imperator-server.onrender.com/storage-proxy/gift_assets/symbols/Royal_Turban_0_3.png
Butterfly 0.4%,https://imperator-server.onrender.com/storage-proxy/gift_assets/symbols/Butterfly_0_4.png
Greek Sun 0.3%,https://imperator-server.onrender.com/storage-proxy/gift_assets/symbols/Greek_Sun_0_3.png
Lavender 0.4%,https://imperator-server.onrender.com/storage-proxy/gift_assets/symbols/Lavender_0_4.png
Date Pin 0.3%,https://imperator-server.onrender.com/storage-proxy/gift_assets/symbols/Date_Pin_0_3.png
Tricorne 0.3%,https://imperator-server.onrender.com/storage-proxy/gift_assets/symbols/Tricorne_0_3.png
Anthurium 0.5%,https://imperator-server.onrender.com/storage-proxy/gift_assets/symbols/Anthurium_0_5.png
Double Axe 0.3%,https://imperator-server.onrender.com/storage-proxy/gift_assets/symbols/Double_Axe_0_3.png
Sunbloom 0.5%,https://imperator-server.onrender.com/storage-proxy/gift_assets/symbols/Sunbloom_0_5.png
Valentine 0.5%,https://imperator-server.onrender.com/storage-proxy/gift_assets/symbols/Valentine_0_5.png
Love Daisy 0.3%,https://imperator-server.onrender.com/storage-proxy/gift_assets/symbols/Love_Daisy_0_3.png
Fez 0.5%,https://imperator-server.onrender.com/storage-proxy/gift_assets/symbols/Fez_0_5.png
Snowdrop 0.3%,https://imperator-server.onrender.com/storage-proxy/gift_assets/symbols/Snowdrop_0_3.png
Serpent 0.3%,https://imperator-server.onrender.com/storage-proxy/gift_assets/symbols/Serpent_0_3.png
Iron Helmet 0.3%,https://imperator-server.onrender.com/storage-proxy/gift_assets/symbols/Iron_Helmet_0_3.png
Bougainvillea 0.2%,https://imperator-server.onrender.com/storage-proxy/gift_assets/symbols/Bougainvillea_0_2.png
Carnation 0.4%,https://imperator-server.onrender.com/storage-proxy/gift_assets/symbols/Carnation_0_4.png
Passion Latte 0.2%,https://imperator-server.onrender.com/storage-proxy/gift_assets/symbols/Passion_Latte_0_2.png
Chef Hat 0.5%,https://imperator-server.onrender.com/storage-proxy/gift_assets/symbols/Chef_Hat_0_5.png
Shortsword 0.3%,https://imperator-server.onrender.com/storage-proxy/gift_assets/symbols/Shortsword_0_3.png
Police Hat 0.5%,https://imperator-server.onrender.com/storage-proxy/gift_assets/symbols/Police_Hat_0_5.png
Telescope 0.3%,https://imperator-server.onrender.com/storage-proxy/gift_assets/symbols/Telescope_0_3.png
Manta Ray 0.1%,https://imperator-server.onrender.com/storage-proxy/gift_assets/symbols/Manta_Ray_0_1.png
Kitsune Mask 0.4%,https://imperator-server.onrender.com/storage-proxy/gift_assets/symbols/Kitsune_Mask_0_4.png
Pith Helmet 0.3%,https://imperator-server.onrender.com/storage-proxy/gift_assets/symbols/Pith_Helmet_0_3.png
Dagger 0.3%,https://imperator-server.onrender.com/storage-proxy/gift_assets/symbols/Dagger_0_3.png
Turkey 0.1%,https://imperator-server.onrender.com/storage-proxy/gift_assets/symbols/Turkey_0_1.png
Ramen 0.3%,https://imperator-server.onrender.com/storage-proxy/gift_assets/symbols/Ramen_0_3.png
Sea Dragon 0.3%,https://imperator-server.onrender.com/storage-proxy/gift_assets/symbols/Sea_Dragon_0_3.png
Onigiri 0.3%,https://imperator-server.onrender.com/storage-proxy/gift_assets/symbols/Onigiri_0_3.png
Takoyaki 0.3%,https://imperator-server.onrender.com/storage-proxy/gift_assets/symbols/Takoyaki_0_3.png
Hammerhead 0.3%,https://imperator-server.onrender.com/storage-proxy/gift_assets/symbols/Hammerhead_0_3.png
Crusader Cross 0.3%,https://imperator-server.onrender.com/storage-proxy/gift_assets/symbols/Crusader_Cross_0_3.png
Banner 0.3%,https://imperator-server.onrender.com/storage-proxy/gift_assets/symbols/Banner_0_3.png
Arcane Mirror 0.1%,https://imperator-server.onrender.com/storage-proxy/gift_assets/symbols/Arcane_Mirror_0_1.png
Sushi Rolls 0.3%,https://imperator-server.onrender.com/storage-proxy/gift_assets/symbols/Sushi_Rolls_0_3.png
Doctor Hat 0.3%,https://imperator-server.onrender.com/storage-proxy/gift_assets/symbols/Doctor_Hat_0_3.png
Ice Cream 0.4%,https://imperator-server.onrender.com/storage-proxy/gift_assets/symbols/Ice_Cream_0_4.png
Viking 0.3%,https://imperator-server.onrender.com/storage-proxy/gift_assets/symbols/Viking_0_3.png
Nemean Lion 0.3%,https://imperator-server.onrender.com/storage-proxy/gift_assets/symbols/Nemean_Lion_0_3.png
Horseshoe 0.5%,https://imperator-server.onrender.com/storage-proxy/gift_assets/symbols/Horseshoe_0_5.png
UFO 0.3%,https://imperator-server.onrender.com/storage-proxy/gift_assets/symbols/UFO_0_3.png
Scarab 0.3%,https://imperator-server.onrender.com/storage-proxy/gift_assets/symbols/Scarab_0_3.png
Holy Grail 0.2%,https://imperator-server.onrender.com/storage-proxy/gift_assets/symbols/Holy_Grail_0_2.png
Crystal 0.3%,https://imperator-server.onrender.com/storage-proxy/gift_assets/symbols/Crystal_0_3.png
Sauron 0.1%,https://imperator-server.onrender.com/storage-proxy/gift_assets/symbols/Sauron_0_1.png
Spirit Impala 0.3%,https://imperator-server.onrender.com/storage-proxy/gift_assets/symbols/Spirit_Impala_0_3.png
Moon Eagle 0.3%,https://imperator-server.onrender.com/storage-proxy/gift_assets/symbols/Moon_Eagle_0_3.png
Grape 0.3%,https://imperator-server.onrender.com/storage-proxy/gift_assets/symbols/Grape_0_3.png
Book 0.1%,https://imperator-server.onrender.com/storage-proxy/gift_assets/symbols/Book_0_1.png
Cone 0.3%,https://imperator-server.onrender.com/storage-proxy/gift_assets/symbols/Cone_0_3.png
Cocktail 0.3%,https://imperator-server.onrender.com/storage-proxy/gift_assets/symbols/Cocktail_0_3.png
Coconut 0.3%,https://imperator-server.onrender.com/storage-proxy/gift_assets/symbols/Coconut_0_3.png
Oxen of Fire 0.1%,https://imperator-server.onrender.com/storage-proxy/gift_assets/symbols/Oxen_of_Fire_0_1.png
Garden Pot 0.3%,https://imperator-server.onrender.com/storage-proxy/gift_assets/symbols/Garden_Pot_0_3.png
Tie 0.1%,https://imperator-server.onrender.com/storage-proxy/gift_assets/symbols/Tie_0_1.png
Moose Head 0.3%,https://imperator-server.onrender.com/storage-proxy/gift_assets/symbols/Moose_Head_0_3.png
Carrot 0.1%,https://imperator-server.onrender.com/storage-proxy/gift_assets/symbols/Carrot_0_1.png
Magic Wand 0.3%,https://imperator-server.onrender.com/storage-proxy/gift_assets/symbols/Magic_Wand_0_3.png
Money Bag 0.3%,https://imperator-server.onrender.com/storage-proxy/gift_assets/symbols/Money_Bag_0_3.png
Gear 0.1%,https://imperator-server.onrender.com/storage-proxy/gift_assets/symbols/Gear_0_1.png
Divine Falcon 0.4%,https://imperator-server.onrender.com/storage-proxy/gift_assets/symbols/Divine_Falcon_0_4.png
Baby Bottle 0.2%,https://imperator-server.onrender.com/storage-proxy/gift_assets/symbols/Baby_Bottle_0_2.png
Paschal Lamb 0.2%,https://imperator-server.onrender.com/storage-proxy/gift_assets/symbols/Paschal_Lamb_0_2.png
Pilot Hat 0.4%,https://imperator-server.onrender.com/storage-proxy/gift_assets/symbols/Pilot_Hat_0_4.png
Arcane Mirror 0.2%,https://imperator-server.onrender.com/storage-proxy/gift_assets/symbols/Arcane_Mirror_0_2.png
Sombrero 0.1%,https://imperator-server.onrender.com/storage-proxy/gift_assets/symbols/Sombrero_0_1.png
Fireman Hat 0.5%,https://imperator-server.onrender.com/storage-proxy/gift_assets/symbols/Fireman_Hat_0_5.png
Ghost 0.7%,https://imperator-server.onrender.com/storage-proxy/gift_assets/symbols/Ghost_0_7.png
Easter Bunny 0.7%,https://imperator-server.onrender.com/storage-proxy/gift_assets/symbols/Easter_Bunny_0_7.png
Love Dove 0.7%,https://imperator-server.onrender.com/storage-proxy/gift_assets/symbols/Love_Dove_0_7.png
Love Daisy 0.7%,https://imperator-server.onrender.com/storage-proxy/gift_assets/symbols/Love_Daisy_0_7.png
Police Hat 0.7%,https://imperator-server.onrender.com/storage-proxy/gift_assets/symbols/Police_Hat_0_7.png
Flipper 0.7%,https://imperator-server.onrender.com/storage-proxy/gift_assets/symbols/Flipper_0_7.png
Puffball 0.7%,https://imperator-server.onrender.com/storage-proxy/gift_assets/symbols/Puffball_0_7.png
Beret 0.7%,https://imperator-server.onrender.com/storage-proxy/gift_assets/symbols/Beret_0_7.png
Tsunami 0.7%,https://imperator-server.onrender.com/storage-proxy/gift_assets/symbols/Tsunami_0_7.png
Flying Heart 0.7%,https://imperator-server.onrender.com/storage-proxy/gift_assets/symbols/Flying_Heart_0_7.png
Crusader 0.7%,https://imperator-server.onrender.com/storage-proxy/gift_assets/symbols/Crusader_0_7.png
Little Cupid 0.4%,https://imperator-server.onrender.com/storage-proxy/gift_assets/symbols/Little_Cupid_0_4.png
Cake 0.7%,https://imperator-server.onrender.com/storage-proxy/gift_assets/symbols/Cake_0_7.png
Hamburger 0.7%,https://imperator-server.onrender.com/storage-proxy/gift_assets/symbols/Hamburger_0_7.png
Tic-Tac-Toe 0.7%,https://imperator-server.onrender.com/storage-proxy/gift_assets/symbols/Tic-Tac-Toe_0_7.png
Conch 0.7%,https://imperator-server.onrender.com/storage-proxy/gift_assets/symbols/Conch_0_7.png
Oculus 0.7%,https://imperator-server.onrender.com/storage-proxy/gift_assets/symbols/Oculus_0_7.png
War Tiger 0.2%,https://imperator-server.onrender.com/storage-proxy/gift_assets/symbols/War_Tiger_0_2.png
Lovely Key 0.7%,https://imperator-server.onrender.com/storage-proxy/gift_assets/symbols/Lovely_Key_0_7.png
Banner 0.7%,https://imperator-server.onrender.com/storage-proxy/gift_assets/symbols/Banner_0_7.png
Keffiyeh 0.7%,https://imperator-server.onrender.com/storage-proxy/gift_assets/symbols/Keffiyeh_0_7.png
Flower Cross 0.7%,https://imperator-server.onrender.com/storage-proxy/gift_assets/symbols/Flower_Cross_0_7.png
Cricket Helmet 0.7%,https://imperator-server.onrender.com/storage-proxy/gift_assets/symbols/Cricket_Helmet_0_7.png
Pansy 0.2%,https://imperator-server.onrender.com/storage-proxy/gift_assets/symbols/Pansy_0_2.png
Flytrap 0.7%,https://imperator-server.onrender.com/storage-proxy/gift_assets/symbols/Flytrap_0_7.png
Loveberry 0.7%,https://imperator-server.onrender.com/storage-proxy/gift_assets/symbols/Loveberry_0_7.png
PC Mouse 0.7%,https://imperator-server.onrender.com/storage-proxy/gift_assets/symbols/PC_Mouse_0_7.png
Nemes 0.7%,https://imperator-server.onrender.com/storage-proxy/gift_assets/symbols/Nemes_0_7.png
Love Scene 0.7%,https://imperator-server.onrender.com/storage-proxy/gift_assets/symbols/Love_Scene_0_7.png
Daffodil 0.7%,https://imperator-server.onrender.com/storage-proxy/gift_assets/symbols/Daffodil_0_7.png
Sea Horse 0.7%,https://imperator-server.onrender.com/storage-proxy/gift_assets/symbols/Sea_Horse_0_7.png
Chocolate 0.2%,https://imperator-server.onrender.com/storage-proxy/gift_assets/symbols/Chocolate_0_2.png
Viper 0.7%,https://imperator-server.onrender.com/storage-proxy/gift_assets/symbols/Viper_0_7.png
Hibiscus 0.2%,https://imperator-server.onrender.com/storage-proxy/gift_assets/symbols/Hibiscus_0_2.png
Blooms 0.7%,https://imperator-server.onrender.com/storage-proxy/gift_assets/symbols/Blooms_0_7.png
May Bells 0.7%,https://imperator-server.onrender.com/storage-proxy/gift_assets/symbols/May_Bells_0_7.png
Muffin 0.7%,https://imperator-server.onrender.com/storage-proxy/gift_assets/symbols/Muffin_0_7.png
Dessert 0.7%,https://imperator-server.onrender.com/storage-proxy/gift_assets/symbols/Dessert_0_7.png
High Hat 0.7%,https://imperator-server.onrender.com/storage-proxy/gift_assets/symbols/High_Hat_0_7.png
Cute Bear 0.7%,https://imperator-server.onrender.com/storage-proxy/gift_assets/symbols/Cute_Bear_0_7.png
Cactus Bloom 0.5%,https://imperator-server.onrender.com/storage-proxy/gift_assets/symbols/Cactus_Bloom_0_5.png
Bougainvillea 0.4%,https://imperator-server.onrender.com/storage-proxy/gift_assets/symbols/Bougainvillea_0_4.png
Dice 0.7%,https://imperator-server.onrender.com/storage-proxy/gift_assets/symbols/Dice_0_7.png
Pizza Slice 0.7%,https://imperator-server.onrender.com/storage-proxy/gift_assets/symbols/Pizza_Slice_0_7.png
Jasmin 0.4%,https://imperator-server.onrender.com/storage-proxy/gift_assets/symbols/Jasmin_0_4.png
Snowdrop 0.4%,https://imperator-server.onrender.com/storage-proxy/gift_assets/symbols/Snowdrop_0_4.png
Nemean Lion 0.7%,https://imperator-server.onrender.com/storage-proxy/gift_assets/symbols/Nemean_Lion_0_7.png
Crystal 0.7%,https://imperator-server.onrender.com/storage-proxy/gift_assets/symbols/Crystal_0_7.png
Rooster 0.7%,https://imperator-server.onrender.com/storage-proxy/gift_assets/symbols/Rooster_0_7.png
Inguz Rune 0.7%,https://imperator-server.onrender.com/storage-proxy/gift_assets/symbols/Inguz_Rune_0_7.png
Lotus Flower 0.7%,https://imperator-server.onrender.com/storage-proxy/gift_assets/symbols/Lotus_Flower_0_7.png
Love Puzzle 0.4%,https://imperator-server.onrender.com/storage-proxy/gift_assets/symbols/Love_Puzzle_0_4.png
Spider Lily 0.7%,https://imperator-server.onrender.com/storage-proxy/gift_assets/symbols/Spider_Lily_0_7.png
Daisy 0.2%,https://imperator-server.onrender.com/storage-proxy/gift_assets/symbols/Daisy_0_2.png
Lotus 0.7%,https://imperator-server.onrender.com/storage-proxy/gift_assets/symbols/Lotus_0_7.png
Grim Reaper 1%,https://imperator-server.onrender.com/storage-proxy/gift_assets/symbols/Grim_Reaper_1.png
Baphomet 1.2%,https://imperator-server.onrender.com/storage-proxy/gift_assets/symbols/Baphomet_1_2.png
Treats 1%,https://imperator-server.onrender.com/storage-proxy/gift_assets/symbols/Treats_1.png
Fish Skeleton 1%,https://imperator-server.onrender.com/storage-proxy/gift_assets/symbols/Fish_Skeleton_1.png
Crystal Ball 1.2%,https://imperator-server.onrender.com/storage-proxy/gift_assets/symbols/Crystal_Ball_1_2.png
Lollipop 1.2%,https://imperator-server.onrender.com/storage-proxy/gift_assets/symbols/Lollipop_1_2.png
Candle 1%,https://imperator-server.onrender.com/storage-proxy/gift_assets/symbols/Candle_1.png
Severed Hand 1.2%,https://imperator-server.onrender.com/storage-proxy/gift_assets/symbols/Severed_Hand_1_2.png
Night Bats 1.2%,https://imperator-server.onrender.com/storage-proxy/gift_assets/symbols/Night_Bats_1_2.png
Broken Heart 0.2%,https://imperator-server.onrender.com/storage-proxy/gift_assets/symbols/Broken_Heart_0_2.png
Bloody Axe 1.2%,https://imperator-server.onrender.com/storage-proxy/gift_assets/symbols/Bloody_Axe_1_2.png
Jaws 1%,https://imperator-server.onrender.com/storage-proxy/gift_assets/symbols/Jaws_1.png
Nice Ghost 0.8%,https://imperator-server.onrender.com/storage-proxy/gift_assets/symbols/Nice_Ghost_0_8.png
Lightning 0.6%,https://imperator-server.onrender.com/storage-proxy/gift_assets/symbols/Lightning_0_6.png
Eyeball 1.2%,https://imperator-server.onrender.com/storage-proxy/gift_assets/symbols/Eyeball_1_2.png
Melon 0.6%,https://imperator-server.onrender.com/storage-proxy/gift_assets/symbols/Melon_0_6.png
Stilettos 0.6%,https://imperator-server.onrender.com/storage-proxy/gift_assets/symbols/Stilettos_0_6.png
Magic Wand 0.8%,https://imperator-server.onrender.com/storage-proxy/gift_assets/symbols/Magic_Wand_0_8.png
Sauron 1.2%,https://imperator-server.onrender.com/storage-proxy/gift_assets/symbols/Sauron_1_2.png
Flying Witch 0.8%,https://imperator-server.onrender.com/storage-proxy/gift_assets/symbols/Flying_Witch_0_8.png
Fluffy Wolf 0.6%,https://imperator-server.onrender.com/storage-proxy/gift_assets/symbols/Fluffy_Wolf_0_6.png
Champagne 0.6%,https://imperator-server.onrender.com/storage-proxy/gift_assets/symbols/Champagne_0_6.png
Autumn Leaves 0.8%,https://imperator-server.onrender.com/storage-proxy/gift_assets/symbols/Autumn_Leaves_0_8.png
Blood Drop 0.8%,https://imperator-server.onrender.com/storage-proxy/gift_assets/symbols/Blood_Drop_0_8.png
Padlock 0.6%,https://imperator-server.onrender.com/storage-proxy/gift_assets/symbols/Padlock_0_6.png
Lips 0.2%,https://imperator-server.onrender.com/storage-proxy/gift_assets/symbols/Lips_0_2.png
Lovely Rain 0.2%,https://imperator-server.onrender.com/storage-proxy/gift_assets/symbols/Lovely_Rain_0_2.png
Coffin 0.8%,https://imperator-server.onrender.com/storage-proxy/gift_assets/symbols/Coffin_0_8.png
Double Bed 0.6%,https://imperator-server.onrender.com/storage-proxy/gift_assets/symbols/Double_Bed_0_6.png
Witch’s Hat 0.8%,https://imperator-server.onrender.com/storage-proxy/gift_assets/symbols/Witch_s_Hat_0_8.png
Napkins 0.4%,https://imperator-server.onrender.com/storage-proxy/gift_assets/symbols/Napkins_0_4.png
Evil Pumpkin 0.8%,https://imperator-server.onrender.com/storage-proxy/gift_assets/symbols/Evil_Pumpkin_0_8.png
Scarecrow 0.8%,https://imperator-server.onrender.com/storage-proxy/gift_assets/symbols/Scarecrow_0_8.png
Voodoo Doll 1.2%,https://imperator-server.onrender.com/storage-proxy/gift_assets/symbols/Voodoo_Doll_1_2.png
Cauldron 1.2%,https://imperator-server.onrender.com/storage-proxy/gift_assets/symbols/Cauldron_1_2.png
Potion 1.2%,https://imperator-server.onrender.com/storage-proxy/gift_assets/symbols/Potion_1_2.png
Crow 0.8%,https://imperator-server.onrender.com/storage-proxy/gift_assets/symbols/Crow_0_8.png
Illuminati 1.2%,https://imperator-server.onrender.com/storage-proxy/gift_assets/symbols/Illuminati_1_2.png
Water Drops 0.6%,https://imperator-server.onrender.com/storage-proxy/gift_assets/symbols/Water_Drops_0_6.png
Spooky Cat 1.2%,https://imperator-server.onrender.com/storage-proxy/gift_assets/symbols/Spooky_Cat_1_2.png
Happy Smile 1.2%,https://imperator-server.onrender.com/storage-proxy/gift_assets/symbols/Happy_Smile_1_2.png
Gravestone 1.2%,https://imperator-server.onrender.com/storage-proxy/gift_assets/symbols/Gravestone_1_2.png
Cupid’s Arrow 0.4%,https://imperator-server.onrender.com/storage-proxy/gift_assets/symbols/Cupid_s_Arrow_0_4.png
Loveberry 0.2%,https://imperator-server.onrender.com/storage-proxy/gift_assets/symbols/Loveberry_0_2.png
Gift Box 0.6%,https://imperator-server.onrender.com/storage-proxy/gift_assets/symbols/Gift_Box_0_6.png
Blossom 0.2%,https://imperator-server.onrender.com/storage-proxy/gift_assets/symbols/Blossom_0_2.png
Cunning Fox 0.2%,https://imperator-server.onrender.com/storage-proxy/gift_assets/symbols/Cunning_Fox_0_2.png
Rabbit 0.2%,https://imperator-server.onrender.com/storage-proxy/gift_assets/symbols/Rabbit_0_2.png
Heart Balloon 0.4%,https://imperator-server.onrender.com/storage-proxy/gift_assets/symbols/Heart_Balloon_0_4.png
Peaked Cap 0.5%,https://imperator-server.onrender.com/storage-proxy/gift_assets/symbols/Peaked_Cap_0_5.png
Bee 0.3%,https://imperator-server.onrender.com/storage-proxy/gift_assets/symbols/Bee_0_3.png
Greek Helmet 0.3%,https://imperator-server.onrender.com/storage-proxy/gift_assets/symbols/Greek_Helmet_0_3.png
Geisha Fan 0.3%,https://imperator-server.onrender.com/storage-proxy/gift_assets/symbols/Geisha_Fan_0_3.png
Gem 0.1%,https://imperator-server.onrender.com/storage-proxy/gift_assets/symbols/Gem_0_1.png
French Fries 0.3%,https://imperator-server.onrender.com/storage-proxy/gift_assets/symbols/French_Fries_0_3.png
Axe 0.4%,https://imperator-server.onrender.com/storage-proxy/gift_assets/symbols/Axe_0_4.png
Thor Hammer 0.3%,https://imperator-server.onrender.com/storage-proxy/gift_assets/symbols/Thor_Hammer_0_3.png
Wepwawet 0.3%,https://imperator-server.onrender.com/storage-proxy/gift_assets/symbols/Wepwawet_0_3.png
Diamonds 0.1%,https://imperator-server.onrender.com/storage-proxy/gift_assets/symbols/Diamonds_0_1.png
Shinto Shrine 0.3%,https://imperator-server.onrender.com/storage-proxy/gift_assets/symbols/Shinto_Shrine_0_3.png
Novus Ordo 0.3%,https://imperator-server.onrender.com/storage-proxy/gift_assets/symbols/Novus_Ordo_0_3.png
Beret 0.5%,https://imperator-server.onrender.com/storage-proxy/gift_assets/symbols/Beret_0_5.png
Paschal Lamb 0.4%,https://imperator-server.onrender.com/storage-proxy/gift_assets/symbols/Paschal_Lamb_0_4.png
Alert Serpent 0.3%,https://imperator-server.onrender.com/storage-proxy/gift_assets/symbols/Alert_Serpent_0_3.png
Coin Purse 0.4%,https://imperator-server.onrender.com/storage-proxy/gift_assets/symbols/Coin_Purse_0_4.png
Kashket 0.3%,https://imperator-server.onrender.com/storage-proxy/gift_assets/symbols/Kashket_0_3.png
Maple 0.3%,https://imperator-server.onrender.com/storage-proxy/gift_assets/symbols/Maple_0_3.png
Holy Grail 0.3%,https://imperator-server.onrender.com/storage-proxy/gift_assets/symbols/Holy_Grail_0_3.png
Drug 0.1%,https://imperator-server.onrender.com/storage-proxy/gift_assets/symbols/Drug_0_1.png
Like 0.3%,https://imperator-server.onrender.com/storage-proxy/gift_assets/symbols/Like_0_3.png
Peace Dove 0.2%,https://imperator-server.onrender.com/storage-proxy/gift_assets/symbols/Peace_Dove_0_2.png
Crescent 0.3%,https://imperator-server.onrender.com/storage-proxy/gift_assets/symbols/Crescent_0_3.png
Hand of God 0.3%,https://imperator-server.onrender.com/storage-proxy/gift_assets/symbols/Hand_of_God_0_3.png
Hourglass 0.4%,https://imperator-server.onrender.com/storage-proxy/gift_assets/symbols/Hourglass_0_4.png
Griffon 0.3%,https://imperator-server.onrender.com/storage-proxy/gift_assets/symbols/Griffon_0_3.png
Doberman 0.1%,https://imperator-server.onrender.com/storage-proxy/gift_assets/symbols/Doberman_0_1.png
Cow Skull 0.4%,https://imperator-server.onrender.com/storage-proxy/gift_assets/symbols/Cow_Skull_0_4.png
Vortex 0.3%,https://imperator-server.onrender.com/storage-proxy/gift_assets/symbols/Vortex_0_3.png
Ancient Urn 0.3%,https://imperator-server.onrender.com/storage-proxy/gift_assets/symbols/Ancient_Urn_0_3.png
Aztec Falcon 0.3%,https://imperator-server.onrender.com/storage-proxy/gift_assets/symbols/Aztec_Falcon_0_3.png
Illuminati 0.3%,https://imperator-server.onrender.com/storage-proxy/gift_assets/symbols/Illuminati_0_3.png
Heater Shield 0.3%,https://imperator-server.onrender.com/storage-proxy/gift_assets/symbols/Heater_Shield_0_3.png
Bottlenose 0.3%,https://imperator-server.onrender.com/storage-proxy/gift_assets/symbols/Bottlenose_0_3.png
Anubis 0.3%,https://imperator-server.onrender.com/storage-proxy/gift_assets/symbols/Anubis_0_3.png
Imperial Lion 0.1%,https://imperator-server.onrender.com/storage-proxy/gift_assets/symbols/Imperial_Lion_0_1.png
Hedgehog 0.3%,https://imperator-server.onrender.com/storage-proxy/gift_assets/symbols/Hedgehog_0_3.png
Wontons 0.3%,https://imperator-server.onrender.com/storage-proxy/gift_assets/symbols/Wontons_0_3.png
Magic Vial 0.3%,https://imperator-server.onrender.com/storage-proxy/gift_assets/symbols/Magic_Vial_0_3.png
French Fries 0.2%,https://imperator-server.onrender.com/storage-proxy/gift_assets/symbols/French_Fries_0_2.png
Watermelon 1%,https://imperator-server.onrender.com/storage-proxy/gift_assets/symbols/Watermelon_1.png
Pearl 1%,https://imperator-server.onrender.com/storage-proxy/gift_assets/symbols/Pearl_1.png
Love Lock 0.6%,https://imperator-server.onrender.com/storage-proxy/gift_assets/symbols/Love_Lock_0_6.png
Venetian Mask 0.6%,https://imperator-server.onrender.com/storage-proxy/gift_assets/symbols/Venetian_Mask_0_6.png
Fluffy Wolf 1%,https://imperator-server.onrender.com/storage-proxy/gift_assets/symbols/Fluffy_Wolf_1.png
Carrot 1%,https://imperator-server.onrender.com/storage-proxy/gift_assets/symbols/Carrot_1.png
Lingerie 1%,https://imperator-server.onrender.com/storage-proxy/gift_assets/symbols/Lingerie_1.png
Cunning Fox 1%,https://imperator-server.onrender.com/storage-proxy/gift_assets/symbols/Cunning_Fox_1.png
Heartbeat 1%,https://imperator-server.onrender.com/storage-proxy/gift_assets/symbols/Heartbeat_1.png
Rabbit 1%,https://imperator-server.onrender.com/storage-proxy/gift_assets/symbols/Rabbit_1.png
Plume 1%,https://imperator-server.onrender.com/storage-proxy/gift_assets/symbols/Plume_1.png
Fire 0.6%,https://imperator-server.onrender.com/storage-proxy/gift_assets/symbols/Fire_0_6.png
Lovely Key 0.6%,https://imperator-server.onrender.com/storage-proxy/gift_assets/symbols/Lovely_Key_0_6.png
Patched Heart 0.6%,https://imperator-server.onrender.com/storage-proxy/gift_assets/symbols/Patched_Heart_0_6.png
Star Crown 1%,https://imperator-server.onrender.com/storage-proxy/gift_assets/symbols/Star_Crown_1.png
Lovely Rose 1%,https://imperator-server.onrender.com/storage-proxy/gift_assets/symbols/Lovely_Rose_1.png
Top Hat 1%,https://imperator-server.onrender.com/storage-proxy/gift_assets/symbols/Top_Hat_1.png
Loving Heart 0.6%,https://imperator-server.onrender.com/storage-proxy/gift_assets/symbols/Loving_Heart_0_6.png
Lovely Kiss 1%,https://imperator-server.onrender.com/storage-proxy/gift_assets/symbols/Lovely_Kiss_1.png
Candy 0.6%,https://imperator-server.onrender.com/storage-proxy/gift_assets/symbols/Candy_0_6.png
Sweets Box 1%,https://imperator-server.onrender.com/storage-proxy/gift_assets/symbols/Sweets_Box_1.png
Sunflower 0.6%,https://imperator-server.onrender.com/storage-proxy/gift_assets/symbols/Sunflower_0_6.png
Ice Pop 1%,https://imperator-server.onrender.com/storage-proxy/gift_assets/symbols/Ice_Pop_1.png
Cupid’s Arrow 0.6%,https://imperator-server.onrender.com/storage-proxy/gift_assets/symbols/Cupid_s_Arrow_0_6.png
Amour Scoops 0.6%,https://imperator-server.onrender.com/storage-proxy/gift_assets/symbols/Amour_Scoops_0_6.png
Stilettos 0.4%,https://imperator-server.onrender.com/storage-proxy/gift_assets/symbols/Stilettos_0_4.png
High Heels 0.6%,https://imperator-server.onrender.com/storage-proxy/gift_assets/symbols/High_Heels_0_6.png
Succubus 0.2%,https://imperator-server.onrender.com/storage-proxy/gift_assets/symbols/Succubus_0_2.png
Rabbit 0.5%,https://imperator-server.onrender.com/storage-proxy/gift_assets/symbols/Rabbit_0_5.png
Love 0.2%,https://imperator-server.onrender.com/storage-proxy/gift_assets/symbols/Love_0_2.png
Valentine 0.2%,https://imperator-server.onrender.com/storage-proxy/gift_assets/symbols/Valentine_0_2.png
Rose Blossom 0.2%,https://imperator-server.onrender.com/storage-proxy/gift_assets/symbols/Rose_Blossom_0_2.png
Love Berry 0.4%,https://imperator-server.onrender.com/storage-proxy/gift_assets/symbols/Love_Berry_0_4.png
Tongue 0.5%,https://imperator-server.onrender.com/storage-proxy/gift_assets/symbols/Tongue_0_5.png
Angelic Heart 0.2%,https://imperator-server.onrender.com/storage-proxy/gift_assets/symbols/Angelic_Heart_0_2.png
Cupid Archer 0.4%,https://imperator-server.onrender.com/storage-proxy/gift_assets/symbols/Cupid_Archer_0_4.png
Heart Lock 0.5%,https://imperator-server.onrender.com/storage-proxy/gift_assets/symbols/Heart_Lock_0_5.png
Love Candy 0.5%,https://imperator-server.onrender.com/storage-proxy/gift_assets/symbols/Love_Candy_0_5.png
Heart Shades 0.2%,https://imperator-server.onrender.com/storage-proxy/gift_assets/symbols/Heart_Shades_0_2.png
Mars & Venus 0.5%,https://imperator-server.onrender.com/storage-proxy/gift_assets/symbols/Mars_Venus_0_5.png
Rainbow 0.5%,https://imperator-server.onrender.com/storage-proxy/gift_assets/symbols/Rainbow_0_5.png
Headband 0.4%,https://imperator-server.onrender.com/storage-proxy/gift_assets/symbols/Headband_0_4.png
Chocolate 0.5%,https://imperator-server.onrender.com/storage-proxy/gift_assets/symbols/Chocolate_0_5.png
Like Button 0.2%,https://imperator-server.onrender.com/storage-proxy/gift_assets/symbols/Like_Button_0_2.png
Pigeon 0.4%,https://imperator-server.onrender.com/storage-proxy/gift_assets/symbols/Pigeon_0_4.png
Love Daisy 0.2%,https://imperator-server.onrender.com/storage-proxy/gift_assets/symbols/Love_Daisy_0_2.png
Heart Ring 0.2%,https://imperator-server.onrender.com/storage-proxy/gift_assets/symbols/Heart_Ring_0_2.png
Loving Heart 0.5%,https://imperator-server.onrender.com/storage-proxy/gift_assets/symbols/Loving_Heart_0_5.png
Cute Paw 0.4%,https://imperator-server.onrender.com/storage-proxy/gift_assets/symbols/Cute_Paw_0_4.png
Kitty Cat 0.2%,https://imperator-server.onrender.com/storage-proxy/gift_assets/symbols/Kitty_Cat_0_2.png
Love Bulb 0.4%,https://imperator-server.onrender.com/storage-proxy/gift_assets/symbols/Love_Bulb_0_4.png
Shiny Heart 0.5%,https://imperator-server.onrender.com/storage-proxy/gift_assets/symbols/Shiny_Heart_0_5.png
February 14 0.2%,https://imperator-server.onrender.com/storage-proxy/gift_assets/symbols/February_14_0_2.png
Passion Latte 0.5%,https://imperator-server.onrender.com/storage-proxy/gift_assets/symbols/Passion_Latte_0_5.png
Spicy Chilli 0.2%,https://imperator-server.onrender.com/storage-proxy/gift_assets/symbols/Spicy_Chilli_0_2.png
Love Scene 0.2%,https://imperator-server.onrender.com/storage-proxy/gift_assets/symbols/Love_Scene_0_2.png
Little Cupid 0.2%,https://imperator-server.onrender.com/storage-proxy/gift_assets/symbols/Little_Cupid_0_2.png
Pixel Heart 0.2%,https://imperator-server.onrender.com/storage-proxy/gift_assets/symbols/Pixel_Heart_0_2.png
Wine Toast 0.2%,https://imperator-server.onrender.com/storage-proxy/gift_assets/symbols/Wine_Toast_0_2.png
Panty 0.5%,https://imperator-server.onrender.com/storage-proxy/gift_assets/symbols/Panty_0_5.png
Teddy Bear 0.2%,https://imperator-server.onrender.com/storage-proxy/gift_assets/symbols/Teddy_Bear_0_2.png
Flirty Message 0.2%,https://imperator-server.onrender.com/storage-proxy/gift_assets/symbols/Flirty_Message_0_2.png
Heart Glasses 0.4%,https://imperator-server.onrender.com/storage-proxy/gift_assets/symbols/Heart_Glasses_0_4.png
Desert Eagle 0.4%,https://imperator-server.onrender.com/storage-proxy/gift_assets/symbols/Desert_Eagle_0_4.png
Dollar Graffiti 0.7%,https://imperator-server.onrender.com/storage-proxy/gift_assets/symbols/Dollar_Graffiti_0_7.png
Obon Lantern 0.7%,https://imperator-server.onrender.com/storage-proxy/gift_assets/symbols/Obon_Lantern_0_7.png
Swag Bandana 0.4%,https://imperator-server.onrender.com/storage-proxy/gift_assets/symbols/Swag_Bandana_0_4.png
Loudspeaker 0.7%,https://imperator-server.onrender.com/storage-proxy/gift_assets/symbols/Loudspeaker_0_7.png
Bobble Hat 0.7%,https://imperator-server.onrender.com/storage-proxy/gift_assets/symbols/Bobble_Hat_0_7.png
Corn 0.6%,https://imperator-server.onrender.com/storage-proxy/gift_assets/symbols/Corn_0_6.png
Sun 0.7%,https://imperator-server.onrender.com/storage-proxy/gift_assets/symbols/Sun_0_7.png
Bread 0.7%,https://imperator-server.onrender.com/storage-proxy/gift_assets/symbols/Bread_0_7.png
Nordic Wolf 0.7%,https://imperator-server.onrender.com/storage-proxy/gift_assets/symbols/Nordic_Wolf_0_7.png
Snoop Collar 0.4%,https://imperator-server.onrender.com/storage-proxy/gift_assets/symbols/Snoop_Collar_0_4.png
Palm Trees 0.4%,https://imperator-server.onrender.com/storage-proxy/gift_assets/symbols/Palm_Trees_0_4.png
Bone 0.7%,https://imperator-server.onrender.com/storage-proxy/gift_assets/symbols/Bone_0_7.png
Wasp 0.7%,https://imperator-server.onrender.com/storage-proxy/gift_assets/symbols/Wasp_0_7.png
Rap Sign 0.4%,https://imperator-server.onrender.com/storage-proxy/gift_assets/symbols/Rap_Sign_0_4.png
Galaxy 0.7%,https://imperator-server.onrender.com/storage-proxy/gift_assets/symbols/Galaxy_0_7.png
Low Rider 0.7%,https://imperator-server.onrender.com/storage-proxy/gift_assets/symbols/Low_Rider_0_7.png
Griffon 0.7%,https://imperator-server.onrender.com/storage-proxy/gift_assets/symbols/Griffon_0_7.png
Cash Cap 0.5%,https://imperator-server.onrender.com/storage-proxy/gift_assets/symbols/Cash_Cap_0_5.png
Bubble Tea 0.7%,https://imperator-server.onrender.com/storage-proxy/gift_assets/symbols/Bubble_Tea_0_7.png
Blunt 0.7%,https://imperator-server.onrender.com/storage-proxy/gift_assets/symbols/Blunt_0_7.png
Hip-Hop 0.5%,https://imperator-server.onrender.com/storage-proxy/gift_assets/symbols/Hip-Hop_0_5.png
Beretta 0.5%,https://imperator-server.onrender.com/storage-proxy/gift_assets/symbols/Beretta_0_5.png
Black Bandana 0.5%,https://imperator-server.onrender.com/storage-proxy/gift_assets/symbols/Black_Bandana_0_5.png
Bull of Heaven 0.7%,https://imperator-server.onrender.com/storage-proxy/gift_assets/symbols/Bull_of_Heaven_0_7.png
Paisley 0.4%,https://imperator-server.onrender.com/storage-proxy/gift_assets/symbols/Paisley_0_4.png
Bong 0.4%,https://imperator-server.onrender.com/storage-proxy/gift_assets/symbols/Bong_0_4.png
Hedgehog 0.7%,https://imperator-server.onrender.com/storage-proxy/gift_assets/symbols/Hedgehog_0_7.png
213 0.5%,https://imperator-server.onrender.com/storage-proxy/gift_assets/symbols/213_0_5.png
Turkey 0.7%,https://imperator-server.onrender.com/storage-proxy/gift_assets/symbols/Turkey_0_7.png
Iron Helmet 0.7%,https://imperator-server.onrender.com/storage-proxy/gift_assets/symbols/Iron_Helmet_0_7.png
Boombox 0.7%,https://imperator-server.onrender.com/storage-proxy/gift_assets/symbols/Boombox_0_7.png
Snoop Logo 0.7%,https://imperator-server.onrender.com/storage-proxy/gift_assets/symbols/Snoop_Logo_0_7.png
Brass Knuckles 0.5%,https://imperator-server.onrender.com/storage-proxy/gift_assets/symbols/Brass_Knuckles_0_5.png
Ice Cream 0.7%,https://imperator-server.onrender.com/storage-proxy/gift_assets/symbols/Ice_Cream_0_7.png
UZI 0.4%,https://imperator-server.onrender.com/storage-proxy/gift_assets/symbols/UZI_0_4.png
Snoop Leaf 0.7%,https://imperator-server.onrender.com/storage-proxy/gift_assets/symbols/Snoop_Leaf_0_7.png
Sauron 0.7%,https://imperator-server.onrender.com/storage-proxy/gift_assets/symbols/Sauron_0_7.png
Head Scarf 0.7%,https://imperator-server.onrender.com/storage-proxy/gift_assets/symbols/Head_Scarf_0_7.png
Monstera 0.7%,https://imperator-server.onrender.com/storage-proxy/gift_assets/symbols/Monstera_0_7.png
Ribeye Steak 0.6%,https://imperator-server.onrender.com/storage-proxy/gift_assets/symbols/Ribeye_Steak_0_6.png
Tamagotchi 0.7%,https://imperator-server.onrender.com/storage-proxy/gift_assets/symbols/Tamagotchi_0_7.png
Octopus 0.7%,https://imperator-server.onrender.com/storage-proxy/gift_assets/symbols/Octopus_0_7.png
Yo Sign 0.7%,https://imperator-server.onrender.com/storage-proxy/gift_assets/symbols/Yo_Sign_0_7.png
Spray Paint 0.4%,https://imperator-server.onrender.com/storage-proxy/gift_assets/symbols/Spray_Paint_0_4.png
Bearskin 0.6%,https://imperator-server.onrender.com/storage-proxy/gift_assets/symbols/Bearskin_0_6.png
Vinyl Record 0.5%,https://imperator-server.onrender.com/storage-proxy/gift_assets/symbols/Vinyl_Record_0_5.png
Pro Headphones 0.5%,https://imperator-server.onrender.com/storage-proxy/gift_assets/symbols/Pro_Headphones_0_5.png
Astronaut 0.7%,https://imperator-server.onrender.com/storage-proxy/gift_assets/symbols/Astronaut_0_7.png
Unicorn 0.7%,https://imperator-server.onrender.com/storage-proxy/gift_assets/symbols/Unicorn_0_7.png
Mannaz Rune 0.7%,https://imperator-server.onrender.com/storage-proxy/gift_assets/symbols/Mannaz_Rune_0_7.png
Mustache 0.6%,https://imperator-server.onrender.com/storage-proxy/gift_assets/symbols/Mustache_0_6.png
Music Skull 0.7%,https://imperator-server.onrender.com/storage-proxy/gift_assets/symbols/Music_Skull_0_7.png
Panty 0.4%,https://imperator-server.onrender.com/storage-proxy/gift_assets/symbols/Panty_0_4.png
Headphones 0.7%,https://imperator-server.onrender.com/storage-proxy/gift_assets/symbols/Headphones_0_7.png
Magic Vial 0.7%,https://imperator-server.onrender.com/storage-proxy/gift_assets/symbols/Magic_Vial_0_7.png
Rocket 0.7%,https://imperator-server.onrender.com/storage-proxy/gift_assets/symbols/Rocket_0_7.png
Westside Hand 0.4%,https://imperator-server.onrender.com/storage-proxy/gift_assets/symbols/Westside_Hand_0_4.png
Rap Mic 0.4%,https://imperator-server.onrender.com/storage-proxy/gift_assets/symbols/Rap_Mic_0_4.png
Revolver 0.7%,https://imperator-server.onrender.com/storage-proxy/gift_assets/symbols/Revolver_0_7.png
Greek Helmet 0.7%,https://imperator-server.onrender.com/storage-proxy/gift_assets/symbols/Greek_Helmet_0_7.png
Cute Paw 0.5%,https://imperator-server.onrender.com/storage-proxy/gift_assets/symbols/Cute_Paw_0_5.png
Los Angeles 0.5%,https://imperator-server.onrender.com/storage-proxy/gift_assets/symbols/Los_Angeles_0_5.png
Snowflake 1.5%,https://imperator-server.onrender.com/storage-proxy/gift_assets/symbols/Snowflake_1_5.png
Ornament 1.8%,https://imperator-server.onrender.com/storage-proxy/gift_assets/symbols/Ornament_1_8.png
Snow Angel 1.8%,https://imperator-server.onrender.com/storage-proxy/gift_assets/symbols/Snow_Angel_1_8.png
Mittens 1.5%,https://imperator-server.onrender.com/storage-proxy/gift_assets/symbols/Mittens_1_5.png
Santa Hat 1.8%,https://imperator-server.onrender.com/storage-proxy/gift_assets/symbols/Santa_Hat_1_8.png
Piggy Bank 1.2%,https://imperator-server.onrender.com/storage-proxy/gift_assets/symbols/Piggy_Bank_1_2.png
White Deer 1.8%,https://imperator-server.onrender.com/storage-proxy/gift_assets/symbols/White_Deer_1_8.png
Shooting Star 1.8%,https://imperator-server.onrender.com/storage-proxy/gift_assets/symbols/Shooting_Star_1_8.png
Star 1.5%,https://imperator-server.onrender.com/storage-proxy/gift_assets/symbols/Star_1_5.png
Hot Drink 1.5%,https://imperator-server.onrender.com/storage-proxy/gift_assets/symbols/Hot_Drink_1_5.png
Coin Purse 1.5%,https://imperator-server.onrender.com/storage-proxy/gift_assets/symbols/Coin_Purse_1_5.png
Rudolph 1.8%,https://imperator-server.onrender.com/storage-proxy/gift_assets/symbols/Rudolph_1_8.png
Ice Skates 1.8%,https://imperator-server.onrender.com/storage-proxy/gift_assets/symbols/Ice_Skates_1_8.png
Cupcake 1.8%,https://imperator-server.onrender.com/storage-proxy/gift_assets/symbols/Cupcake_1_8.png
Cocktail 1.8%,https://imperator-server.onrender.com/storage-proxy/gift_assets/symbols/Cocktail_1_8.png
Champagne 1.8%,https://imperator-server.onrender.com/storage-proxy/gift_assets/symbols/Champagne_1_8.png
Stocking 1.2%,https://imperator-server.onrender.com/storage-proxy/gift_assets/symbols/Stocking_1_2.png
Candle 1.5%,https://imperator-server.onrender.com/storage-proxy/gift_assets/symbols/Candle_1_5.png
Dessert 1.8%,https://imperator-server.onrender.com/storage-proxy/gift_assets/symbols/Dessert_1_8.png
Candy 1.2%,https://imperator-server.onrender.com/storage-proxy/gift_assets/symbols/Candy_1_2.png
New Year’s Eve 1.8%,https://imperator-server.onrender.com/storage-proxy/gift_assets/symbols/New_Year_s_Eve_1_8.png
Pixel Heart 0.5%,https://imperator-server.onrender.com/storage-proxy/gift_assets/symbols/Pixel_Heart_0_5.png
Lavender 0.5%,https://imperator-server.onrender.com/storage-proxy/gift_assets/symbols/Lavender_0_5.png
Heart Box 0.4%,https://imperator-server.onrender.com/storage-proxy/gift_assets/symbols/Heart_Box_0_4.png
Gentian 0.4%,https://imperator-server.onrender.com/storage-proxy/gift_assets/symbols/Gentian_0_4.png
Violet 0.4%,https://imperator-server.onrender.com/storage-proxy/gift_assets/symbols/Violet_0_4.png
Hibiscus 0.5%,https://imperator-server.onrender.com/storage-proxy/gift_assets/symbols/Hibiscus_0_5.png
Jasmin 0.5%,https://imperator-server.onrender.com/storage-proxy/gift_assets/symbols/Jasmin_0_5.png
Dandelion 0.2%,https://imperator-server.onrender.com/storage-proxy/gift_assets/symbols/Dandelion_0_2.png
Daffodil 0.5%,https://imperator-server.onrender.com/storage-proxy/gift_assets/symbols/Daffodil_0_5.png
Love Bell 0.5%,https://imperator-server.onrender.com/storage-proxy/gift_assets/symbols/Love_Bell_0_5.png
Lotus 0.4%,https://imperator-server.onrender.com/storage-proxy/gift_assets/symbols/Lotus_0_4.png
Pussy Willow 0.5%,https://imperator-server.onrender.com/storage-proxy/gift_assets/symbols/Pussy_Willow_0_5.png
Neko Mask 0.5%,https://imperator-server.onrender.com/storage-proxy/gift_assets/symbols/Neko_Mask_0_5.png
Lips 0.5%,https://imperator-server.onrender.com/storage-proxy/gift_assets/symbols/Lips_0_5.png
Rose Bud 0.5%,https://imperator-server.onrender.com/storage-proxy/gift_assets/symbols/Rose_Bud_0_5.png
Chrysanthe 0.5%,https://imperator-server.onrender.com/storage-proxy/gift_assets/symbols/Chrysanthe_0_5.png
Lily Bloom 0.5%,https://imperator-server.onrender.com/storage-proxy/gift_assets/symbols/Lily_Bloom_0_5.png
Love Candy 0.4%,https://imperator-server.onrender.com/storage-proxy/gift_assets/symbols/Love_Candy_0_4.png
Anthurium 0.4%,https://imperator-server.onrender.com/storage-proxy/gift_assets/symbols/Anthurium_0_4.png
Cyclamen 0.5%,https://imperator-server.onrender.com/storage-proxy/gift_assets/symbols/Cyclamen_0_5.png
Iris 0.4%,https://imperator-server.onrender.com/storage-proxy/gift_assets/symbols/Iris_0_4.png
Clematis 0.4%,https://imperator-server.onrender.com/storage-proxy/gift_assets/symbols/Clematis_0_4.png
Gift 0.2%,https://imperator-server.onrender.com/storage-proxy/gift_assets/symbols/Gift_0_2.png
Poppy 0.4%,https://imperator-server.onrender.com/storage-proxy/gift_assets/symbols/Poppy_0_4.png
Coffin 2%,https://imperator-server.onrender.com/storage-proxy/gift_assets/symbols/Coffin_2.png
Blood Drop 2.4%,https://imperator-server.onrender.com/storage-proxy/gift_assets/symbols/Blood_Drop_2_4.png
Night Bats 2%,https://imperator-server.onrender.com/storage-proxy/gift_assets/symbols/Night_Bats_2.png
Nice Ghost 1.6%,https://imperator-server.onrender.com/storage-proxy/gift_assets/symbols/Nice_Ghost_1_6.png
Skull 2%,https://imperator-server.onrender.com/storage-proxy/gift_assets/symbols/Skull_2.png
Crystal Ball 2%,https://imperator-server.onrender.com/storage-proxy/gift_assets/symbols/Crystal_Ball_2.png
Ink Pen 0.7%,https://imperator-server.onrender.com/storage-proxy/gift_assets/symbols/Ink_Pen_0_7.png
Divine Falcon 0.7%,https://imperator-server.onrender.com/storage-proxy/gift_assets/symbols/Divine_Falcon_0_7.png
Venetian Mask 0.7%,https://imperator-server.onrender.com/storage-proxy/gift_assets/symbols/Venetian_Mask_0_7.png
Moai Head 0.7%,https://imperator-server.onrender.com/storage-proxy/gift_assets/symbols/Moai_Head_0_7.png
Skull 0.7%,https://imperator-server.onrender.com/storage-proxy/gift_assets/symbols/Skull_0_7.png
Firebird 0.7%,https://imperator-server.onrender.com/storage-proxy/gift_assets/symbols/Firebird_0_7.png
Heraldic Lily 0.7%,https://imperator-server.onrender.com/storage-proxy/gift_assets/symbols/Heraldic_Lily_0_7.png
Beetle 0.7%,https://imperator-server.onrender.com/storage-proxy/gift_assets/symbols/Beetle_0_7.png
Glasses 0.7%,https://imperator-server.onrender.com/storage-proxy/gift_assets/symbols/Glasses_0_7.png
Celtic Cross 0.7%,https://imperator-server.onrender.com/storage-proxy/gift_assets/symbols/Celtic_Cross_0_7.png
Fireman Hat 0.7%,https://imperator-server.onrender.com/storage-proxy/gift_assets/symbols/Fireman_Hat_0_7.png
Yogi Shaman 0.7%,https://imperator-server.onrender.com/storage-proxy/gift_assets/symbols/Yogi_Shaman_0_7.png
Rhino Warrior 0.7%,https://imperator-server.onrender.com/storage-proxy/gift_assets/symbols/Rhino_Warrior_0_7.png
Genie Lamp 0.7%,https://imperator-server.onrender.com/storage-proxy/gift_assets/symbols/Genie_Lamp_0_7.png
Spirit Impala 0.7%,https://imperator-server.onrender.com/storage-proxy/gift_assets/symbols/Spirit_Impala_0_7.png
Onigiri 0.7%,https://imperator-server.onrender.com/storage-proxy/gift_assets/symbols/Onigiri_0_7.png
Sprout 0.7%,https://imperator-server.onrender.com/storage-proxy/gift_assets/symbols/Sprout_0_7.png
Telescope 0.7%,https://imperator-server.onrender.com/storage-proxy/gift_assets/symbols/Telescope_0_7.png
Hand of God 0.7%,https://imperator-server.onrender.com/storage-proxy/gift_assets/symbols/Hand_of_God_0_7.png
Sword Fight 0.7%,https://imperator-server.onrender.com/storage-proxy/gift_assets/symbols/Sword_Fight_0_7.png
Jolly Roger 0.7%,https://imperator-server.onrender.com/storage-proxy/gift_assets/symbols/Jolly_Roger_0_7.png
War Tiger 0.7%,https://imperator-server.onrender.com/storage-proxy/gift_assets/symbols/War_Tiger_0_7.png
Crown 0.7%,https://imperator-server.onrender.com/storage-proxy/gift_assets/symbols/Crown_0_7.png
Jester Hat 0.7%,https://imperator-server.onrender.com/storage-proxy/gift_assets/symbols/Jester_Hat_0_7.png
Valkyrie 0.7%,https://imperator-server.onrender.com/storage-proxy/gift_assets/symbols/Valkyrie_0_7.png
Flying Dragon 0.7%,https://imperator-server.onrender.com/storage-proxy/gift_assets/symbols/Flying_Dragon_0_7.png
Warhorse 0.7%,https://imperator-server.onrender.com/storage-proxy/gift_assets/symbols/Warhorse_0_7.png
Shinto Shrine 0.7%,https://imperator-server.onrender.com/storage-proxy/gift_assets/symbols/Shinto_Shrine_0_7.png
Legionary 0.7%,https://imperator-server.onrender.com/storage-proxy/gift_assets/symbols/Legionary_0_7.png
Alkonost 0.7%,https://imperator-server.onrender.com/storage-proxy/gift_assets/symbols/Alkonost_0_7.png
Celtic Wolf 0.7%,https://imperator-server.onrender.com/storage-proxy/gift_assets/symbols/Celtic_Wolf_0_7.png
Phoenix 0.7%,https://imperator-server.onrender.com/storage-proxy/gift_assets/symbols/Phoenix_0_7.png
Cricket Helmet 0.4%,https://imperator-server.onrender.com/storage-proxy/gift_assets/symbols/Cricket_Helmet_0_4.png
Watching Sun 0.2%,https://imperator-server.onrender.com/storage-proxy/gift_assets/symbols/Watching_Sun_0_2.png
Heater Shield 0.2%,https://imperator-server.onrender.com/storage-proxy/gift_assets/symbols/Heater_Shield_0_2.png
Cactus 0.1%,https://imperator-server.onrender.com/storage-proxy/gift_assets/symbols/Cactus_0_1.png
Crusader Cross 0.7%,https://imperator-server.onrender.com/storage-proxy/gift_assets/symbols/Crusader_Cross_0_7.png
Wontons 0.7%,https://imperator-server.onrender.com/storage-proxy/gift_assets/symbols/Wontons_0_7.png
Chick 0.7%,https://imperator-server.onrender.com/storage-proxy/gift_assets/symbols/Chick_0_7.png
Chef Hat 0.7%,https://imperator-server.onrender.com/storage-proxy/gift_assets/symbols/Chef_Hat_0_7.png
Bandana 0.7%,https://imperator-server.onrender.com/storage-proxy/gift_assets/symbols/Bandana_0_7.png
Strawberry 0.7%,https://imperator-server.onrender.com/storage-proxy/gift_assets/symbols/Strawberry_0_7.png
Evil Dragon 0.7%,https://imperator-server.onrender.com/storage-proxy/gift_assets/symbols/Evil_Dragon_0_7.png
Ouroboros 0.7%,https://imperator-server.onrender.com/storage-proxy/gift_assets/symbols/Ouroboros_0_7.png
Hermit Shell 0.7%,https://imperator-server.onrender.com/storage-proxy/gift_assets/symbols/Hermit_Shell_0_7.png
Love Lock 0.7%,https://imperator-server.onrender.com/storage-proxy/gift_assets/symbols/Love_Lock_0_7.png
Chili Pepper 0.7%,https://imperator-server.onrender.com/storage-proxy/gift_assets/symbols/Chili_Pepper_0_7.png
Money Bag 0.7%,https://imperator-server.onrender.com/storage-proxy/gift_assets/symbols/Money_Bag_0_7.png
Arcane Mirror 0.7%,https://imperator-server.onrender.com/storage-proxy/gift_assets/symbols/Arcane_Mirror_0_7.png
Sun Mountain 0.7%,https://imperator-server.onrender.com/storage-proxy/gift_assets/symbols/Sun_Mountain_0_7.png
Hazelnut 0.7%,https://imperator-server.onrender.com/storage-proxy/gift_assets/symbols/Hazelnut_0_7.png
Cavalier Hat 0.7%,https://imperator-server.onrender.com/storage-proxy/gift_assets/symbols/Cavalier_Hat_0_7.png
Meat Leg 0.7%,https://imperator-server.onrender.com/storage-proxy/gift_assets/symbols/Meat_Leg_0_7.png
Lovely Kiss 0.7%,https://imperator-server.onrender.com/storage-proxy/gift_assets/symbols/Lovely_Kiss_0_7.png
Cat Mask 0.7%,https://imperator-server.onrender.com/storage-proxy/gift_assets/symbols/Cat_Mask_0_7.png
Palette 1%,https://imperator-server.onrender.com/storage-proxy/gift_assets/symbols/Palette_1.png
Shooting Star 0.9%,https://imperator-server.onrender.com/storage-proxy/gift_assets/symbols/Shooting_Star_0_9.png
White Deer 0.7%,https://imperator-server.onrender.com/storage-proxy/gift_assets/symbols/White_Deer_0_7.png
Flower Tulip 0.9%,https://imperator-server.onrender.com/storage-proxy/gift_assets/symbols/Flower_Tulip_0_9.png
Jumbo Pencil 0.8%,https://imperator-server.onrender.com/storage-proxy/gift_assets/symbols/Jumbo_Pencil_0_8.png
Elephant 0.6%,https://imperator-server.onrender.com/storage-proxy/gift_assets/symbols/Elephant_0_6.png
Octopus 1%,https://imperator-server.onrender.com/storage-proxy/gift_assets/symbols/Octopus_1.png
Toy Bucket 0.9%,https://imperator-server.onrender.com/storage-proxy/gift_assets/symbols/Toy_Bucket_0_9.png
Lemon 1%,https://imperator-server.onrender.com/storage-proxy/gift_assets/symbols/Lemon_1.png
Wasp 0.9%,https://imperator-server.onrender.com/storage-proxy/gift_assets/symbols/Wasp_0_9.png
Hippo 0.9%,https://imperator-server.onrender.com/storage-proxy/gift_assets/symbols/Hippo_0_9.png
Unicorn Head 0.8%,https://imperator-server.onrender.com/storage-proxy/gift_assets/symbols/Unicorn_Head_0_8.png
Trophy 0.9%,https://imperator-server.onrender.com/storage-proxy/gift_assets/symbols/Trophy_0_9.png
Flamingo 0.8%,https://imperator-server.onrender.com/storage-proxy/gift_assets/symbols/Flamingo_0_8.png
Pizza Slice 0.9%,https://imperator-server.onrender.com/storage-proxy/gift_assets/symbols/Pizza_Slice_0_9.png
Piñata 0.9%,https://imperator-server.onrender.com/storage-proxy/gift_assets/symbols/Pi_ata_0_9.png
Doberman 0.9%,https://imperator-server.onrender.com/storage-proxy/gift_assets/symbols/Doberman_0_9.png
Pomegranate 0.9%,https://imperator-server.onrender.com/storage-proxy/gift_assets/symbols/Pomegranate_0_9.png
Star 1%,https://imperator-server.onrender.com/storage-proxy/gift_assets/symbols/Star_1.png
Cherry 0.9%,https://imperator-server.onrender.com/storage-proxy/gift_assets/symbols/Cherry_0_9.png
Bell Pepper 1%,https://imperator-server.onrender.com/storage-proxy/gift_assets/symbols/Bell_Pepper_1.png
Ladybug 0.9%,https://imperator-server.onrender.com/storage-proxy/gift_assets/symbols/Ladybug_0_9.png
Bonsai 0.9%,https://imperator-server.onrender.com/storage-proxy/gift_assets/symbols/Bonsai_0_9.png
Moose Head 1%,https://imperator-server.onrender.com/storage-proxy/gift_assets/symbols/Moose_Head_1.png
Pegasus 0.9%,https://imperator-server.onrender.com/storage-proxy/gift_assets/symbols/Pegasus_0_9.png
Dragonfly 1%,https://imperator-server.onrender.com/storage-proxy/gift_assets/symbols/Dragonfly_1.png
Turtle 0.6%,https://imperator-server.onrender.com/storage-proxy/gift_assets/symbols/Turtle_0_6.png
Kite 0.8%,https://imperator-server.onrender.com/storage-proxy/gift_assets/symbols/Kite_0_8.png
Sakura Flower 0.9%,https://imperator-server.onrender.com/storage-proxy/gift_assets/symbols/Sakura_Flower_0_9.png
Shield 0.6%,https://imperator-server.onrender.com/storage-proxy/gift_assets/symbols/Shield_0_6.png
Croissant 1%,https://imperator-server.onrender.com/storage-proxy/gift_assets/symbols/Croissant_1.png
Pencil 1%,https://imperator-server.onrender.com/storage-proxy/gift_assets/symbols/Pencil_1.png
Bottlenose 0.9%,https://imperator-server.onrender.com/storage-proxy/gift_assets/symbols/Bottlenose_0_9.png
Carambola 0.9%,https://imperator-server.onrender.com/storage-proxy/gift_assets/symbols/Carambola_0_9.png
Coffee Bean 1%,https://imperator-server.onrender.com/storage-proxy/gift_assets/symbols/Coffee_Bean_1.png
Top Hat 0.9%,https://imperator-server.onrender.com/storage-proxy/gift_assets/symbols/Top_Hat_0_9.png
Seahorse 0.8%,https://imperator-server.onrender.com/storage-proxy/gift_assets/symbols/Seahorse_0_8.png
Avocado 0.6%,https://imperator-server.onrender.com/storage-proxy/gift_assets/symbols/Avocado_0_6.png
Bubble Tea 0.9%,https://imperator-server.onrender.com/storage-proxy/gift_assets/symbols/Bubble_Tea_0_9.png
Cicada 0.9%,https://imperator-server.onrender.com/storage-proxy/gift_assets/symbols/Cicada_0_9.png
Pear 0.7%,https://imperator-server.onrender.com/storage-proxy/gift_assets/symbols/Pear_0_7.png
Crab 0.9%,https://imperator-server.onrender.com/storage-proxy/gift_assets/symbols/Crab_0_9.png
Shell 0.9%,https://imperator-server.onrender.com/storage-proxy/gift_assets/symbols/Shell_0_9.png
Lemon Slice 0.8%,https://imperator-server.onrender.com/storage-proxy/gift_assets/symbols/Lemon_Slice_0_8.png
Bee 1%,https://imperator-server.onrender.com/storage-proxy/gift_assets/symbols/Bee_1.png
Bow Tie 0.9%,https://imperator-server.onrender.com/storage-proxy/gift_assets/symbols/Bow_Tie_0_9.png
Cactus 0.9%,https://imperator-server.onrender.com/storage-proxy/gift_assets/symbols/Cactus_0_9.png
Knight 0.9%,https://imperator-server.onrender.com/storage-proxy/gift_assets/symbols/Knight_0_9.png
Cheese 0.6%,https://imperator-server.onrender.com/storage-proxy/gift_assets/symbols/Cheese_0_6.png
Ink Pen 0.9%,https://imperator-server.onrender.com/storage-proxy/gift_assets/symbols/Ink_Pen_0_9.png
Light Bulb 1%,https://imperator-server.onrender.com/storage-proxy/gift_assets/symbols/Light_Bulb_1.png
Flipper 0.9%,https://imperator-server.onrender.com/storage-proxy/gift_assets/symbols/Flipper_0_9.png
Glasses 0.6%,https://imperator-server.onrender.com/storage-proxy/gift_assets/symbols/Glasses_0_6.png
Origami 0.2%,https://imperator-server.onrender.com/storage-proxy/gift_assets/symbols/Origami_0_2.png
Fish Skeleton 0.6%,https://imperator-server.onrender.com/storage-proxy/gift_assets/symbols/Fish_Skeleton_0_6.png
Beetle 0.6%,https://imperator-server.onrender.com/storage-proxy/gift_assets/symbols/Beetle_0_6.png
Bougainvillea 0.6%,https://imperator-server.onrender.com/storage-proxy/gift_assets/symbols/Bougainvillea_0_6.png
Love Candy 0.6%,https://imperator-server.onrender.com/storage-proxy/gift_assets/symbols/Love_Candy_0_6.png
Bouquet 0.6%,https://imperator-server.onrender.com/storage-proxy/gift_assets/symbols/Bouquet_0_6.png
Spicy Chilli 0.6%,https://imperator-server.onrender.com/storage-proxy/gift_assets/symbols/Spicy_Chilli_0_6.png
Moon Face 0.6%,https://imperator-server.onrender.com/storage-proxy/gift_assets/symbols/Moon_Face_0_6.png
Holy Grail 0.6%,https://imperator-server.onrender.com/storage-proxy/gift_assets/symbols/Holy_Grail_0_6.png
Jellyfish 0.6%,https://imperator-server.onrender.com/storage-proxy/gift_assets/symbols/Jellyfish_0_6.png
Pigeon 0.6%,https://imperator-server.onrender.com/storage-proxy/gift_assets/symbols/Pigeon_0_6.png
Gift 0.6%,https://imperator-server.onrender.com/storage-proxy/gift_assets/symbols/Gift_0_6.png
Valkyrie 0.6%,https://imperator-server.onrender.com/storage-proxy/gift_assets/symbols/Valkyrie_0_6.png
Arcane Mirror 0.6%,https://imperator-server.onrender.com/storage-proxy/gift_assets/symbols/Arcane_Mirror_0_6.png
Orchid 0.6%,https://imperator-server.onrender.com/storage-proxy/gift_assets/symbols/Orchid_0_6.png
Crusader Cross 0.6%,https://imperator-server.onrender.com/storage-proxy/gift_assets/symbols/Crusader_Cross_0_6.png
Teru Bōzu 0.6%,https://imperator-server.onrender.com/storage-proxy/gift_assets/symbols/Teru_B_zu_0_6.png
Angel 0.4%,https://imperator-server.onrender.com/storage-proxy/gift_assets/symbols/Angel_0_4.png
Moose Head 0.6%,https://imperator-server.onrender.com/storage-proxy/gift_assets/symbols/Moose_Head_0_6.png
Cyclamen 0.4%,https://imperator-server.onrender.com/storage-proxy/gift_assets/symbols/Cyclamen_0_4.png
Hand of God 0.6%,https://imperator-server.onrender.com/storage-proxy/gift_assets/symbols/Hand_of_God_0_6.png
Love 0.6%,https://imperator-server.onrender.com/storage-proxy/gift_assets/symbols/Love_0_6.png
Fishing Hook 0.6%,https://imperator-server.onrender.com/storage-proxy/gift_assets/symbols/Fishing_Hook_0_6.png
Kitsune Mask 0.6%,https://imperator-server.onrender.com/storage-proxy/gift_assets/symbols/Kitsune_Mask_0_6.png
Yin-Yang 0.6%,https://imperator-server.onrender.com/storage-proxy/gift_assets/symbols/Yin-Yang_0_6.png
Tamagotchi 0.6%,https://imperator-server.onrender.com/storage-proxy/gift_assets/symbols/Tamagotchi_0_6.png
Pierced Heart 0.6%,https://imperator-server.onrender.com/storage-proxy/gift_assets/symbols/Pierced_Heart_0_6.png
Feather 0.6%,https://imperator-server.onrender.com/storage-proxy/gift_assets/symbols/Feather_0_6.png
Winged Helm 0.6%,https://imperator-server.onrender.com/storage-proxy/gift_assets/symbols/Winged_Helm_0_6.png
Potion 0.6%,https://imperator-server.onrender.com/storage-proxy/gift_assets/symbols/Potion_0_6.png
Lily Bloom 0.2%,https://imperator-server.onrender.com/storage-proxy/gift_assets/symbols/Lily_Bloom_0_2.png
Trickster Fox 0.6%,https://imperator-server.onrender.com/storage-proxy/gift_assets/symbols/Trickster_Fox_0_6.png
Shark Knife 0.6%,https://imperator-server.onrender.com/storage-proxy/gift_assets/symbols/Shark_Knife_0_6.png
Mushroom 0.6%,https://imperator-server.onrender.com/storage-proxy/gift_assets/symbols/Mushroom_0_6.png
Phoenix 0.6%,https://imperator-server.onrender.com/storage-proxy/gift_assets/symbols/Phoenix_0_6.png
Coffee Bean 0.6%,https://imperator-server.onrender.com/storage-proxy/gift_assets/symbols/Coffee_Bean_0_6.png
Watching Sun 0.6%,https://imperator-server.onrender.com/storage-proxy/gift_assets/symbols/Watching_Sun_0_6.png
Chrysanthe 0.6%,https://imperator-server.onrender.com/storage-proxy/gift_assets/symbols/Chrysanthe_0_6.png
Coonskin Cap 0.6%,https://imperator-server.onrender.com/storage-proxy/gift_assets/symbols/Coonskin_Cap_0_6.png
Paschal Lamb 0.6%,https://imperator-server.onrender.com/storage-proxy/gift_assets/symbols/Paschal_Lamb_0_6.png
Bell Pepper 0.6%,https://imperator-server.onrender.com/storage-proxy/gift_assets/symbols/Bell_Pepper_0_6.png
Peace Dove 0.6%,https://imperator-server.onrender.com/storage-proxy/gift_assets/symbols/Peace_Dove_0_6.png
Genie Lamp 0.6%,https://imperator-server.onrender.com/storage-proxy/gift_assets/symbols/Genie_Lamp_0_6.png
Basketball 0.6%,https://imperator-server.onrender.com/storage-proxy/gift_assets/symbols/Basketball_0_6.png
Cone 0.6%,https://imperator-server.onrender.com/storage-proxy/gift_assets/symbols/Cone_0_6.png
Wizard Hat 0.6%,https://imperator-server.onrender.com/storage-proxy/gift_assets/symbols/Wizard_Hat_0_6.png
Clematis 0.6%,https://imperator-server.onrender.com/storage-proxy/gift_assets/symbols/Clematis_0_6.png
Twin Peaks 0.6%,https://imperator-server.onrender.com/storage-proxy/gift_assets/symbols/Twin_Peaks_0_6.png
Tetsubin 0.6%,https://imperator-server.onrender.com/storage-proxy/gift_assets/symbols/Tetsubin_0_6.png
Grenade 0.6%,https://imperator-server.onrender.com/storage-proxy/gift_assets/symbols/Grenade_0_6.png
Khinkali 0.6%,https://imperator-server.onrender.com/storage-proxy/gift_assets/symbols/Khinkali_0_6.png
Oxen of Fire 0.6%,https://imperator-server.onrender.com/storage-proxy/gift_assets/symbols/Oxen_of_Fire_0_6.png
Earth 0.6%,https://imperator-server.onrender.com/storage-proxy/gift_assets/symbols/Earth_0_6.png
Flytrap 0.6%,https://imperator-server.onrender.com/storage-proxy/gift_assets/symbols/Flytrap_0_6.png
Bottle 0.6%,https://imperator-server.onrender.com/storage-proxy/gift_assets/symbols/Bottle_0_6.png
Cap 0.6%,https://imperator-server.onrender.com/storage-proxy/gift_assets/symbols/Cap_0_6.png
Unicorn 0.6%,https://imperator-server.onrender.com/storage-proxy/gift_assets/symbols/Unicorn_0_6.png
Mafdet 0.6%,https://imperator-server.onrender.com/storage-proxy/gift_assets/symbols/Mafdet_0_6.png
Magic Wand 0.6%,https://imperator-server.onrender.com/storage-proxy/gift_assets/symbols/Magic_Wand_0_6.png
Bunny Ears 0.6%,https://imperator-server.onrender.com/storage-proxy/gift_assets/symbols/Bunny_Ears_0_6.png
Heart Glasses 0.6%,https://imperator-server.onrender.com/storage-proxy/gift_assets/symbols/Heart_Glasses_0_6.png
Fuchsia 0.2%,https://imperator-server.onrender.com/storage-proxy/gift_assets/symbols/Fuchsia_0_2.png
Lotus 0.6%,https://imperator-server.onrender.com/storage-proxy/gift_assets/symbols/Lotus_0_6.png
Wine Toast 0.6%,https://imperator-server.onrender.com/storage-proxy/gift_assets/symbols/Wine_Toast_0_6.png
Belladonna 0.6%,https://imperator-server.onrender.com/storage-proxy/gift_assets/symbols/Belladonna_0_6.png
Daisy 0.6%,https://imperator-server.onrender.com/storage-proxy/gift_assets/symbols/Daisy_0_6.png
Anchor 0.6%,https://imperator-server.onrender.com/storage-proxy/gift_assets/symbols/Anchor_0_6.png
Handcuffs 0.6%,https://imperator-server.onrender.com/storage-proxy/gift_assets/symbols/Handcuffs_0_6.png
Bucket Hat 0.6%,https://imperator-server.onrender.com/storage-proxy/gift_assets/symbols/Bucket_Hat_0_6.png
Magic Hat 0.6%,https://imperator-server.onrender.com/storage-proxy/gift_assets/symbols/Magic_Hat_0_6.png
Valentine 0.6%,https://imperator-server.onrender.com/storage-proxy/gift_assets/symbols/Valentine_0_6.png
Tulip Bloom 0.2%,https://imperator-server.onrender.com/storage-proxy/gift_assets/symbols/Tulip_Bloom_0_2.png
Spring Chick 0.6%,https://imperator-server.onrender.com/storage-proxy/gift_assets/symbols/Spring_Chick_0_6.png
Turban 0.6%,https://imperator-server.onrender.com/storage-proxy/gift_assets/symbols/Turban_0_6.png
Balloon 0.2%,https://imperator-server.onrender.com/storage-proxy/gift_assets/symbols/Balloon_0_2.png
Little Cupid 0.6%,https://imperator-server.onrender.com/storage-proxy/gift_assets/symbols/Little_Cupid_0_6.png
Jolly Roger 0.6%,https://imperator-server.onrender.com/storage-proxy/gift_assets/symbols/Jolly_Roger_0_6.png
Beanie 0.6%,https://imperator-server.onrender.com/storage-proxy/gift_assets/symbols/Beanie_0_6.png
Flaming Heart 0.6%,https://imperator-server.onrender.com/storage-proxy/gift_assets/symbols/Flaming_Heart_0_6.png
Ice Pop 0.6%,https://imperator-server.onrender.com/storage-proxy/gift_assets/symbols/Ice_Pop_0_6.png
Mars & Venus 0.1%,https://imperator-server.onrender.com/storage-proxy/gift_assets/symbols/Mars_Venus_0_1.png
Heart Ring 0.4%,https://imperator-server.onrender.com/storage-proxy/gift_assets/symbols/Heart_Ring_0_4.png
Bascinet 0.6%,https://imperator-server.onrender.com/storage-proxy/gift_assets/symbols/Bascinet_0_6.png
Hammerhead 0.6%,https://imperator-server.onrender.com/storage-proxy/gift_assets/symbols/Hammerhead_0_6.png
Aztec Totem 0.6%,https://imperator-server.onrender.com/storage-proxy/gift_assets/symbols/Aztec_Totem_0_6.png
Full Moon 0.6%,https://imperator-server.onrender.com/storage-proxy/gift_assets/symbols/Full_Moon_0_6.png
Dice 0.6%,https://imperator-server.onrender.com/storage-proxy/gift_assets/symbols/Dice_0_6.png
Romantic Cake 0.1%,https://imperator-server.onrender.com/storage-proxy/gift_assets/symbols/Romantic_Cake_0_1.png
Smartphone 0.6%,https://imperator-server.onrender.com/storage-proxy/gift_assets/symbols/Smartphone_0_6.png
Lovestruck 0.6%,https://imperator-server.onrender.com/storage-proxy/gift_assets/symbols/Lovestruck_0_6.png
Gentian 0.6%,https://imperator-server.onrender.com/storage-proxy/gift_assets/symbols/Gentian_0_6.png
Jumbo Pencil 0.1%,https://imperator-server.onrender.com/storage-proxy/gift_assets/symbols/Jumbo_Pencil_0_1.png
Puzzle 0.2%,https://imperator-server.onrender.com/storage-proxy/gift_assets/symbols/Puzzle_0_2.png
Elf Hat 0.5%,https://imperator-server.onrender.com/storage-proxy/gift_assets/symbols/Elf_Hat_0_5.png
Khinkali 0.4%,https://imperator-server.onrender.com/storage-proxy/gift_assets/symbols/Khinkali_0_4.png
February 14 0.4%,https://imperator-server.onrender.com/storage-proxy/gift_assets/symbols/February_14_0_4.png
Balloon 0.5%,https://imperator-server.onrender.com/storage-proxy/gift_assets/symbols/Balloon_0_5.png
Anthurium 0.2%,https://imperator-server.onrender.com/storage-proxy/gift_assets/symbols/Anthurium_0_2.png
Cupid’s Bow 0.5%,https://imperator-server.onrender.com/storage-proxy/gift_assets/symbols/Cupid_s_Bow_0_5.png
Rose Bud 0.2%,https://imperator-server.onrender.com/storage-proxy/gift_assets/symbols/Rose_Bud_0_2.png
Belladonna 0.5%,https://imperator-server.onrender.com/storage-proxy/gift_assets/symbols/Belladonna_0_5.png
Spicy Chilli 0.4%,https://imperator-server.onrender.com/storage-proxy/gift_assets/symbols/Spicy_Chilli_0_4.png
Lotus 0.2%,https://imperator-server.onrender.com/storage-proxy/gift_assets/symbols/Lotus_0_2.png
Pigeon 0.5%,https://imperator-server.onrender.com/storage-proxy/gift_assets/symbols/Pigeon_0_5.png
Gentian 0.5%,https://imperator-server.onrender.com/storage-proxy/gift_assets/symbols/Gentian_0_5.png
Poppy 0.5%,https://imperator-server.onrender.com/storage-proxy/gift_assets/symbols/Poppy_0_5.png
Iris 0.2%,https://imperator-server.onrender.com/storage-proxy/gift_assets/symbols/Iris_0_2.png
Hibiscus 0.4%,https://imperator-server.onrender.com/storage-proxy/gift_assets/symbols/Hibiscus_0_4.png
Calendula 0.2%,https://imperator-server.onrender.com/storage-proxy/gift_assets/symbols/Calendula_0_2.png
May Bells 0.2%,https://imperator-server.onrender.com/storage-proxy/gift_assets/symbols/May_Bells_0_2.png
Orchid 0.4%,https://imperator-server.onrender.com/storage-proxy/gift_assets/symbols/Orchid_0_4.png
Butterfly 0.2%,https://imperator-server.onrender.com/storage-proxy/gift_assets/symbols/Butterfly_0_2.png
Date Pin 0.2%,https://imperator-server.onrender.com/storage-proxy/gift_assets/symbols/Date_Pin_0_2.png
Jasmin 0.2%,https://imperator-server.onrender.com/storage-proxy/gift_assets/symbols/Jasmin_0_2.png
Teddy Bear 0.4%,https://imperator-server.onrender.com/storage-proxy/gift_assets/symbols/Teddy_Bear_0_4.png
Flytrap 0.5%,https://imperator-server.onrender.com/storage-proxy/gift_assets/symbols/Flytrap_0_5.png
Spider Lily 0.2%,https://imperator-server.onrender.com/storage-proxy/gift_assets/symbols/Spider_Lily_0_2.png
Calla Lily 0.5%,https://imperator-server.onrender.com/storage-proxy/gift_assets/symbols/Calla_Lily_0_5.png
Heart Donut 0.2%,https://imperator-server.onrender.com/storage-proxy/gift_assets/symbols/Heart_Donut_0_2.png
Cactus Bloom 0.4%,https://imperator-server.onrender.com/storage-proxy/gift_assets/symbols/Cactus_Bloom_0_4.png
Love Bell 0.2%,https://imperator-server.onrender.com/storage-proxy/gift_assets/symbols/Love_Bell_0_2.png
Tongue 0.2%,https://imperator-server.onrender.com/storage-proxy/gift_assets/symbols/Tongue_0_2.png
Puffball 0.2%,https://imperator-server.onrender.com/storage-proxy/gift_assets/symbols/Puffball_0_2.png
Love Scene 0.5%,https://imperator-server.onrender.com/storage-proxy/gift_assets/symbols/Love_Scene_0_5.png
Lovestruck 0.2%,https://imperator-server.onrender.com/storage-proxy/gift_assets/symbols/Lovestruck_0_2.png
Love Mug 0.2%,https://imperator-server.onrender.com/storage-proxy/gift_assets/symbols/Love_Mug_0_2.png
Sunbloom 0.2%,https://imperator-server.onrender.com/storage-proxy/gift_assets/symbols/Sunbloom_0_2.png
Cake 0.2%,https://imperator-server.onrender.com/storage-proxy/gift_assets/symbols/Cake_0_2.png
Flaming Heart 0.2%,https://imperator-server.onrender.com/storage-proxy/gift_assets/symbols/Flaming_Heart_0_2.png
Plumeria 0.5%,https://imperator-server.onrender.com/storage-proxy/gift_assets/symbols/Plumeria_0_5.png
Cocktail 1.5%,https://imperator-server.onrender.com/storage-proxy/gift_assets/symbols/Cocktail_1_5.png
Santa Hat 1.5%,https://imperator-server.onrender.com/storage-proxy/gift_assets/symbols/Santa_Hat_1_5.png
Coin Purse 1.8%,https://imperator-server.onrender.com/storage-proxy/gift_assets/symbols/Coin_Purse_1_8.png
Christmas Tree 1.5%,https://imperator-server.onrender.com/storage-proxy/gift_assets/symbols/Christmas_Tree_1_5.png
Jingle Bell 1.5%,https://imperator-server.onrender.com/storage-proxy/gift_assets/symbols/Jingle_Bell_1_5.png
Chest 1.8%,https://imperator-server.onrender.com/storage-proxy/gift_assets/symbols/Chest_1_8.png
Mittens 1.8%,https://imperator-server.onrender.com/storage-proxy/gift_assets/symbols/Mittens_1_8.png
Cookie 1.2%,https://imperator-server.onrender.com/storage-proxy/gift_assets/symbols/Cookie_1_2.png
Cupcake 1.5%,https://imperator-server.onrender.com/storage-proxy/gift_assets/symbols/Cupcake_1_5.png
New Year’s Eve 1.5%,https://imperator-server.onrender.com/storage-proxy/gift_assets/symbols/New_Year_s_Eve_1_5.png
Festive Wreath 1.5%,https://imperator-server.onrender.com/storage-proxy/gift_assets/symbols/Festive_Wreath_1_5.png
Lovely Rain 0.6%,https://imperator-server.onrender.com/storage-proxy/gift_assets/symbols/Lovely_Rain_0_6.png
Police Badge 0.6%,https://imperator-server.onrender.com/storage-proxy/gift_assets/symbols/Police_Badge_0_6.png
Flower Tulip 0.6%,https://imperator-server.onrender.com/storage-proxy/gift_assets/symbols/Flower_Tulip_0_6.png
Diamonds 0.6%,https://imperator-server.onrender.com/storage-proxy/gift_assets/symbols/Diamonds_0_6.png
Hippo 0.6%,https://imperator-server.onrender.com/storage-proxy/gift_assets/symbols/Hippo_0_6.png
Love Dove 0.2%,https://imperator-server.onrender.com/storage-proxy/gift_assets/symbols/Love_Dove_0_2.png
Cupid 0.4%,https://imperator-server.onrender.com/storage-proxy/gift_assets/symbols/Cupid_0_4.png
Lovely Kiss 0.6%,https://imperator-server.onrender.com/storage-proxy/gift_assets/symbols/Lovely_Kiss_0_6.png
Flamingo 0.6%,https://imperator-server.onrender.com/storage-proxy/gift_assets/symbols/Flamingo_0_6.png
Festive Wreath 0.6%,https://imperator-server.onrender.com/storage-proxy/gift_assets/symbols/Festive_Wreath_0_6.png
Tiki Mask 1%,https://imperator-server.onrender.com/storage-proxy/gift_assets/symbols/Tiki_Mask_1.png
Jewel 1%,https://imperator-server.onrender.com/storage-proxy/gift_assets/symbols/Jewel_1.png
Party Hat 0.8%,https://imperator-server.onrender.com/storage-proxy/gift_assets/symbols/Party_Hat_0_8.png
Palette 0.8%,https://imperator-server.onrender.com/storage-proxy/gift_assets/symbols/Palette_0_8.png
Alert Serpent 0.8%,https://imperator-server.onrender.com/storage-proxy/gift_assets/symbols/Alert_Serpent_0_8.png
Bobble Hat 1%,https://imperator-server.onrender.com/storage-proxy/gift_assets/symbols/Bobble_Hat_1.png
Shield 1%,https://imperator-server.onrender.com/storage-proxy/gift_assets/symbols/Shield_1.png
Winged Helmet 0.8%,https://imperator-server.onrender.com/storage-proxy/gift_assets/symbols/Winged_Helmet_0_8.png
Cookie 0.5%,https://imperator-server.onrender.com/storage-proxy/gift_assets/symbols/Cookie_0_5.png
Cricket Helmet 0.8%,https://imperator-server.onrender.com/storage-proxy/gift_assets/symbols/Cricket_Helmet_0_8.png
Shell 1%,https://imperator-server.onrender.com/storage-proxy/gift_assets/symbols/Shell_1.png
Gingerbread 0.6%,https://imperator-server.onrender.com/storage-proxy/gift_assets/symbols/Gingerbread_0_6.png
Snowman 0.6%,https://imperator-server.onrender.com/storage-proxy/gift_assets/symbols/Snowman_0_6.png
Horseshoe 0.8%,https://imperator-server.onrender.com/storage-proxy/gift_assets/symbols/Horseshoe_0_8.png
Lemon 0.8%,https://imperator-server.onrender.com/storage-proxy/gift_assets/symbols/Lemon_0_8.png
Lightning 1%,https://imperator-server.onrender.com/storage-proxy/gift_assets/symbols/Lightning_1.png
Turtle 1%,https://imperator-server.onrender.com/storage-proxy/gift_assets/symbols/Turtle_1.png
Maple Leaf 1%,https://imperator-server.onrender.com/storage-proxy/gift_assets/symbols/Maple_Leaf_1.png
Diamonds 0.8%,https://imperator-server.onrender.com/storage-proxy/gift_assets/symbols/Diamonds_0_8.png
Cap 0.8%,https://imperator-server.onrender.com/storage-proxy/gift_assets/symbols/Cap_0_8.png
Rudolph 0.6%,https://imperator-server.onrender.com/storage-proxy/gift_assets/symbols/Rudolph_0_6.png
Peaked Cap 0.8%,https://imperator-server.onrender.com/storage-proxy/gift_assets/symbols/Peaked_Cap_0_8.png
Tsunami 1%,https://imperator-server.onrender.com/storage-proxy/gift_assets/symbols/Tsunami_1.png
Coin Purse 0.6%,https://imperator-server.onrender.com/storage-proxy/gift_assets/symbols/Coin_Purse_0_6.png
Mustang 1%,https://imperator-server.onrender.com/storage-proxy/gift_assets/symbols/Mustang_1.png
Teru Bōzu 1%,https://imperator-server.onrender.com/storage-proxy/gift_assets/symbols/Teru_B_zu_1.png
Crusader Cross 0.8%,https://imperator-server.onrender.com/storage-proxy/gift_assets/symbols/Crusader_Cross_0_8.png
Banana 1%,https://imperator-server.onrender.com/storage-proxy/gift_assets/symbols/Banana_1.png
Snail 0.8%,https://imperator-server.onrender.com/storage-proxy/gift_assets/symbols/Snail_0_8.png
Wontons 0.8%,https://imperator-server.onrender.com/storage-proxy/gift_assets/symbols/Wontons_0_8.png
Peace Dove 1%,https://imperator-server.onrender.com/storage-proxy/gift_assets/symbols/Peace_Dove_1.png
Nemes 0.8%,https://imperator-server.onrender.com/storage-proxy/gift_assets/symbols/Nemes_0_8.png
Bonsai 1%,https://imperator-server.onrender.com/storage-proxy/gift_assets/symbols/Bonsai_1.png
White Deer 0.6%,https://imperator-server.onrender.com/storage-proxy/gift_assets/symbols/White_Deer_0_6.png
Chef Hat 0.8%,https://imperator-server.onrender.com/storage-proxy/gift_assets/symbols/Chef_Hat_0_8.png
Santa Hat 0.4%,https://imperator-server.onrender.com/storage-proxy/gift_assets/symbols/Santa_Hat_0_4.png
Breeze 1%,https://imperator-server.onrender.com/storage-proxy/gift_assets/symbols/Breeze_1.png
Toilet Paper 0.8%,https://imperator-server.onrender.com/storage-proxy/gift_assets/symbols/Toilet_Paper_0_8.png
Double Axe 0.8%,https://imperator-server.onrender.com/storage-proxy/gift_assets/symbols/Double_Axe_0_8.png
Pirate Hat 0.8%,https://imperator-server.onrender.com/storage-proxy/gift_assets/symbols/Pirate_Hat_0_8.png
Ice Skates 0.6%,https://imperator-server.onrender.com/storage-proxy/gift_assets/symbols/Ice_Skates_0_6.png
Trickster Fox 0.8%,https://imperator-server.onrender.com/storage-proxy/gift_assets/symbols/Trickster_Fox_0_8.png
Horned Helm 1%,https://imperator-server.onrender.com/storage-proxy/gift_assets/symbols/Horned_Helm_1.png
Sun 1%,https://imperator-server.onrender.com/storage-proxy/gift_assets/symbols/Sun_1.png
Sword Fight 1%,https://imperator-server.onrender.com/storage-proxy/gift_assets/symbols/Sword_Fight_1.png
Piggy Bank 0.6%,https://imperator-server.onrender.com/storage-proxy/gift_assets/symbols/Piggy_Bank_0_6.png
Hot Drink 0.6%,https://imperator-server.onrender.com/storage-proxy/gift_assets/symbols/Hot_Drink_0_6.png
Bowtie 0.5%,https://imperator-server.onrender.com/storage-proxy/gift_assets/symbols/Bowtie_0_5.png
Mittens 0.5%,https://imperator-server.onrender.com/storage-proxy/gift_assets/symbols/Mittens_0_5.png
Boat 1%,https://imperator-server.onrender.com/storage-proxy/gift_assets/symbols/Boat_1.png
Bubbles 1%,https://imperator-server.onrender.com/storage-proxy/gift_assets/symbols/Bubbles_1.png
Pencil 0.8%,https://imperator-server.onrender.com/storage-proxy/gift_assets/symbols/Pencil_0_8.png
Chili 1%,https://imperator-server.onrender.com/storage-proxy/gift_assets/symbols/Chili_1.png
Crab 1%,https://imperator-server.onrender.com/storage-proxy/gift_assets/symbols/Crab_1.png
Star 0.6%,https://imperator-server.onrender.com/storage-proxy/gift_assets/symbols/Star_0_6.png
Doghouse 0.8%,https://imperator-server.onrender.com/storage-proxy/gift_assets/symbols/Doghouse_0_8.png
Snowflake 0.4%,https://imperator-server.onrender.com/storage-proxy/gift_assets/symbols/Snowflake_0_4.png
Khinkali 0.8%,https://imperator-server.onrender.com/storage-proxy/gift_assets/symbols/Khinkali_0_8.png
Porrige 0.8%,https://imperator-server.onrender.com/storage-proxy/gift_assets/symbols/Porrige_0_8.png
Sea Horse 0.8%,https://imperator-server.onrender.com/storage-proxy/gift_assets/symbols/Sea_Horse_0_8.png
Easter Bunny 0.8%,https://imperator-server.onrender.com/storage-proxy/gift_assets/symbols/Easter_Bunny_0_8.png
Snow Angel 0.4%,https://imperator-server.onrender.com/storage-proxy/gift_assets/symbols/Snow_Angel_0_4.png
Stocking 0.4%,https://imperator-server.onrender.com/storage-proxy/gift_assets/symbols/Stocking_0_4.png
New Year’s Eve 0.6%,https://imperator-server.onrender.com/storage-proxy/gift_assets/symbols/New_Year_s_Eve_0_6.png
Shortsword 1%,https://imperator-server.onrender.com/storage-proxy/gift_assets/symbols/Shortsword_1.png
Manta Ray 1%,https://imperator-server.onrender.com/storage-proxy/gift_assets/symbols/Manta_Ray_1.png
Greek Sun 1%,https://imperator-server.onrender.com/storage-proxy/gift_assets/symbols/Greek_Sun_1.png
Steampunk Hat 0.8%,https://imperator-server.onrender.com/storage-proxy/gift_assets/symbols/Steampunk_Hat_0_8.png
Silver Ibis 1%,https://imperator-server.onrender.com/storage-proxy/gift_assets/symbols/Silver_Ibis_1.png
Eagle 0.8%,https://imperator-server.onrender.com/storage-proxy/gift_assets/symbols/Eagle_0_8.png
Jingle Bell 0.6%,https://imperator-server.onrender.com/storage-proxy/gift_assets/symbols/Jingle_Bell_0_6.png
Lily 0.8%,https://imperator-server.onrender.com/storage-proxy/gift_assets/symbols/Lily_0_8.png
Legionary 1%,https://imperator-server.onrender.com/storage-proxy/gift_assets/symbols/Legionary_1.png
Christmas Tree 0.6%,https://imperator-server.onrender.com/storage-proxy/gift_assets/symbols/Christmas_Tree_0_6.png
Mountain Goat 0.8%,https://imperator-server.onrender.com/storage-proxy/gift_assets/symbols/Mountain_Goat_0_8.png
Griffon 1%,https://imperator-server.onrender.com/storage-proxy/gift_assets/symbols/Griffon_1.png
Arcane Mirror 0.8%,https://imperator-server.onrender.com/storage-proxy/gift_assets/symbols/Arcane_Mirror_0_8.png
Fireworks 0.6%,https://imperator-server.onrender.com/storage-proxy/gift_assets/symbols/Fireworks_0_6.png
Mistletoe 0.4%,https://imperator-server.onrender.com/storage-proxy/gift_assets/symbols/Mistletoe_0_4.png
Hermit Shell 0.8%,https://imperator-server.onrender.com/storage-proxy/gift_assets/symbols/Hermit_Shell_0_8.png
Monstera 0.8%,https://imperator-server.onrender.com/storage-proxy/gift_assets/symbols/Monstera_0_8.png
Winter House 0.4%,https://imperator-server.onrender.com/storage-proxy/gift_assets/symbols/Winter_House_0_4.png
Flying Heart 0.3%,https://imperator-server.onrender.com/storage-proxy/gift_assets/symbols/WEL41ShLijnuF9I5MszQEeAmPTnL5eEn1KYu1Fnj-rocUfilBOyHY6pWzMYGJJsIc-hdoZBfTanWVTo6FO2NG67_Wdbyo5Q2Nlc_GkOXWNWDPypzderp9mpwwYCoJlKCu58RUwmkoV4zKYjo-oFiAzvYxojKAadm571kcqh6O9uXTpb-5PSDBIF7_3h-M7UXsD_-Rw3dt7kWJCPdyes-83O5JaOO-zzqTDcxrbWYT8x9qk2Ceo7LVsf02QIY5_P0_Sj43p4gljQoPXa2XXWtGSVbhIDRcEbHAE5KDncw7szIa8CJvl6T2NXu2XjLP_wYA3xahFNCPw0X7r3wU2tb6Q
Cute Bear 0.3%,https://imperator-server.onrender.com/storage-proxy/gift_assets/symbols/GozQjaTvwkXDIMTpG945-O-1-m7BHGcUeGNq5r3vGji5vXt2YT7r4h6qMgxs7kJtXNMdNdLF4MsamKqIqjX0CNiR1UKJwn7o-OyPxWtz57bhuQ7VySxJbxn5syErFPq6Syxk1ij8LySrfZkCYzRy7UoSuiUBWWkLp6fnKUmxuENW_M3t37KL_Y1PajQ2W-tWWFRtEq3ml5CiW9VqrJxbk1aCFFBH3qJ7RUYnfCwOecMHTA4mZydv52KG5YuCZSUK3sWI9Cs_1LZInLuxb15vDNfT8JtTMjyh61phYb1BiQ2hSAV_WMCUERFuYdGEiFr5YQ4SPdQ4nnzzdZwC4ScViw
Lovely Key 0.3%,https://imperator-server.onrender.com/storage-proxy/gift_assets/symbols/o256aR65cZvmT1lFknhYHsOgykSvftNL7f_uX1xuB6k74k79v-lXiJryttPEHeg6jU8PolMwWIdfrr5GNsdZ4wnw95wLYBGOn85_qDjx1rvxtgWsyZDN3S22InxcAQynumZ13JEPIgvoNoUTRFUTq_MCc9I4MWV8RPBOGmWIkJ4dGFLTtorY7LpTxzf1tiJUT7ksEiFEs0pwVhFB-exhvzyQQQbPV4jOXbC73GaWCTXY9Rnne6BE4k1wP5Jw3Hf98xxwaXLhr50eJvpE5wiFk2EUQIuCWxql6IVJTjZIntsi9vMKU4QaMKUzQd9E1yeS-SrY5BCqtbrBL7dPELNQUw
Eggplant 0.3%,https://imperator-server.onrender.com/storage-proxy/gift_assets/symbols/ZbhbXi7a8ABsva_HKechONEEmP4sG5pRSYikctLC0mS1l_ASFbslx2_s9MmWkQEvdDDdTFsmIzRiELLZf0W88JRk2WL-OpS2CX8THsll7TW-UtRmJvu89_JfkMYRSgBZcOmf5AbO4sfT9mSaWWCBrR2Z6muh1G4KuTxHP7_4S0J7t_jh7avKbHGRmBU19qNZrrvWkb-cywOwGP_gufr1xdFeiJr9lJDLnF-8D9BKBViYTXqfP6RYc2x7lBQzLUBMniEfSj-vOuFmexA3kCf4N_AoOKaJK96VERPNRMyYW42YtlEzJZFuoBxO9xvPKHNrrwT1lQZqu5F8lOVHsXLC1Q
Shiny Heart 0.3%,https://imperator-server.onrender.com/storage-proxy/gift_assets/symbols/Po3raNUImKLKX7TOIyNTkzegY8DsxPP2G7cu_1vL-W0LR2qtLygUa3aSJ7AMCMOva6RRd8PnQElD-TT4corD9CrgwbNMM40aOo1MPusICFGlSOb0WnvgtfO7_U5iLiNg5DPCpNz_OlVQGHoIXxmefN8mEXYIhAMEUo9Iqh_adB67u8YwFHDonLfc5ZtZ5cIYtsS9PFpjy9VaCXjwfugouJ-qq7ZW-_A717Y6_vbUGygS6h2Ov37-8osq4StjEOyhSWlgdacwS9mTzWQ1AogFwnlQfClyixjFyWAiEZvA4vJRVLR5r1R1yxIC6qek4374HOhKO7wict0obxRkXpW-_Q
Birthday Cake 0.3%,https://imperator-server.onrender.com/storage-proxy/gift_assets/symbols/NpQ3gGautM9Ul4q-or4zIPimto5mRqTQIMz_UpUaFBzKDck_kuQ74ICQgwmeiOryM0ic1hE0xonYyhD-8GV0n2vCb6TyjK7qiaNasTewkGyV_lS8drcwUUbMrjd1qq3ojOy3zPnO3BQOJVMQtT32m904h7VqSe9DECne3vzWvYC5myQCvWEDeRyQ_zKm6KI7ZMB2KtPNIW7FCqmLeHvN6XDCJvLzWlForHwRDoO43567NMRpqzKADQ-RKcOB9D9ZP36lC9kPcWiJgEMlHZ_8j_8GBGjj4YXhKEz9Uit3BQ1rsJHhdG2KUnZLbPMsBmoIS_DeNVnCnDK0XMgNhxg1Pw
Loveberry 0.3%,https://imperator-server.onrender.com/storage-proxy/gift_assets/symbols/SZ7324z2am6mw9aQRcsElRkgYzCXJuybW75vwNflNXUx8YuvccIPx55e0Mu2u88Snv5FfyA59-_XQnAcWArr3_-zL0V6vUj-Iy37A9s6AMcGVaWMxdNcG74J6-Lhw2812iHV0ZUQliMeB1dLTdkLnkKSq9dHV_BK9SGd0JJD2kKJkmUgd7Z0mVDQdb8qKiuHteq82vqAfAHcg0XHXamlN-P_eUY_ljCbqAVSRZ2-zlf3z_4T-0z_O3KgtlUCa3zGQx8S07XSjB7iAp59twtxwLbhzOZ2uCZJC5UbTiH_ZM-KTT0_fnfybAmEWHyg549rlB5yHF-naTZMlL7aW7rMTQ
Heart 0.3%,https://imperator-server.onrender.com/storage-proxy/gift_assets/symbols/gckjfeaU30FAuj0anYKZIyVNvWtRfCn71rvw76ATbj4aiMy5oZxOWpH2zcQoL9PSD8GQuon9IOoHAeNvlB7pxscrO672kpbbh0ZQ9IwtXx8V0bP2YxNGKXL9dDA6ReSTshP-ABaBJR7eLvstk1gHyYeR8tMKnmLYqE4zDfgm5qrgKA9Gp8ky_nr_p5IX7R2bTDv8stqLYnssnnT0jwCjEsHy07nM2T6-Rvg5Gns8RffxYd8BfgttOz3K7B3zNnHNamqGrnBfVpoasBcNsY_mRufTlV_Pr2Tn2vioY4NDQlN3Tilff_YGg4N0rOMV9SgX5C7RbpP-RdMJre_4pJDCMw
Lingerie 0.3%,https://imperator-server.onrender.com/storage-proxy/gift_assets/symbols/HjN0KtNe_wm_EW18a_geRZ5dZzTa9jq0_BKc6axxWvvlOYMWwZTKPGPOvxaA1Xj1FCU2O1EQUBt2NtgONL0Gy9eTizXHZG9Q2S5SFHbg5u-J-_SLrmYp_cHh1Abge2qwat8o4THUMx9q1AYFrf0cjFWIP_qjE-2xsMyoAP_m_CXLgzHQcIAt_037hOJfusyhuUySpPckwViLnqqRgoWgPvQKGv5ck4Rxek2xdMNYn7Ifc-D7iP53LvniAx-K8iCokkzDclr6K3mtpspyIwtITALQUUwzbTiWUM52C8DRrae5nfCVOCPcvitDE-vum3d0DKdzFq_DIFw1qO4qt-S3AQ
Broken Heart 0.3%,https://imperator-server.onrender.com/storage-proxy/gift_assets/symbols/WiO4F3uYnPA063jvHJSWEIegmXs5X1jmOPan0hlvI01-23fcGdAMlXvt56JK9WlTvvoG1K-_45TPpUOLt7agyaLbth-jvO7Mx15kAg-bfkM4MtzEiLLIrp9uj0IHMAyMd_o80InR3A2S0Ew7V-_JZDeXp0JW7bxIKKhoRGsoi3dCPOqZtkCbjWqWi9Vw1o3dZ_AeWvebp_7dgVxCGYv9K-hsktmJN4VWgsAEVeG9cfs6LnF1p2dl4gUYuNDk-9iFgaY72bJfe-mIhQxTk_YH8hashJkbcs_KSIT1xaDNBbDMWQF3NFoQZC3GFTJvUySfh-yiOLQOveTImzj0XRa-OA
Kitty Cat 0.3%,https://imperator-server.onrender.com/storage-proxy/gift_assets/symbols/JD-eViA58PG9edqnvH74tTprUlm-9Ck7MnDSrHW5-eWCP-qDkSqYNyvt23qLUOy-qE-QCvRonjnwc4LAOTX9qV2AFAYKtwUraSuFeXGP1qgMjjmW4RmuAzCPm2CUwCJlJRlfGcRzELT7LxcAIbuEfQ6kF9MUsHQmhCKETNXcueaX3VON3ja43vP2daa4OqLJxoLFHvtvpRSqJ5dkQ2U6dTTpxf_O_6lTjqUqUGfjZTbY-Fmk19kT-qpZLOp4_WGBNrBXExLHt5XcpxGGQBtZWKRve019_4poL7D74kZ-yJBmvjArBw6XMCiRKoCCDRqHh0YCSCaxuGoa8d5OGv1Tkw
Toy Bucket 0.3%,https://imperator-server.onrender.com/storage-proxy/gift_assets/symbols/tMek2jSSikroECoVP1mnUw6fQGml1bf2wCvL7k45LQBdcmaHOjdNryCncL97tjGycUXyAtMNP3pwwUDUY5KOh-WnwjWqw4CqZryVLzZjAnXQYTHrcEYaNBbl0SnsDy8G1NdIc0NNN0rlAR7kMVqANgHqZGSVtibebk7Q_h5OYC28NZYmzAnFkBjM2XcJ9BwwsCsdcrKheDc8g-L1cob7rzjTQxezX-kVtJ13o1vuwIBNaBEMqy-cTYYhwheIGMgeoQiOYBZU-S1euX2LXJncAltLwt2rMMDiJUoFyFLmYb7S-IvFoglpUc5CLqoLwl2uTEmMFSL-HTUPM5HDHgpcGg
Napkins 0.3%,https://imperator-server.onrender.com/storage-proxy/gift_assets/symbols/Ysr6sJHqEVfDC2a2368Bwx0REkYvFtukopq9K56JSPtQbQdbCZz242dOm5WeoZ-9M7eOInFBk_fvSLElH9unHIiUIG3B8K1eKnxhQGMflp-iWUWsc7jr4RI1HQV1oqpxs8Czb8dRuLXhadmnCu1oPIyX4A_m2QsrPE8jZ69EDO2UdJErM6x74FtdnYxqLEyOdK2oarL73Pu_M26vPLxg5XkS3YpCZRKWyzJucnHPyWJuYCC3HURvPJsWO1qANxXNS-cWsG0DK_aPWe0OI0Dka48Fs328RUJ2TTIvTmoTLcCh0T_JneE7Esr-Beo_E-N8YnN9E7F5uNq97jiKfmMqiA
Water Drops 0.3%,https://imperator-server.onrender.com/storage-proxy/gift_assets/symbols/vh0_ls7BEqBLFCl3LNCwRKkmIDZdzZnJTd8rUsxdoyckyy64wRQbOkdPkkooI_LTyb7I1ntnzxBFwFAiPz5PErglN5if5s8mViKs6IJRRbXAzGcA6AImseITWkEBKdgoiP6UMlFZmMeltR14KZOBEfnezoNV55mI-vplZt49vhXW8LkBR0nznxWeulEIG7O2lxNaPu_A-c5divnAMKRtHOJh_h61Cuh5R1Rwreuib_FJId3DNYndGuoyfNFs1IdVHfbio9La2FjdxQ1M88w9xlPK71r_4vn2-kUNJ1h_wH-acAbnr4sw6aDBe0FQNifVir-cAZcgI51chbUNUlz0JA
Chocolate 0.3%,https://imperator-server.onrender.com/storage-proxy/gift_assets/symbols/CMbjLotG7C-ID5CHVim_n_b7idfbUUXBzd4GTVBuEH8l0C_LN3i1VLwN9yiLvkP0fEkyl3IIOOwWU4WJF1HdT81xf86dWK-rqSpnw1G8-Q9JO4puYLBi557QTb7JNPRj6Lrqx8t9qMoytqmAOi5vNHuA5fXISd_waryCIlMnz57ATqoMX2yTb-XP0vSUdPQCCSlPY4x8iHAxA_xbhO1NXV9t9ceIWfY6jDse3cOkxUVfMxEHqTgU79CLa7A67trjVhp2RboJ6G5bCbpV_67uPNQ7i3OXi04R0GR9KajUcyi7lMdf_ARRHqv0BepCioHoOKX_OxAdOdM1Tm-iPtxhYw
Lovely Bra 0.3%,https://imperator-server.onrender.com/storage-proxy/gift_assets/symbols/ejEB3z7G9vsmMN_uBvdaxqHrv8Av1-P2h4mmVEBu-JhluQYayfvxqddWo0Q9Wrv1qpkvbcXsnUKLYFAIBzJjJnjRX8QRtnMPDAh_VIYsnW6N0xkPpL1BtXd3bTLe5Tv6HoSSh_sNUEEJM80atPJdsfHnCs1mQoiB77jtIVGBOkve8USDr0LCI4g4KBgJWNjs5gLhIXTi51tuvajj_GYSWTAJ2RnE0qxN3q3fFbrKuitxa0XSxrS6N8vtFxVxqMCk9IxzYyT4TMjXuNKwoau9q2gXuQgJZW4h92Dsh6iwoGBAqVwUkXpxt4kyVDh8IDTuI1dj3Z7q4dBuEPhgARKCxA
Lovely Rose 0.3%,https://imperator-server.onrender.com/storage-proxy/gift_assets/symbols/HSJNKHFmbfFZcBBev9E87-Tt7ojC6JO_9kp5b0mfibgyiHcOVuZlS1kL33-tL-xWws_TvDraUdABT85JLX0WFGrGlJc1RGZ_aKRauhqJ8dU8WJSmXpRKU-vWSRC4vhvoeZ0C9vJBnM3ljDyfduwRurCLcw4Z-YdZM8RZpHUnKn-lqFy5KqXTQAbMbeymKvSCejXCGmB8VGA0AySf_7hf1dwNcoGiBAFIquQhMt474aXduDN1j2qfPyAc9WGGtue6DQUBC8gfwSOXUjKGJ3dwIkbkIcAsiARMPIxzsbcSK7RE1s4fGOjrV7EzQ1TWzt73OHpZhEPwqDkOx5aXloPvqw
Croissant 0.3%,https://imperator-server.onrender.com/storage-proxy/gift_assets/symbols/asAf3YvI4eg9WG1jfjksSl--hHe9nyCtuIwbynOiMnjjYCQmEAoX5xbY-6lTda8RC7fKU2HczqBZSPICJiv6SiyFKWXLV5i7JwUFDOo40bcZBBxEYXkHpUNN5ISvJraFMZ6HTk-dhPkcRlDNYIIwrd_3UBk_bH0N-nIivOLYt53E1RGBFp-uvNTRsW-OCArXpc9i5wlNA4u7HSrKoIPazYopmvQWU40J3HmGeTLYztjEicbZJ0FgaP6g5jws1y4SdY7vFvikZYzbeHNlfbkYq69NST_SrRgvFfMtWS046atxz0cuv0W_WJc_QEF02dJta5FSQYnPcWivTRqLLjLN1w
Double Bed 0.3%,https://imperator-server.onrender.com/storage-proxy/gift_assets/symbols/A5K0FOnFlDbj50N1ClBKjq5zVxpF-rthlPLj7CFHCE4eMoYEn5mx6xVKQFzJAo-5wdHKEA-Qo-Ei47yA71eoqgC3TOcWXkq_JaLNu9Gj8btqUYPF_AFY1EdaCGA3SYgXaAB3rngDUMdYQc9IwOY-rl3fosl_ZKAuRsWN0tePRREqwT0nby7oak5ivZrCA7gc_EdjBjSYGgl7ceaoGCpW7gpEz3w3Bpc4Pd-Ca6NF1lbAdoDlQGe5fmyj0Bk_t1RS4k2gWQszcU9828AAR_n1PgUSwRft2p3jZAeJt3WXem-ceY_YC2sy54Il0ioqJF0CgOC3i84PIm7Yw1qZjmyx6g
Butterfly 0.3%,https://imperator-server.onrender.com/storage-proxy/gift_assets/symbols/QR9O1RWSOnnIyoVgK48BiGKMMmVAJa0hhQB7Wmt_jiCPbRs76QE6xsI172L4iwUsoBKSMa8GqbzOSU6B2y2k_QAhQjIDfYz8kFuV2gqROCgGgChQCNiyZrihxwVa_Mt5shVd87V2ytdpaMTLY2jgQ1nlZexbsnPZIAItNqDIklrE88Iwt2JMiUiqpjPLiZD9Gz9KpCEMKVLPLndyZnlMaWtSY4My129SENbF6pFAeShDIkQP3mLVMeR7GcharvPsrlKYGBtLNvJdyP4yPrVJ1n8fY_ZxKWvLjTjvz58_DQftMdapgx7fN0sLQllucmnRVg1X1vRv1QQEzsTft9v1nQ
Rabbit 0.3%,https://imperator-server.onrender.com/storage-proxy/gift_assets/symbols/bYWrpI7VN0hdwZ8g_eRIG3QQ4bmWUNfwkqrJabfBBubrhrZT-M0WB42m7DSvx4Ob4soCLeOdPxHsBEQaSFs5RRAHsxvZNjhAKewHQ_YTDDlO0ZWxi7ORTBKZYGDpS8kV4uu1epcQFwk32-NBNCykaCc-R7x_zs-0nwB506ZIryCDIcKOYNtngK8w7QOmfVpwFcVBy84s80e9eilBgXBSPnNu1osXbWZIOelcIQwXubdOvl48OA0RO2LyXkBWhn-E99anF_ZW3YEsIG4UV198IectLxwJPU2KsOmJ-iQBj1XXcfnSvcXBs_O1zDg_yn3Ghwz6lzOWMvWalE0Pp4BKlQ
Lovebirds 0.5%,https://imperator-server.onrender.com/storage-proxy/gift_assets/symbols/s3K1LOdanF5LfXaEu3TLvcMX7CSGTDmYGJOvufgkFLXFVyyqybbY7zFfMIztGeydbCp3BRwFT8daqGUWHlS6GuY8Ps-1vT-6eG_nXfihfxj8WMnTgbu4Gh4jJ2EMFeo9J24XWYPASfLpA0CSv1P7mpfqvu16GaG6xVODJPyE3wtsvCRDTFHxu_avGuJ0IMbnDySRFqtS78-MqoBekpuLENqCHjyjxcKh5Oa00c79hJuBz1YFqzLZ6L7jxUo6va0wpJ1qHo-vbx2OfEOS5tzbWcBwDleRVbS53iMFZJ9hR1WXUxd98OtAcsHm82_3hmY5hcwfFHH1Cly3HBQoDonrmw
Lovely Rain 0.3%,https://imperator-server.onrender.com/storage-proxy/gift_assets/symbols/UZbi-hepcXUlrqYGcFQ-lWV9etGwRVmpLuoL2oXcwuHfmI2jw6SmV-uGauQ4PV9sSNMFNz6EaxYj_1HU5Vil9csJ6ey6zqSfqiDXzuOaQMOfyOol9fKsakSQ3iCgK5gxH3DYGlxnUFE1YiWmZNkf1U5F6F7VpFMC-XAwhYH_nAQRfceJcCjjNtEg_SXE4EVgTTXGB4nGK95Y66OcJ3OEuFsc28_RF1__XHYe27vayw8Yrzg1InQLrRkhbM3NGhhTvE3N_l0aJopbJkI27WdxkSVhd9u4IY3FDhefJDvWJfEROBnZ6aae9wQeH9W45F2BSAINqfohyupiZmgZxusWhw
Heart Shades 0.5%,https://imperator-server.onrender.com/storage-proxy/gift_assets/symbols/BNkz5QBuWJPt1xxRjaS1GoRtC1W17wDcJoJja_Afb-_NKiV1r6luKZRcHP0iqFi_BVmD-8WMsAQslMCcR020lo3v6g7QsKUoct8DlEiIsHN3iAUkQz2IcekVdnT9PTG48ALwTXwAI3G86hduaHrg5EFWOSXc4e84WM-Twf5HjDNx5JU8zDHan5GB1FGgzSKiOXesbWVMNga6UhB4_rGuytj1NOVMXbEpW7KxKiSMh2vWjor_ZY0oDF4U5JyYBTWUoAXCBROGUZmKRbfp0KqAbIjjjWScIb4g_DxUC6Vrhtjg9OoEz1AbevuRFhfceLaIFuBC0ctdU4ChH73MWUVVrA
Loving Heart 0.3%,https://imperator-server.onrender.com/storage-proxy/gift_assets/symbols/kn1oLe5kt5DNxYLsxsEeenCptsnHm_Y1F_W20pWxyWF9s-jSwtqdf61hQbAaqE5EeUeTVahLo_xMpY7TXebSmHXIa8uLnDfBBMRWfxAbpCgUbC9dHiBJPB_DppxsC2f686_N5kNpuxlqhmwuQUXJBpAMzmTj-Zuv2e8SvOiCnr41dXspJSJZ4dBejv2J-54MfcykblJuVK9aOdF3I_EwIKbk4_W1opjLM599IBuH2yPlMJRe_U8Xypjoha-__ni_s42IBcL0l-84M_c7PvuKeqvD_2RiLMXTxOLE1Uh7P3o-T-435PZFuxB3jXq763pVrfI9hYWgwAbnWCcRH5RD6A
Passion Latte 0.3%,https://imperator-server.onrender.com/storage-proxy/gift_assets/symbols/viDEIoMWOvlaibA8ihCAa0fPqx6C0hF3_JBWx7dVXPjEGYZnlt03uEB10EBpkn5FlMDbGD5eoLSPmD9QNLAAl2WL7oUi1LpD26qDbG7vrIOCq4ysn9cAHn3ZolrxsAi3XrptFFuzHAsPIY0SrsGriGnqJOgDsRApUXtEqxexbKVsso6BAUuSFYhPKisafAeWw6ou16GDJ77xAKFol9Des2_HQRtPQHiNnYRK1s6LLwpE-TJ3tPgOU5tE75XP0ErDuTmYGVE-PFFuCp6gHkI3ENADdwPZK6IczXq3NjiK9EyV88b0pgqpcMdltHBChQWV6TCjeL8H1PGtnXeE4keemg
Blossom 0.3%,https://imperator-server.onrender.com/storage-proxy/gift_assets/symbols/vGtp2D6XXVuwii13O8_mexnDnVZrwyedvtAsItgTYCPsaD6nOBqu1xvoIXulrMkW5ZTcxuRmKoY9JiE2TWIs_XUp5qUEmQg7WaW1y71TbxShLTxTGi_XfbfL8rK1O9DvxsLPK9eiWtzMQ3WLBkzO0yVc2B1xDnDg1AWPJVJkm24PikWHkxP7vI1j0DFeW8FfjudDIwjv-i6vWpV1zaYvkLiBg_AcbF2ui8BYzKNbt5qQRB56mUAjACYvbV7bhPfOSuyUI-nz-s9SiD53_dDK6NqKcw-y0cDK4c8apFQ0jAVHPP5taqH9IDoAoIasXx4v7F1RK5ZiCX3iSUeV8dG11A
Romantic Cake 0.5%,https://imperator-server.onrender.com/storage-proxy/gift_assets/symbols/ft0NNdwRtgmXigu9TU2qFjlZJSBdwhoBxFuN4-0lRrq_ouDP5y6eRHcIrGWeN-xpqsRNjdL4rUAwJzg3lr--rFfwFJxXxFgr9YJQyL5G3KmpKgkdpbCqD_ASAjf8vE1SLq1bGFx8QFf2UTyzRc9fWZjlkr3Ww51kPWgaXeIOLeMi_YPXous1NjSGxTahcA3b2G1G5gnKqxsXygja19rOr9r6Izo9UJ2aMDISUMTSK9IAP324I08cg48BtfX-6Rv-smfl7X7K7I6Uvgpl-QsQWgQ9muDpsXVrjJUts7NQV-hITXWeRCs1EMLAdcWPKd6heHIAAsgTHnLENzyPxYhbHQ
Heartbeat 0.3%,https://imperator-server.onrender.com/storage-proxy/gift_assets/symbols/mSyTOcSLx6MSYgCVHAOhEzwEY3b95aFPkUjWeJDyqL0vfGOX7fo60HSjkvx5_t514Hyw-9C6-FcwFgndESjl9zmKTBea3EMxGnW1YYwrnCdk_Wkw1WVlOb8UtVOZpo1WYhzU9xCDDfRRDVh4SY8FpU3P27VD9aScLHkClIZSq73mpj2VX2FrxMglYk6z2PpP-zmrwn9G8pfmXpb5sArvfkNch0VkSAVQs-GKbRS6wr1mED6ClGoX3c56WrQlOJW8_s-sKIpoNxMHtPRdHhOmBBU_lH0zcrFo9F_mjyW1Ivt5cQwexA1L3AKQW1XipN3xeAdFLwfWL86vf51un_AsfA
Padlock 0.3%,https://imperator-server.onrender.com/storage-proxy/gift_assets/symbols/fnF8-s8slTBKxOawwXZ-u0UIliF-Km_WQvhlQPgNnKPcdxRqX2LIglDJjoCdc7t_z3ppmR1hso_gwqvOZrU58WkkiJhhRPfmhOmg5IVMMtS1JCU3UR6QLqNZ0yS4kiSfeC6vi4c8P_ng-dnv8i_V2c45-6ybIc6Bpj-0J3rR3UXLkoOl4E0jxOPTB927Pggjfsvv0WeFq5-SbpvindP2f2JHICEBbJVyHofxuSyfzwuyjBKF_JPnmGGoZIYFg0HrXz5ZiX9E--TUiUMICbXK42zpizZlK6jdAg5SswqNGpbi7JnzkoP8FtnRjvNZFqQb5ChOMMqyZAWolXEc62Ixtg
Scissors 0.3%,https://imperator-server.onrender.com/storage-proxy/gift_assets/symbols/vqSomfwC3_0FXp1gyRlgspnTPYO1dm7T_UAqf58VSArQMjEULTgGPwi8ixFimKR8Hi5Io_CTF0dttm-4A1y4O3Gvopif5A2eWbSNYeFGLA_-2yowhoXqjH0HLYjfTjQ0jNQrn42C5u4TJmG1cTA6JIsx66bTs3uG6cdoTdF75UjSjw2RFSzoc-FCX4Jvepf9RyDt5JvEA2ExD0StC9G6aJfaUf_bzE_qb_yhAnBxeQdHUPNk3QPm_gaGs79cV0uMyqI88wSUugnJ3LKq37SPhBbehnchpu6NCZn8tI8LflmJl-8bOhHXrbDXruv0FXMRj21GcUEpGB8VR2dv9tAdRA
Telescope 0.2%,https://imperator-server.onrender.com/storage-proxy/gift_assets/symbols/Telescope_0_2.png
Moai Head 0.2%,https://imperator-server.onrender.com/storage-proxy/gift_assets/symbols/Moai_Head_0_2.png
Sombrero 0.4%,https://imperator-server.onrender.com/storage-proxy/gift_assets/symbols/Sombrero_0_4.png
Paw Print 0.1%,https://imperator-server.onrender.com/storage-proxy/gift_assets/symbols/Paw_Print_0_1.png
Sword 0.6%,https://imperator-server.onrender.com/storage-proxy/gift_assets/symbols/Sword_0_6.png
Fish 0.6%,https://imperator-server.onrender.com/storage-proxy/gift_assets/symbols/Fish_0_6.png
Lips 0.4%,https://imperator-server.onrender.com/storage-proxy/gift_assets/symbols/Lips_0_4.png
Flirty Message 0.4%,https://imperator-server.onrender.com/storage-proxy/gift_assets/symbols/Flirty_Message_0_4.png
Passion Latte 0.6%,https://imperator-server.onrender.com/storage-proxy/gift_assets/symbols/Passion_Latte_0_6.png
Aubergine 0.6%,https://imperator-server.onrender.com/storage-proxy/gift_assets/symbols/Aubergine_0_6.png
Octopus 0.6%,https://imperator-server.onrender.com/storage-proxy/gift_assets/symbols/Octopus_0_6.png
Rabbit 0.6%,https://imperator-server.onrender.com/storage-proxy/gift_assets/symbols/Rabbit_0_6.png
Heartbeat 0.2%,https://imperator-server.onrender.com/storage-proxy/gift_assets/symbols/Heartbeat_0_2.png
Dolphin 0.6%,https://imperator-server.onrender.com/storage-proxy/gift_assets/symbols/Dolphin_0_6.png
Neko Mask 0.2%,https://imperator-server.onrender.com/storage-proxy/gift_assets/symbols/Neko_Mask_0_2.png
Flirty Message 0.7%,https://imperator-server.onrender.com/storage-proxy/gift_assets/symbols/Flirty_Message_0_7.png
Press Hat 0.7%,https://imperator-server.onrender.com/storage-proxy/gift_assets/symbols/Press_Hat_0_7.png
Panty 0.7%,https://imperator-server.onrender.com/storage-proxy/gift_assets/symbols/Panty_0_7.png
Cyclamen 0.7%,https://imperator-server.onrender.com/storage-proxy/gift_assets/symbols/Cyclamen_0_7.png
Lovely Bra 0.7%,https://imperator-server.onrender.com/storage-proxy/gift_assets/symbols/Lovely_Bra_0_7.png
Police Badge 0.7%,https://imperator-server.onrender.com/storage-proxy/gift_assets/symbols/Police_Badge_0_7.png
Aubergine 0.7%,https://imperator-server.onrender.com/storage-proxy/gift_assets/symbols/Aubergine_0_7.png
Petunia 0.7%,https://imperator-server.onrender.com/storage-proxy/gift_assets/symbols/Petunia_0_7.png
Mars & Venus 0.7%,https://imperator-server.onrender.com/storage-proxy/gift_assets/symbols/Mars_Venus_0_7.png
Like 0.7%,https://imperator-server.onrender.com/storage-proxy/gift_assets/symbols/Like_0_7.png
Sunbloom 0.7%,https://imperator-server.onrender.com/storage-proxy/gift_assets/symbols/Sunbloom_0_7.png
Shortsword 0.7%,https://imperator-server.onrender.com/storage-proxy/gift_assets/symbols/Shortsword_0_7.png
Passion Latte 0.7%,https://imperator-server.onrender.com/storage-proxy/gift_assets/symbols/Passion_Latte_0_7.png
Pussy Willow 0.7%,https://imperator-server.onrender.com/storage-proxy/gift_assets/symbols/Pussy_Willow_0_7.png
Spider Web 0.7%,https://imperator-server.onrender.com/storage-proxy/gift_assets/symbols/Spider_Web_0_7.png
Worker Ant 0.7%,https://imperator-server.onrender.com/storage-proxy/gift_assets/symbols/Worker_Ant_0_7.png
Flying Heart 0.2%,https://imperator-server.onrender.com/storage-proxy/gift_assets/symbols/Flying_Heart_0_2.png
Toilet Paper 0.7%,https://imperator-server.onrender.com/storage-proxy/gift_assets/symbols/Toilet_Paper_0_7.png
Omusubi 0.7%,https://imperator-server.onrender.com/storage-proxy/gift_assets/symbols/Omusubi_0_7.png
Mask 0.7%,https://imperator-server.onrender.com/storage-proxy/gift_assets/symbols/Mask_0_7.png
Blood Drop 0.7%,https://imperator-server.onrender.com/storage-proxy/gift_assets/symbols/Blood_Drop_0_7.png
Date Pin 0.4%,https://imperator-server.onrender.com/storage-proxy/gift_assets/symbols/Date_Pin_0_4.png
Calendula 0.4%,https://imperator-server.onrender.com/storage-proxy/gift_assets/symbols/Calendula_0_4.png
Crescent 0.7%,https://imperator-server.onrender.com/storage-proxy/gift_assets/symbols/Crescent_0_7.png
Shiny Heart 0.2%,https://imperator-server.onrender.com/storage-proxy/gift_assets/symbols/Shiny_Heart_0_2.png
Ace Of Hearts 0.2%,https://imperator-server.onrender.com/storage-proxy/gift_assets/symbols/Ace_Of_Hearts_0_2.png
Teru Bōzu 0.7%,https://imperator-server.onrender.com/storage-proxy/gift_assets/symbols/Teru_B_zu_0_7.png
Clubs 0.7%,https://imperator-server.onrender.com/storage-proxy/gift_assets/symbols/Clubs_0_7.png
Lion of Babylon 0.7%,https://imperator-server.onrender.com/storage-proxy/gift_assets/symbols/Lion_of_Babylon_0_7.png
Two Katanas 0.7%,https://imperator-server.onrender.com/storage-proxy/gift_assets/symbols/Two_Katanas_0_7.png
UFO 0.7%,https://imperator-server.onrender.com/storage-proxy/gift_assets/symbols/UFO_0_7.png
Drug 0.7%,https://imperator-server.onrender.com/storage-proxy/gift_assets/symbols/Drug_0_7.png
Spanner 0.7%,https://imperator-server.onrender.com/storage-proxy/gift_assets/symbols/Spanner_0_7.png
Black Cat 0.7%,https://imperator-server.onrender.com/storage-proxy/gift_assets/symbols/Black_Cat_0_7.png
Turtle 0.7%,https://imperator-server.onrender.com/storage-proxy/gift_assets/symbols/Turtle_0_7.png
Morgenstern 0.7%,https://imperator-server.onrender.com/storage-proxy/gift_assets/symbols/Morgenstern_0_7.png
Kashket 0.7%,https://imperator-server.onrender.com/storage-proxy/gift_assets/symbols/Kashket_0_7.png
Alert Serpent 0.7%,https://imperator-server.onrender.com/storage-proxy/gift_assets/symbols/Alert_Serpent_0_7.png
Deerstalker 0.7%,https://imperator-server.onrender.com/storage-proxy/gift_assets/symbols/Deerstalker_0_7.png
Academic Cap 0.4%,https://imperator-server.onrender.com/storage-proxy/gift_assets/symbols/Academic_Cap_0_4.png
Steampunk Hat 0.3%,https://imperator-server.onrender.com/storage-proxy/gift_assets/symbols/Steampunk_Hat_0_3.png
Beanie 0.3%,https://imperator-server.onrender.com/storage-proxy/gift_assets/symbols/Beanie_0_3.png
Battle Axe 0.3%,https://imperator-server.onrender.com/storage-proxy/gift_assets/symbols/Battle_Axe_0_3.png
Winged Helm 0.3%,https://imperator-server.onrender.com/storage-proxy/gift_assets/symbols/Winged_Helm_0_3.png
Diamond 0.3%,https://imperator-server.onrender.com/storage-proxy/gift_assets/symbols/Diamond_0_3.png
Obon Lantern 0.1%,https://imperator-server.onrender.com/storage-proxy/gift_assets/symbols/Obon_Lantern_0_1.png
Breeze 0.3%,https://imperator-server.onrender.com/storage-proxy/gift_assets/symbols/Breeze_0_3.png
Porrige 0.3%,https://imperator-server.onrender.com/storage-proxy/gift_assets/symbols/Porrige_0_3.png
Hazelnut 0.1%,https://imperator-server.onrender.com/storage-proxy/gift_assets/symbols/Hazelnut_0_1.png
Pirate Hat 0.3%,https://imperator-server.onrender.com/storage-proxy/gift_assets/symbols/Pirate_Hat_0_3.png
Smartphone 0.1%,https://imperator-server.onrender.com/storage-proxy/gift_assets/symbols/Smartphone_0_1.png
Pomegranate 0.1%,https://imperator-server.onrender.com/storage-proxy/gift_assets/symbols/Pomegranate_0_1.png
Donut 0.3%,https://imperator-server.onrender.com/storage-proxy/gift_assets/symbols/Donut_0_3.png
Lily Bloom 0.4%,https://imperator-server.onrender.com/storage-proxy/gift_assets/symbols/Lily_Bloom_0_4.png
Strelitzia 0.5%,https://imperator-server.onrender.com/storage-proxy/gift_assets/symbols/Strelitzia_0_5.png
Calla Lily 0.2%,https://imperator-server.onrender.com/storage-proxy/gift_assets/symbols/Calla_Lily_0_2.png
Fuchsia 0.4%,https://imperator-server.onrender.com/storage-proxy/gift_assets/symbols/Fuchsia_0_4.png
Heart Donut 0.5%,https://imperator-server.onrender.com/storage-proxy/gift_assets/symbols/Heart_Donut_0_5.png
Snowdrop 0.5%,https://imperator-server.onrender.com/storage-proxy/gift_assets/symbols/Snowdrop_0_5.png
Violet 0.2%,https://imperator-server.onrender.com/storage-proxy/gift_assets/symbols/Violet_0_2.png
Cupid’s Bow 0.4%,https://imperator-server.onrender.com/storage-proxy/gift_assets/symbols/Cupid_s_Bow_0_4.png
Puffball 0.4%,https://imperator-server.onrender.com/storage-proxy/gift_assets/symbols/Puffball_0_4.png
Tongue 0.4%,https://imperator-server.onrender.com/storage-proxy/gift_assets/symbols/Tongue_0_4.png
Pansy 0.4%,https://imperator-server.onrender.com/storage-proxy/gift_assets/symbols/Pansy_0_4.png
Plumeria 0.2%,https://imperator-server.onrender.com/storage-proxy/gift_assets/symbols/Plumeria_0_2.png
Chili Pepper 0.3%,https://imperator-server.onrender.com/storage-proxy/gift_assets/symbols/Chili_Pepper_0_3.png
Mushroom 0.1%,https://imperator-server.onrender.com/storage-proxy/gift_assets/symbols/Mushroom_0_1.png
PC Mouse 0.3%,https://imperator-server.onrender.com/storage-proxy/gift_assets/symbols/PC_Mouse_0_3.png
Khinkali 0.3%,https://imperator-server.onrender.com/storage-proxy/gift_assets/symbols/Khinkali_0_3.png
Hermit Shell 0.3%,https://imperator-server.onrender.com/storage-proxy/gift_assets/symbols/Hermit_Shell_0_3.png
White Deer 0.3%,https://imperator-server.onrender.com/storage-proxy/gift_assets/symbols/White_Deer_0_3.png
Star Crown 0.1%,https://imperator-server.onrender.com/storage-proxy/gift_assets/symbols/Star_Crown_0_1.png
Nemes 0.3%,https://imperator-server.onrender.com/storage-proxy/gift_assets/symbols/Nemes_0_3.png
Beer 0.1%,https://imperator-server.onrender.com/storage-proxy/gift_assets/symbols/Beer_0_1.png
Tsunami 0.3%,https://imperator-server.onrender.com/storage-proxy/gift_assets/symbols/Tsunami_0_3.png
Puzzle 0.1%,https://imperator-server.onrender.com/storage-proxy/gift_assets/symbols/Puzzle_0_1.png
Rudolph 1.6%,https://imperator-server.onrender.com/storage-proxy/gift_assets/symbols/Rudolph_1_6.png
Cookie 2%,https://imperator-server.onrender.com/storage-proxy/gift_assets/symbols/Cookie_2.png
Cocktail 2%,https://imperator-server.onrender.com/storage-proxy/gift_assets/symbols/Cocktail_2.png
Dessert 2%,https://imperator-server.onrender.com/storage-proxy/gift_assets/symbols/Dessert_2.png
Eikthyrnir 1.6%,https://imperator-server.onrender.com/storage-proxy/gift_assets/symbols/Eikthyrnir_1_6.png
Sparks 2%,https://imperator-server.onrender.com/storage-proxy/gift_assets/symbols/Sparks_2.png
Snow Angel 2.4%,https://imperator-server.onrender.com/storage-proxy/gift_assets/symbols/Snow_Angel_2_4.png
Gift Box 2%,https://imperator-server.onrender.com/storage-proxy/gift_assets/symbols/Gift_Box_2.png
Coin Purse 2.4%,https://imperator-server.onrender.com/storage-proxy/gift_assets/symbols/Coin_Purse_2_4.png
Nordic Wolf 2.4%,https://imperator-server.onrender.com/storage-proxy/gift_assets/symbols/Nordic_Wolf_2_4.png
Cupcake 1.6%,https://imperator-server.onrender.com/storage-proxy/gift_assets/symbols/Cupcake_1_6.png
Mittens 1.6%,https://imperator-server.onrender.com/storage-proxy/gift_assets/symbols/Mittens_1_6.png
Snowman 1.6%,https://imperator-server.onrender.com/storage-proxy/gift_assets/symbols/Snowman_1_6.png
Shooting Star 1.6%,https://imperator-server.onrender.com/storage-proxy/gift_assets/symbols/Shooting_Star_1_6.png
Moon 2%,https://imperator-server.onrender.com/storage-proxy/gift_assets/symbols/Moon_2.png
Crow 2%,https://imperator-server.onrender.com/storage-proxy/gift_assets/symbols/Crow_2.png
Severed Hand 1.6%,https://imperator-server.onrender.com/storage-proxy/gift_assets/symbols/Severed_Hand_1_6.png
Spider Web 1%,https://imperator-server.onrender.com/storage-proxy/gift_assets/symbols/Spider_Web_1.png
Evil Pumpkin 1%,https://imperator-server.onrender.com/storage-proxy/gift_assets/symbols/Evil_Pumpkin_1.png
Fish Skeleton 1.2%,https://imperator-server.onrender.com/storage-proxy/gift_assets/symbols/Fish_Skeleton_1_2.png
Treats 1.2%,https://imperator-server.onrender.com/storage-proxy/gift_assets/symbols/Treats_1_2.png
Ghost 1.2%,https://imperator-server.onrender.com/storage-proxy/gift_assets/symbols/Ghost_1_2.png
Moon 1.2%,https://imperator-server.onrender.com/storage-proxy/gift_assets/symbols/Moon_1_2.png
Bloody Axe 1%,https://imperator-server.onrender.com/storage-proxy/gift_assets/symbols/Bloody_Axe_1.png
Nice Ghost 1.2%,https://imperator-server.onrender.com/storage-proxy/gift_assets/symbols/Nice_Ghost_1_2.png
Flying Witch 1%,https://imperator-server.onrender.com/storage-proxy/gift_assets/symbols/Flying_Witch_1.png
Eyeball 0.8%,https://imperator-server.onrender.com/storage-proxy/gift_assets/symbols/Eyeball_0_8.png
High Heels 1%,https://imperator-server.onrender.com/storage-proxy/gift_assets/symbols/High_Heels_1.png
Cash 1%,https://imperator-server.onrender.com/storage-proxy/gift_assets/symbols/Cash_1.png
Anchor 1%,https://imperator-server.onrender.com/storage-proxy/gift_assets/symbols/Anchor_1.png
Chest 1%,https://imperator-server.onrender.com/storage-proxy/gift_assets/symbols/Chest_1.png
Celtic Cross 1%,https://imperator-server.onrender.com/storage-proxy/gift_assets/symbols/Celtic_Cross_1.png
Sumerian Bird 0.8%,https://imperator-server.onrender.com/storage-proxy/gift_assets/symbols/Sumerian_Bird_0_8.png
Golden Scarab 1%,https://imperator-server.onrender.com/storage-proxy/gift_assets/symbols/Golden_Scarab_1.png
Inca Sun 1%,https://imperator-server.onrender.com/storage-proxy/gift_assets/symbols/Inca_Sun_1.png
Coin Purse 0.8%,https://imperator-server.onrender.com/storage-proxy/gift_assets/symbols/Coin_Purse_0_8.png
Coat of Arms 0.8%,https://imperator-server.onrender.com/storage-proxy/gift_assets/symbols/Coat_of_Arms_0_8.png
Money Bag 1%,https://imperator-server.onrender.com/storage-proxy/gift_assets/symbols/Money_Bag_1.png
Glasses 0.8%,https://imperator-server.onrender.com/storage-proxy/gift_assets/symbols/Glasses_0_8.png
Gold 0.8%,https://imperator-server.onrender.com/storage-proxy/gift_assets/symbols/Gold_0_8.png
Totem Bear 0.8%,https://imperator-server.onrender.com/storage-proxy/gift_assets/symbols/Totem_Bear_0_8.png
Inguz Rune 0.8%,https://imperator-server.onrender.com/storage-proxy/gift_assets/symbols/Inguz_Rune_0_8.png
Coconut 0.8%,https://imperator-server.onrender.com/storage-proxy/gift_assets/symbols/Coconut_0_8.png
Mannaz Rune 0.8%,https://imperator-server.onrender.com/storage-proxy/gift_assets/symbols/Mannaz_Rune_0_8.png
Bishop 1%,https://imperator-server.onrender.com/storage-proxy/gift_assets/symbols/Bishop_1.png
Wolf Rage 0.8%,https://imperator-server.onrender.com/storage-proxy/gift_assets/symbols/Wolf_Rage_0_8.png
Owl 0.8%,https://imperator-server.onrender.com/storage-proxy/gift_assets/symbols/Owl_0_8.png
Fenrir 1%,https://imperator-server.onrender.com/storage-proxy/gift_assets/symbols/Fenrir_1.png
Severed Hand 1%,https://imperator-server.onrender.com/storage-proxy/gift_assets/symbols/Severed_Hand_1.png
Black Widow 1%,https://imperator-server.onrender.com/storage-proxy/gift_assets/symbols/Black_Widow_1.png
Blood Drop 1.2%,https://imperator-server.onrender.com/storage-proxy/gift_assets/symbols/Blood_Drop_1_2.png
Poison Drop 1%,https://imperator-server.onrender.com/storage-proxy/gift_assets/symbols/Poison_Drop_1.png
Autumn Leaves 1.2%,https://imperator-server.onrender.com/storage-proxy/gift_assets/symbols/Autumn_Leaves_1_2.png
Coffin 1.2%,https://imperator-server.onrender.com/storage-proxy/gift_assets/symbols/Coffin_1_2.png
Evil Pumpkin 1.2%,https://imperator-server.onrender.com/storage-proxy/gift_assets/symbols/Evil_Pumpkin_1_2.png
Treats 0.8%,https://imperator-server.onrender.com/storage-proxy/gift_assets/symbols/Treats_0_8.png
Potion 0.8%,https://imperator-server.onrender.com/storage-proxy/gift_assets/symbols/Potion_0_8.png
Press Hat 0.3%,https://imperator-server.onrender.com/storage-proxy/gift_assets/symbols/Press_Hat_0_3.png
Worker Ant 0.1%,https://imperator-server.onrender.com/storage-proxy/gift_assets/symbols/Worker_Ant_0_1.png
Viper 0.3%,https://imperator-server.onrender.com/storage-proxy/gift_assets/symbols/Viper_0_3.png
Plume Shako 0.3%,https://imperator-server.onrender.com/storage-proxy/gift_assets/symbols/Plume_Shako_0_3.png
Twin Peaks 0.3%,https://imperator-server.onrender.com/storage-proxy/gift_assets/symbols/Twin_Peaks_0_3.png
Bucket Hat 0.3%,https://imperator-server.onrender.com/storage-proxy/gift_assets/symbols/Bucket_Hat_0_3.png
Jester Hat 0.3%,https://imperator-server.onrender.com/storage-proxy/gift_assets/symbols/Jester_Hat_0_3.png
Rooster 0.1%,https://imperator-server.onrender.com/storage-proxy/gift_assets/symbols/Rooster_0_1.png
Winged Helmet 0.3%,https://imperator-server.onrender.com/storage-proxy/gift_assets/symbols/Winged_Helmet_0_3.png
Bowler Hat 0.3%,https://imperator-server.onrender.com/storage-proxy/gift_assets/symbols/Bowler_Hat_0_3.png
Bascinet 0.3%,https://imperator-server.onrender.com/storage-proxy/gift_assets/symbols/Bascinet_0_3.png
Porrige 0.1%,https://imperator-server.onrender.com/storage-proxy/gift_assets/symbols/Porrige_0_1.png
Paw 0.1%,https://imperator-server.onrender.com/storage-proxy/gift_assets/symbols/Paw_0_1.png
Sparks 0.3%,https://imperator-server.onrender.com/storage-proxy/gift_assets/symbols/Sparks_0_3.png
Jellyfish 1%,https://imperator-server.onrender.com/storage-proxy/gift_assets/symbols/Jellyfish_1.png
Fedora 1%,https://imperator-server.onrender.com/storage-proxy/gift_assets/symbols/Fedora_1.png
Cavalier Hat 1%,https://imperator-server.onrender.com/storage-proxy/gift_assets/symbols/Cavalier_Hat_1.png
Silver Ibis 0.8%,https://imperator-server.onrender.com/storage-proxy/gift_assets/symbols/Silver_Ibis_0_8.png
All-Seeing Eye 1%,https://imperator-server.onrender.com/storage-proxy/gift_assets/symbols/All-Seeing_Eye_1.png
PC Mouse 1%,https://imperator-server.onrender.com/storage-proxy/gift_assets/symbols/PC_Mouse_1.png
Jörmungandr 0.8%,https://imperator-server.onrender.com/storage-proxy/gift_assets/symbols/Jo_rmungandr_0_8.png
Jewel 0.8%,https://imperator-server.onrender.com/storage-proxy/gift_assets/symbols/Jewel_0_8.png
Love Letter 1%,https://imperator-server.onrender.com/storage-proxy/gift_assets/symbols/Love_Letter_1.png
Corn 1%,https://imperator-server.onrender.com/storage-proxy/gift_assets/symbols/Corn_1.png
Twin Koi 0.8%,https://imperator-server.onrender.com/storage-proxy/gift_assets/symbols/Twin_Koi_0_8.png
Mustache 1%,https://imperator-server.onrender.com/storage-proxy/gift_assets/symbols/Mustache_1.png
Pith Helmet 0.8%,https://imperator-server.onrender.com/storage-proxy/gift_assets/symbols/Pith_Helmet_0_8.png
Tooth 1%,https://imperator-server.onrender.com/storage-proxy/gift_assets/symbols/Tooth_1.png
Onigiri 0.8%,https://imperator-server.onrender.com/storage-proxy/gift_assets/symbols/Onigiri_0_8.png
Illuminati 1%,https://imperator-server.onrender.com/storage-proxy/gift_assets/symbols/Illuminati_1.png
Tricorne 1%,https://imperator-server.onrender.com/storage-proxy/gift_assets/symbols/Tricorne_1.png
Horn 0.8%,https://imperator-server.onrender.com/storage-proxy/gift_assets/symbols/Horn_0_8.png
Koala 0.8%,https://imperator-server.onrender.com/storage-proxy/gift_assets/symbols/Koala_0_8.png
Takoyaki 1%,https://imperator-server.onrender.com/storage-proxy/gift_assets/symbols/Takoyaki_1.png
Cherry 1%,https://imperator-server.onrender.com/storage-proxy/gift_assets/symbols/Cherry_1.png
Viking Shield 0.8%,https://imperator-server.onrender.com/storage-proxy/gift_assets/symbols/Viking_Shield_0_8.png
Wontons 1%,https://imperator-server.onrender.com/storage-proxy/gift_assets/symbols/Wontons_1.png
Spades 0.8%,https://imperator-server.onrender.com/storage-proxy/gift_assets/symbols/Spades_0_8.png
Sparks 0.6%,https://imperator-server.onrender.com/storage-proxy/gift_assets/symbols/Sparks_0_6.png
Burger 1%,https://imperator-server.onrender.com/storage-proxy/gift_assets/symbols/Burger_1.png
Rudolph 0.4%,https://imperator-server.onrender.com/storage-proxy/gift_assets/symbols/Rudolph_0_4.png
Red Deer 1%,https://imperator-server.onrender.com/storage-proxy/gift_assets/symbols/Red_Deer_1.png
Bull of Heaven 0.8%,https://imperator-server.onrender.com/storage-proxy/gift_assets/symbols/Bull_of_Heaven_0_8.png
Snow Angel 0.6%,https://imperator-server.onrender.com/storage-proxy/gift_assets/symbols/Snow_Angel_0_6.png
Police Hat 1%,https://imperator-server.onrender.com/storage-proxy/gift_assets/symbols/Police_Hat_1.png
Book 0.8%,https://imperator-server.onrender.com/storage-proxy/gift_assets/symbols/Book_0_8.png
Academic Cap 1%,https://imperator-server.onrender.com/storage-proxy/gift_assets/symbols/Academic_Cap_1.png
Nordic Wolf 0.6%,https://imperator-server.onrender.com/storage-proxy/gift_assets/symbols/Nordic_Wolf_0_6.png
Flashlight 0.8%,https://imperator-server.onrender.com/storage-proxy/gift_assets/symbols/Flashlight_0_8.png
Pizza Slice 1%,https://imperator-server.onrender.com/storage-proxy/gift_assets/symbols/Pizza_Slice_1.png
Thunderbird 0.8%,https://imperator-server.onrender.com/storage-proxy/gift_assets/symbols/Thunderbird_0_8.png
Turban 1%,https://imperator-server.onrender.com/storage-proxy/gift_assets/symbols/Turban_1.png
Ornament 0.6%,https://imperator-server.onrender.com/storage-proxy/gift_assets/symbols/Ornament_0_6.png
Bottle 0.8%,https://imperator-server.onrender.com/storage-proxy/gift_assets/symbols/Bottle_0_8.png
Sailor Hat 1%,https://imperator-server.onrender.com/storage-proxy/gift_assets/symbols/Sailor_Hat_1.png
Ball 0.8%,https://imperator-server.onrender.com/storage-proxy/gift_assets/symbols/Ball_0_8.png
Peace Dove 0.8%,https://imperator-server.onrender.com/storage-proxy/gift_assets/symbols/Peace_Dove_0_8.png
Turkey 1%,https://imperator-server.onrender.com/storage-proxy/gift_assets/symbols/Turkey_1.png
Iron Helmet 1%,https://imperator-server.onrender.com/storage-proxy/gift_assets/symbols/Iron_Helmet_1.png
Flower Sun 1%,https://imperator-server.onrender.com/storage-proxy/gift_assets/symbols/Flower_Sun_1.png
Hermit Shell 1%,https://imperator-server.onrender.com/storage-proxy/gift_assets/symbols/Hermit_Shell_1.png
Cowboy Hat 0.8%,https://imperator-server.onrender.com/storage-proxy/gift_assets/symbols/Cowboy_Hat_0_8.png
Hazelnut 0.8%,https://imperator-server.onrender.com/storage-proxy/gift_assets/symbols/Hazelnut_0_8.png
Hourglass 1%,https://imperator-server.onrender.com/storage-proxy/gift_assets/symbols/Hourglass_1.png
Cookie 0.6%,https://imperator-server.onrender.com/storage-proxy/gift_assets/symbols/Cookie_0_6.png
Lion of Babylon 1%,https://imperator-server.onrender.com/storage-proxy/gift_assets/symbols/Lion_of_Babylon_1.png
Winter Hat 0.8%,https://imperator-server.onrender.com/storage-proxy/gift_assets/symbols/Winter_Hat_0_8.png
Doberman 1%,https://imperator-server.onrender.com/storage-proxy/gift_assets/symbols/Doberman_1.png
Toy Bucket 1%,https://imperator-server.onrender.com/storage-proxy/gift_assets/symbols/Toy_Bucket_1.png
Ice Skates 0.5%,https://imperator-server.onrender.com/storage-proxy/gift_assets/symbols/Ice_Skates_0_5.png
Teru Bōzu 0.8%,https://imperator-server.onrender.com/storage-proxy/gift_assets/symbols/Teru_B_zu_0_8.png
Ouroboros 0.8%,https://imperator-server.onrender.com/storage-proxy/gift_assets/symbols/Ouroboros_0_8.png
Worker Ant 0.8%,https://imperator-server.onrender.com/storage-proxy/gift_assets/symbols/Worker_Ant_0_8.png
Bowtie 0.6%,https://imperator-server.onrender.com/storage-proxy/gift_assets/symbols/Bowtie_0_6.png
Twin Peaks 1%,https://imperator-server.onrender.com/storage-proxy/gift_assets/symbols/Twin_Peaks_1.png
Santa Hat 0.6%,https://imperator-server.onrender.com/storage-proxy/gift_assets/symbols/Santa_Hat_0_6.png
Crystal 0.8%,https://imperator-server.onrender.com/storage-proxy/gift_assets/symbols/Crystal_0_8.png
Winter House 0.5%,https://imperator-server.onrender.com/storage-proxy/gift_assets/symbols/Winter_House_0_5.png
Straw Hat 1%,https://imperator-server.onrender.com/storage-proxy/gift_assets/symbols/Straw_Hat_1.png
Stocking 0.6%,https://imperator-server.onrender.com/storage-proxy/gift_assets/symbols/Stocking_0_6.png
Magic Vial 0.8%,https://imperator-server.onrender.com/storage-proxy/gift_assets/symbols/Magic_Vial_0_8.png
Telescope 1%,https://imperator-server.onrender.com/storage-proxy/gift_assets/symbols/Telescope_1.png
Gamepad 0.8%,https://imperator-server.onrender.com/storage-proxy/gift_assets/symbols/Gamepad_0_8.png
Christmas Tree 0.4%,https://imperator-server.onrender.com/storage-proxy/gift_assets/symbols/Christmas_Tree_0_4.png
Festive Wreath 0.5%,https://imperator-server.onrender.com/storage-proxy/gift_assets/symbols/Festive_Wreath_0_5.png
Mittens 0.4%,https://imperator-server.onrender.com/storage-proxy/gift_assets/symbols/Mittens_0_4.png
Snowman 0.4%,https://imperator-server.onrender.com/storage-proxy/gift_assets/symbols/Snowman_0_4.png
Handset 0.8%,https://imperator-server.onrender.com/storage-proxy/gift_assets/symbols/Handset_0_8.png
Pro Headphones 0.4%,https://imperator-server.onrender.com/storage-proxy/gift_assets/symbols/Pro_Headphones_0_4.png
Palm Trees 0.7%,https://imperator-server.onrender.com/storage-proxy/gift_assets/symbols/Palm_Trees_0_7.png
Rap Sign 0.5%,https://imperator-server.onrender.com/storage-proxy/gift_assets/symbols/Rap_Sign_0_5.png
Snoop Collar 0.5%,https://imperator-server.onrender.com/storage-proxy/gift_assets/symbols/Snoop_Collar_0_5.png
Low Rider 0.5%,https://imperator-server.onrender.com/storage-proxy/gift_assets/symbols/Low_Rider_0_5.png
Loudspeaker 0.5%,https://imperator-server.onrender.com/storage-proxy/gift_assets/symbols/Loudspeaker_0_5.png
Bong 0.7%,https://imperator-server.onrender.com/storage-proxy/gift_assets/symbols/Bong_0_7.png
Spray Paint 0.5%,https://imperator-server.onrender.com/storage-proxy/gift_assets/symbols/Spray_Paint_0_5.png
Dollar Graffiti 0.5%,https://imperator-server.onrender.com/storage-proxy/gift_assets/symbols/Dollar_Graffiti_0_5.png
Porrige 0.7%,https://imperator-server.onrender.com/storage-proxy/gift_assets/symbols/Porrige_0_7.png
Beer 0.7%,https://imperator-server.onrender.com/storage-proxy/gift_assets/symbols/Beer_0_7.png
Revolver 0.5%,https://imperator-server.onrender.com/storage-proxy/gift_assets/symbols/Revolver_0_5.png
Wise Raven 0.7%,https://imperator-server.onrender.com/storage-proxy/gift_assets/symbols/Wise_Raven_0_7.png
Hip-Hop 0.4%,https://imperator-server.onrender.com/storage-proxy/gift_assets/symbols/Hip-Hop_0_4.png
Old Candle 0.7%,https://imperator-server.onrender.com/storage-proxy/gift_assets/symbols/Old_Candle_0_7.png
Mustache 0.7%,https://imperator-server.onrender.com/storage-proxy/gift_assets/symbols/Mustache_0_7.png
Tooth 0.7%,https://imperator-server.onrender.com/storage-proxy/gift_assets/symbols/Tooth_0_7.png
Los Angeles 0.4%,https://imperator-server.onrender.com/storage-proxy/gift_assets/symbols/Los_Angeles_0_4.png
Breeze 0.7%,https://imperator-server.onrender.com/storage-proxy/gift_assets/symbols/Breeze_0_7.png
Cash Cap 0.7%,https://imperator-server.onrender.com/storage-proxy/gift_assets/symbols/Cash_Cap_0_7.png
Snoop Leaf 0.5%,https://imperator-server.onrender.com/storage-proxy/gift_assets/symbols/Snoop_Leaf_0_5.png
Rap Mic 0.5%,https://imperator-server.onrender.com/storage-proxy/gift_assets/symbols/Rap_Mic_0_5.png
Black Bandana 0.6%,https://imperator-server.onrender.com/storage-proxy/gift_assets/symbols/Black_Bandana_0_6.png
Paisley 0.7%,https://imperator-server.onrender.com/storage-proxy/gift_assets/symbols/Paisley_0_7.png
UZI 0.7%,https://imperator-server.onrender.com/storage-proxy/gift_assets/symbols/UZI_0_7.png
Yo Sign 0.5%,https://imperator-server.onrender.com/storage-proxy/gift_assets/symbols/Yo_Sign_0_5.png
Desert Eagle 0.5%,https://imperator-server.onrender.com/storage-proxy/gift_assets/symbols/Desert_Eagle_0_5.png
Headphones 0.4%,https://imperator-server.onrender.com/storage-proxy/gift_assets/symbols/Headphones_0_4.png
Westside Hand 0.5%,https://imperator-server.onrender.com/storage-proxy/gift_assets/symbols/Westside_Hand_0_5.png
Vinyl Record 0.7%,https://imperator-server.onrender.com/storage-proxy/gift_assets/symbols/Vinyl_Record_0_7.png
Swag Bandana 0.5%,https://imperator-server.onrender.com/storage-proxy/gift_assets/symbols/Swag_Bandana_0_5.png
Snoop Logo 0.4%,https://imperator-server.onrender.com/storage-proxy/gift_assets/symbols/Snoop_Logo_0_4.png
Brass Knuckles 0.4%,https://imperator-server.onrender.com/storage-proxy/gift_assets/symbols/Brass_Knuckles_0_4.png
Cash Cap 0.2%,https://imperator-server.onrender.com/storage-proxy/gift_assets/symbols/Cash_Cap_0_2.png
Cute Paw 0.2%,https://imperator-server.onrender.com/storage-proxy/gift_assets/symbols/Cute_Paw_0_2.png
Boombox 0.4%,https://imperator-server.onrender.com/storage-proxy/gift_assets/symbols/Boombox_0_4.png
Headphones 0.5%,https://imperator-server.onrender.com/storage-proxy/gift_assets/symbols/Headphones_0_5.png
Loudspeaker 0.2%,https://imperator-server.onrender.com/storage-proxy/gift_assets/symbols/Loudspeaker_0_2.png
Head Scarf 0.5%,https://imperator-server.onrender.com/storage-proxy/gift_assets/symbols/Head_Scarf_0_5.png
Beretta 0.4%,https://imperator-server.onrender.com/storage-proxy/gift_assets/symbols/Beretta_0_4.png
Paisley 0.2%,https://imperator-server.onrender.com/storage-proxy/gift_assets/symbols/Paisley_0_2.png
Blunt 0.5%,https://imperator-server.onrender.com/storage-proxy/gift_assets/symbols/Blunt_0_5.png
213 0.4%,https://imperator-server.onrender.com/storage-proxy/gift_assets/symbols/213_0_4.png
UZI 0.2%,https://imperator-server.onrender.com/storage-proxy/gift_assets/symbols/UZI_0_2.png
Snoop Logo 0.2%,https://imperator-server.onrender.com/storage-proxy/gift_assets/symbols/Snoop_Logo_0_2.png
Cone 0.1%,https://imperator-server.onrender.com/storage-proxy/gift_assets/symbols/Cone_0_1.png
Music Skull 0.5%,https://imperator-server.onrender.com/storage-proxy/gift_assets/symbols/Music_Skull_0_5.png
Low Rider 0.4%,https://imperator-server.onrender.com/storage-proxy/gift_assets/symbols/Low_Rider_0_4.png
Palm Trees 0.5%,https://imperator-server.onrender.com/storage-proxy/gift_assets/symbols/Palm_Trees_0_5.png
Eikthyrnir 1.2%,https://imperator-server.onrender.com/storage-proxy/gift_assets/symbols/Eikthyrnir_1_2.png
Candy 1.5%,https://imperator-server.onrender.com/storage-proxy/gift_assets/symbols/Candy_1_5.png
Gift Box 1.5%,https://imperator-server.onrender.com/storage-proxy/gift_assets/symbols/Gift_Box_1_5.png
Sparks 1.5%,https://imperator-server.onrender.com/storage-proxy/gift_assets/symbols/Sparks_1_5.png
Mistletoe 1.8%,https://imperator-server.onrender.com/storage-proxy/gift_assets/symbols/Mistletoe_1_8.png
Dessert 1.5%,https://imperator-server.onrender.com/storage-proxy/gift_assets/symbols/Dessert_1_5.png
Royal Turban 0.2%,https://imperator-server.onrender.com/storage-proxy/gift_assets/symbols/Royal_Turban_0_2.png
Corn 0.3%,https://imperator-server.onrender.com/storage-proxy/gift_assets/symbols/Corn_0_3.png
Lion King 0.3%,https://imperator-server.onrender.com/storage-proxy/gift_assets/symbols/Lion_King_0_3.png
Sun 0.1%,https://imperator-server.onrender.com/storage-proxy/gift_assets/symbols/Sun_0_1.png
Paw 0.3%,https://imperator-server.onrender.com/storage-proxy/gift_assets/symbols/Paw_0_3.png
Clover 0.3%,https://imperator-server.onrender.com/storage-proxy/gift_assets/symbols/Clover_0_3.png
Brain 0.1%,https://imperator-server.onrender.com/storage-proxy/gift_assets/symbols/Brain_0_1.png
Boat 0.1%,https://imperator-server.onrender.com/storage-proxy/gift_assets/symbols/Boat_0_1.png
Silver Ibis 0.7%,https://imperator-server.onrender.com/storage-proxy/gift_assets/symbols/Silver_Ibis_0_7.png
Pith Helmet 0.7%,https://imperator-server.onrender.com/storage-proxy/gift_assets/symbols/Pith_Helmet_0_7.png
Jumbo Pencil 0.7%,https://imperator-server.onrender.com/storage-proxy/gift_assets/symbols/Jumbo_Pencil_0_7.png
Bobby Helmet 0.7%,https://imperator-server.onrender.com/storage-proxy/gift_assets/symbols/Bobby_Helmet_0_7.png
Bell Pepper 0.7%,https://imperator-server.onrender.com/storage-proxy/gift_assets/symbols/Bell_Pepper_0_7.png
Black Widow 1.8%,https://imperator-server.onrender.com/storage-proxy/gift_assets/symbols/Black_Widow_1_8.png
Happy Smile 1.8%,https://imperator-server.onrender.com/storage-proxy/gift_assets/symbols/Happy_Smile_1_8.png
Illuminati 1.5%,https://imperator-server.onrender.com/storage-proxy/gift_assets/symbols/Illuminati_1_5.png
Crystal Ball 1.8%,https://imperator-server.onrender.com/storage-proxy/gift_assets/symbols/Crystal_Ball_1_8.png
Spooky Cat 1.8%,https://imperator-server.onrender.com/storage-proxy/gift_assets/symbols/Spooky_Cat_1_8.png
Night Bats 1.8%,https://imperator-server.onrender.com/storage-proxy/gift_assets/symbols/Night_Bats_1_8.png
Flying Witch 1.8%,https://imperator-server.onrender.com/storage-proxy/gift_assets/symbols/Flying_Witch_1_8.png
Ghost 1.5%,https://imperator-server.onrender.com/storage-proxy/gift_assets/symbols/Ghost_1_5.png
Human Scull 1.8%,https://imperator-server.onrender.com/storage-proxy/gift_assets/symbols/Human_Scull_1_8.png
Witch’s Hat 1.8%,https://imperator-server.onrender.com/storage-proxy/gift_assets/symbols/Witch_s_Hat_1_8.png
Jaws 1.2%,https://imperator-server.onrender.com/storage-proxy/gift_assets/symbols/Jaws_1_2.png
Gravestone 1.8%,https://imperator-server.onrender.com/storage-proxy/gift_assets/symbols/Gravestone_1_8.png
Poison Drop 1.5%,https://imperator-server.onrender.com/storage-proxy/gift_assets/symbols/Poison_Drop_1_5.png
Spider Web 1.5%,https://imperator-server.onrender.com/storage-proxy/gift_assets/symbols/Spider_Web_1_5.png
Scarecrow 1.2%,https://imperator-server.onrender.com/storage-proxy/gift_assets/symbols/Scarecrow_1_2.png
Evil Pumpkin 1.5%,https://imperator-server.onrender.com/storage-proxy/gift_assets/symbols/Evil_Pumpkin_1_5.png
Skull 1.8%,https://imperator-server.onrender.com/storage-proxy/gift_assets/symbols/Skull_1_8.png
Blood Drop 1.8%,https://imperator-server.onrender.com/storage-proxy/gift_assets/symbols/Blood_Drop_1_8.png
Half Moon 1.5%,https://imperator-server.onrender.com/storage-proxy/gift_assets/symbols/Half_Moon_1_5.png
Trinity Knot 0.1%,https://imperator-server.onrender.com/storage-proxy/gift_assets/symbols/Trinity_Knot_0_1.png
Eagle 0.1%,https://imperator-server.onrender.com/storage-proxy/gift_assets/symbols/Eagle_0_1.png
Rose 0.3%,https://imperator-server.onrender.com/storage-proxy/gift_assets/symbols/Rose_0_3.png
Okami Wolf 0.3%,https://imperator-server.onrender.com/storage-proxy/gift_assets/symbols/Okami_Wolf_0_3.png
Serpent 0.1%,https://imperator-server.onrender.com/storage-proxy/gift_assets/symbols/Serpent_0_1.png
Magic Hat 0.3%,https://imperator-server.onrender.com/storage-proxy/gift_assets/symbols/Magic_Hat_0_3.png
Silver Ibis 0.3%,https://imperator-server.onrender.com/storage-proxy/gift_assets/symbols/Silver_Ibis_0_3.png
Key 0.1%,https://imperator-server.onrender.com/storage-proxy/gift_assets/symbols/Key_0_1.png
Sauron 0.3%,https://imperator-server.onrender.com/storage-proxy/gift_assets/symbols/Sauron_0_3.png
Unicorn Head 0.1%,https://imperator-server.onrender.com/storage-proxy/gift_assets/symbols/Unicorn_Head_0_1.png
Full Moon 0.2%,https://imperator-server.onrender.com/storage-proxy/gift_assets/symbols/Full_Moon_0_2.png
Vinyl Record 0.4%,https://imperator-server.onrender.com/storage-proxy/gift_assets/symbols/Vinyl_Record_0_4.png
Snoop Logo 0.5%,https://imperator-server.onrender.com/storage-proxy/gift_assets/symbols/Snoop_Logo_0_5.png
Rap Mic 0.7%,https://imperator-server.onrender.com/storage-proxy/gift_assets/symbols/Rap_Mic_0_7.png
Desert Eagle 0.7%,https://imperator-server.onrender.com/storage-proxy/gift_assets/symbols/Desert_Eagle_0_7.png
Black Bandana 0.7%,https://imperator-server.onrender.com/storage-proxy/gift_assets/symbols/Black_Bandana_0_7.png
Winter Hat 0.7%,https://imperator-server.onrender.com/storage-proxy/gift_assets/symbols/Winter_Hat_0_7.png
Wizard Hat 0.7%,https://imperator-server.onrender.com/storage-proxy/gift_assets/symbols/Wizard_Hat_0_7.png
Westside Hand 0.7%,https://imperator-server.onrender.com/storage-proxy/gift_assets/symbols/Westside_Hand_0_7.png
Baby Bottle 0.6%,https://imperator-server.onrender.com/storage-proxy/gift_assets/symbols/Baby_Bottle_0_6.png
Panty 0.6%,https://imperator-server.onrender.com/storage-proxy/gift_assets/symbols/Panty_0_6.png
Snoop Collar 0.7%,https://imperator-server.onrender.com/storage-proxy/gift_assets/symbols/Snoop_Collar_0_7.png
Beanie 0.7%,https://imperator-server.onrender.com/storage-proxy/gift_assets/symbols/Beanie_0_7.png
Paw Print 0.7%,https://imperator-server.onrender.com/storage-proxy/gift_assets/symbols/Paw_Print_0_7.png
Cute Paw 0.7%,https://imperator-server.onrender.com/storage-proxy/gift_assets/symbols/Cute_Paw_0_7.png
Police Hat 0.6%,https://imperator-server.onrender.com/storage-proxy/gift_assets/symbols/Police_Hat_0_6.png
Pro Headphones 0.7%,https://imperator-server.onrender.com/storage-proxy/gift_assets/symbols/Pro_Headphones_0_7.png
Brass Knuckles 0.7%,https://imperator-server.onrender.com/storage-proxy/gift_assets/symbols/Brass_Knuckles_0_7.png
Bong 0.5%,https://imperator-server.onrender.com/storage-proxy/gift_assets/symbols/Bong_0_5.png
Beretta 0.7%,https://imperator-server.onrender.com/storage-proxy/gift_assets/symbols/Beretta_0_7.png
Earth 0.7%,https://imperator-server.onrender.com/storage-proxy/gift_assets/symbols/Earth_0_7.png
Hip-Hop 0.7%,https://imperator-server.onrender.com/storage-proxy/gift_assets/symbols/Hip-Hop_0_7.png
Mafdet 0.8%,https://imperator-server.onrender.com/storage-proxy/gift_assets/symbols/Mafdet_0_8.png
Crusader 1%,https://imperator-server.onrender.com/storage-proxy/gift_assets/symbols/Crusader_1.png
Gem 1%,https://imperator-server.onrender.com/storage-proxy/gift_assets/symbols/Gem_1.png
Sun Mountain 0.8%,https://imperator-server.onrender.com/storage-proxy/gift_assets/symbols/Sun_Mountain_0_8.png
Yogi Shaman 1%,https://imperator-server.onrender.com/storage-proxy/gift_assets/symbols/Yogi_Shaman_1.png
Ink Pen 1%,https://imperator-server.onrender.com/storage-proxy/gift_assets/symbols/Ink_Pen_1.png
Coin 1%,https://imperator-server.onrender.com/storage-proxy/gift_assets/symbols/Coin_1.png
Sakura 1%,https://imperator-server.onrender.com/storage-proxy/gift_assets/symbols/Sakura_1.png
Tree of Life 0.8%,https://imperator-server.onrender.com/storage-proxy/gift_assets/symbols/Tree_of_Life_0_8.png
Calm Wolf 0.8%,https://imperator-server.onrender.com/storage-proxy/gift_assets/symbols/Calm_Wolf_0_8.png
Heraldic Lily 0.3%,https://imperator-server.onrender.com/storage-proxy/gift_assets/symbols/Heraldic_Lily_0_3.png
Eggplant 0.1%,https://imperator-server.onrender.com/storage-proxy/gift_assets/symbols/Eggplant_0_1.png
Gua Pi Mao 0.3%,https://imperator-server.onrender.com/storage-proxy/gift_assets/symbols/Gua_Pi_Mao_0_3.png
Chef Hat 0.2%,https://imperator-server.onrender.com/storage-proxy/gift_assets/symbols/Chef_Hat_0_2.png
Oxen of Fire 0.3%,https://imperator-server.onrender.com/storage-proxy/gift_assets/symbols/Oxen_of_Fire_0_3.png
Beret 0.3%,https://imperator-server.onrender.com/storage-proxy/gift_assets/symbols/Beret_0_3.png
Seahorse 0.1%,https://imperator-server.onrender.com/storage-proxy/gift_assets/symbols/Seahorse_0_1.png
Doghouse 0.6%,https://imperator-server.onrender.com/storage-proxy/gift_assets/symbols/Doghouse_0_6.png
Ink Pen 0.6%,https://imperator-server.onrender.com/storage-proxy/gift_assets/symbols/Ink_Pen_0_6.png
Inguz Rune 0.6%,https://imperator-server.onrender.com/storage-proxy/gift_assets/symbols/Inguz_Rune_0_6.png
Rook 0.6%,https://imperator-server.onrender.com/storage-proxy/gift_assets/symbols/Rook_0_6.png
Lotus Flower 0.6%,https://imperator-server.onrender.com/storage-proxy/gift_assets/symbols/Lotus_Flower_0_6.png
Pineapple 0.6%,https://imperator-server.onrender.com/storage-proxy/gift_assets/symbols/Pineapple_0_6.png
Sakura Flower 0.6%,https://imperator-server.onrender.com/storage-proxy/gift_assets/symbols/Sakura_Flower_0_6.png
Hersir 0.6%,https://imperator-server.onrender.com/storage-proxy/gift_assets/symbols/Hersir_0_6.png
Sleepy Unicorn 0.6%,https://imperator-server.onrender.com/storage-proxy/gift_assets/symbols/Sleepy_Unicorn_0_6.png
Greek Sun 0.6%,https://imperator-server.onrender.com/storage-proxy/gift_assets/symbols/Greek_Sun_0_6.png
Boat 0.6%,https://imperator-server.onrender.com/storage-proxy/gift_assets/symbols/Boat_0_6.png
Garden Pot 0.6%,https://imperator-server.onrender.com/storage-proxy/gift_assets/symbols/Garden_Pot_0_6.png
Piranha 0.6%,https://imperator-server.onrender.com/storage-proxy/gift_assets/symbols/Piranha_0_6.png
Propeller Cap 0.6%,https://imperator-server.onrender.com/storage-proxy/gift_assets/symbols/Propeller_Cap_0_6.png
Bandage 0.6%,https://imperator-server.onrender.com/storage-proxy/gift_assets/symbols/Bandage_0_6.png
Greek Helmet 0.6%,https://imperator-server.onrender.com/storage-proxy/gift_assets/symbols/Greek_Helmet_0_6.png
Sea Jelly 0.6%,https://imperator-server.onrender.com/storage-proxy/gift_assets/symbols/Sea_Jelly_0_6.png
Nigiri 0.6%,https://imperator-server.onrender.com/storage-proxy/gift_assets/symbols/Nigiri_0_6.png
Bee 0.6%,https://imperator-server.onrender.com/storage-proxy/gift_assets/symbols/Bee_0_6.png
Horseshoe 0.6%,https://imperator-server.onrender.com/storage-proxy/gift_assets/symbols/Horseshoe_0_6.png
Iron Helmet 0.6%,https://imperator-server.onrender.com/storage-proxy/gift_assets/symbols/Iron_Helmet_0_6.png
Eye of Horus 0.6%,https://imperator-server.onrender.com/storage-proxy/gift_assets/symbols/Eye_of_Horus_0_6.png
Egg Basket 0.6%,https://imperator-server.onrender.com/storage-proxy/gift_assets/symbols/Egg_Basket_0_6.png
Pumpkin Coach 0.6%,https://imperator-server.onrender.com/storage-proxy/gift_assets/symbols/Pumpkin_Coach_0_6.png
Baseball Cap 0.2%,https://imperator-server.onrender.com/storage-proxy/gift_assets/symbols/Baseball_Cap_0_2.png
Conch 0.6%,https://imperator-server.onrender.com/storage-proxy/gift_assets/symbols/Conch_0_6.png
Flying Dragon 0.6%,https://imperator-server.onrender.com/storage-proxy/gift_assets/symbols/Flying_Dragon_0_6.png
Tricorne 0.6%,https://imperator-server.onrender.com/storage-proxy/gift_assets/symbols/Tricorne_0_6.png
Tsunami 0.6%,https://imperator-server.onrender.com/storage-proxy/gift_assets/symbols/Tsunami_0_6.png
Bobble Hat 0.6%,https://imperator-server.onrender.com/storage-proxy/gift_assets/symbols/Bobble_Hat_0_6.png
Takoyaki 0.6%,https://imperator-server.onrender.com/storage-proxy/gift_assets/symbols/Takoyaki_0_6.png
Porrige 0.6%,https://imperator-server.onrender.com/storage-proxy/gift_assets/symbols/Porrige_0_6.png
Spellbook 0.6%,https://imperator-server.onrender.com/storage-proxy/gift_assets/symbols/Spellbook_0_6.png
Paper Crane 0.6%,https://imperator-server.onrender.com/storage-proxy/gift_assets/symbols/Paper_Crane_0_6.png
Obon Lantern 0.3%,https://imperator-server.onrender.com/storage-proxy/gift_assets/symbols/Obon_Lantern_0_3.png
Gua Pi Mao 0.2%,https://imperator-server.onrender.com/storage-proxy/gift_assets/symbols/Gua_Pi_Mao_0_2.png
Chest 0.6%,https://imperator-server.onrender.com/storage-proxy/gift_assets/symbols/Chest_0_6.png
La Corona 0.6%,https://imperator-server.onrender.com/storage-proxy/gift_assets/symbols/La_Corona_0_6.png
Moai Head 0.6%,https://imperator-server.onrender.com/storage-proxy/gift_assets/symbols/Moai_Head_0_6.png
Sword Fight 0.6%,https://imperator-server.onrender.com/storage-proxy/gift_assets/symbols/Sword_Fight_0_6.png
Bull of Heaven 0.6%,https://imperator-server.onrender.com/storage-proxy/gift_assets/symbols/Bull_of_Heaven_0_6.png
Knight 0.6%,https://imperator-server.onrender.com/storage-proxy/gift_assets/symbols/Knight_0_6.png
Rocket 0.6%,https://imperator-server.onrender.com/storage-proxy/gift_assets/symbols/Rocket_0_6.png
Celtic Cross 0.3%,https://imperator-server.onrender.com/storage-proxy/gift_assets/symbols/Celtic_Cross_0_3.png
Viking Shield 0.6%,https://imperator-server.onrender.com/storage-proxy/gift_assets/symbols/Viking_Shield_0_6.png
Pirate Scull 0.6%,https://imperator-server.onrender.com/storage-proxy/gift_assets/symbols/Pirate_Scull_0_6.png
Magic Vial 0.6%,https://imperator-server.onrender.com/storage-proxy/gift_assets/symbols/Magic_Vial_0_6.png
Moto Helmet 0.6%,https://imperator-server.onrender.com/storage-proxy/gift_assets/symbols/Moto_Helmet_0_6.png
Jumbo Pencil 0.3%,https://imperator-server.onrender.com/storage-proxy/gift_assets/symbols/Jumbo_Pencil_0_3.png
Fedora 0.6%,https://imperator-server.onrender.com/storage-proxy/gift_assets/symbols/Fedora_0_6.png
Egg 0.6%,https://imperator-server.onrender.com/storage-proxy/gift_assets/symbols/Egg_0_6.png
Clubs 0.6%,https://imperator-server.onrender.com/storage-proxy/gift_assets/symbols/Clubs_0_6.png
Firebird 0.6%,https://imperator-server.onrender.com/storage-proxy/gift_assets/symbols/Firebird_0_6.png
Pickaxe 0.6%,https://imperator-server.onrender.com/storage-proxy/gift_assets/symbols/Pickaxe_0_6.png
Fenrir 0.6%,https://imperator-server.onrender.com/storage-proxy/gift_assets/symbols/Fenrir_0_6.png
Light Bulb 0.6%,https://imperator-server.onrender.com/storage-proxy/gift_assets/symbols/Light_Bulb_0_6.png
Pith Helmet 0.6%,https://imperator-server.onrender.com/storage-proxy/gift_assets/symbols/Pith_Helmet_0_6.png
Bonsai 0.6%,https://imperator-server.onrender.com/storage-proxy/gift_assets/symbols/Bonsai_0_6.png
Oculus 0.3%,https://imperator-server.onrender.com/storage-proxy/gift_assets/symbols/Oculus_0_3.png
Conical Hat 0.6%,https://imperator-server.onrender.com/storage-proxy/gift_assets/symbols/Conical_Hat_0_6.png
Elf Hat 0.6%,https://imperator-server.onrender.com/storage-proxy/gift_assets/symbols/Elf_Hat_0_6.png
Axe 0.6%,https://imperator-server.onrender.com/storage-proxy/gift_assets/symbols/Axe_0_6.png
Cicada 0.6%,https://imperator-server.onrender.com/storage-proxy/gift_assets/symbols/Cicada_0_6.png
Scissors 0.6%,https://imperator-server.onrender.com/storage-proxy/gift_assets/symbols/Scissors_0_6.png
Peaked Cap 0.6%,https://imperator-server.onrender.com/storage-proxy/gift_assets/symbols/Peaked_Cap_0_6.png
Spider 0.6%,https://imperator-server.onrender.com/storage-proxy/gift_assets/symbols/Spider_0_6.png
Donut 0.6%,https://imperator-server.onrender.com/storage-proxy/gift_assets/symbols/Donut_0_6.png
Horned Helm 0.6%,https://imperator-server.onrender.com/storage-proxy/gift_assets/symbols/Horned_Helm_0_6.png
Fried Egg 0.6%,https://imperator-server.onrender.com/storage-proxy/gift_assets/symbols/Fried_Egg_0_6.png
Black Cat 0.6%,https://imperator-server.onrender.com/storage-proxy/gift_assets/symbols/Black_Cat_0_6.png
Love Cherry 0.5%,https://imperator-server.onrender.com/storage-proxy/gift_assets/symbols/Love_Cherry_0_5.png
Love Bell 0.4%,https://imperator-server.onrender.com/storage-proxy/gift_assets/symbols/Love_Bell_0_4.png
Aubergine 0.2%,https://imperator-server.onrender.com/storage-proxy/gift_assets/symbols/Aubergine_0_2.png
Bouquet 0.2%,https://imperator-server.onrender.com/storage-proxy/gift_assets/symbols/Bouquet_0_2.png
Heart Donut 0.4%,https://imperator-server.onrender.com/storage-proxy/gift_assets/symbols/Heart_Donut_0_4.png
Tic-Tac-Toe 0.2%,https://imperator-server.onrender.com/storage-proxy/gift_assets/symbols/Tic-Tac-Toe_0_2.png
Party Popper 0.2%,https://imperator-server.onrender.com/storage-proxy/gift_assets/symbols/Party_Popper_0_2.png
Love Puzzle 0.2%,https://imperator-server.onrender.com/storage-proxy/gift_assets/symbols/Love_Puzzle_0_2.png
Crystal Ball 1%,https://imperator-server.onrender.com/storage-proxy/gift_assets/symbols/Crystal_Ball_1.png
Fish Skeleton 0.8%,https://imperator-server.onrender.com/storage-proxy/gift_assets/symbols/Fish_Skeleton_0_8.png
Mask 0.6%,https://imperator-server.onrender.com/storage-proxy/gift_assets/symbols/Mask_0_6.png
Half Moon 1%,https://imperator-server.onrender.com/storage-proxy/gift_assets/symbols/Half_Moon_1.png
Spider Web 0.8%,https://imperator-server.onrender.com/storage-proxy/gift_assets/symbols/Spider_Web_0_8.png
Human Scull 0.8%,https://imperator-server.onrender.com/storage-proxy/gift_assets/symbols/Human_Scull_0_8.png
Jones 2.5%,https://imperator-server.onrender.com/storage-proxy/gift_assets/symbols/Jones_2_5.png
Pantoja 2.5%,https://imperator-server.onrender.com/storage-proxy/gift_assets/symbols/Pantoja_2_5.png
Fight Glove 1.2%,https://imperator-server.onrender.com/storage-proxy/gift_assets/symbols/Fight_Glove_1_2.png
Dvalishvili 2.5%,https://imperator-server.onrender.com/storage-proxy/gift_assets/symbols/Dvalishvili_2_5.png
Speed Bag 1.5%,https://imperator-server.onrender.com/storage-proxy/gift_assets/symbols/Speed_Bag_1_5.png
Anubis 0.8%,https://imperator-server.onrender.com/storage-proxy/gift_assets/symbols/Anubis_0_8.png
Volkanovski 2.5%,https://imperator-server.onrender.com/storage-proxy/gift_assets/symbols/Volkanovski_2_5.png
Pereira 2.5%,https://imperator-server.onrender.com/storage-proxy/gift_assets/symbols/Pereira_2_5.png
Training Helmet 1.5%,https://imperator-server.onrender.com/storage-proxy/gift_assets/symbols/Training_Helmet_1_5.png
The Octagon 1.5%,https://imperator-server.onrender.com/storage-proxy/gift_assets/symbols/The_Octagon_1_5.png
O’Malley 2.5%,https://imperator-server.onrender.com/storage-proxy/gift_assets/symbols/O_Malley_2_5.png
Round Five 0.5%,https://imperator-server.onrender.com/storage-proxy/gift_assets/symbols/Round_Five_0_5.png
Sports Bag 1.2%,https://imperator-server.onrender.com/storage-proxy/gift_assets/symbols/Sports_Bag_1_2.png
UFC Belt 1.5%,https://imperator-server.onrender.com/storage-proxy/gift_assets/symbols/UFC_Belt_1_5.png
Wolf Rage 0.6%,https://imperator-server.onrender.com/storage-proxy/gift_assets/symbols/Wolf_Rage_0_6.png
Round Three 1%,https://imperator-server.onrender.com/storage-proxy/gift_assets/symbols/Round_Three_1.png
Arabian Horse 0.1%,https://imperator-server.onrender.com/storage-proxy/gift_assets/symbols/Arabian_Horse_0_1.png
Divine Falcon 0.6%,https://imperator-server.onrender.com/storage-proxy/gift_assets/symbols/Divine_Falcon_0_6.png
Adesanya 2.5%,https://imperator-server.onrender.com/storage-proxy/gift_assets/symbols/Adesanya_2_5.png
Chimaev 2.5%,https://imperator-server.onrender.com/storage-proxy/gift_assets/symbols/Chimaev_2_5.png
Topuria 2.5%,https://imperator-server.onrender.com/storage-proxy/gift_assets/symbols/Topuria_2_5.png
Round One 1.5%,https://imperator-server.onrender.com/storage-proxy/gift_assets/symbols/Round_One_1_5.png
Punching Bag 1.5%,https://imperator-server.onrender.com/storage-proxy/gift_assets/symbols/Punching_Bag_1_5.png
Royal Crown 0.6%,https://imperator-server.onrender.com/storage-proxy/gift_assets/symbols/Royal_Crown_0_6.png
Winged Helm 0.8%,https://imperator-server.onrender.com/storage-proxy/gift_assets/symbols/Winged_Helm_0_8.png
Mouthguard 1.5%,https://imperator-server.onrender.com/storage-proxy/gift_assets/symbols/Mouthguard_1_5.png
Oliveira 2.5%,https://imperator-server.onrender.com/storage-proxy/gift_assets/symbols/Oliveira_2_5.png
Aztec Falcon 0.6%,https://imperator-server.onrender.com/storage-proxy/gift_assets/symbols/Aztec_Falcon_0_6.png
Wepwawet 0.6%,https://imperator-server.onrender.com/storage-proxy/gift_assets/symbols/Wepwawet_0_6.png
Bishop 0.1%,https://imperator-server.onrender.com/storage-proxy/gift_assets/symbols/Bishop_0_1.png
Money Bag 0.6%,https://imperator-server.onrender.com/storage-proxy/gift_assets/symbols/Money_Bag_0_6.png
UFC Gloves 1.2%,https://imperator-server.onrender.com/storage-proxy/gift_assets/symbols/UFC_Gloves_1_2.png
Squeeze Bottle 1.5%,https://imperator-server.onrender.com/storage-proxy/gift_assets/symbols/Squeeze_Bottle_1_5.png
Alert Serpent 0.6%,https://imperator-server.onrender.com/storage-proxy/gift_assets/symbols/Alert_Serpent_0_6.png
Round Two 1.2%,https://imperator-server.onrender.com/storage-proxy/gift_assets/symbols/Round_Two_1_2.png
Cobra 0.6%,https://imperator-server.onrender.com/storage-proxy/gift_assets/symbols/Cobra_0_6.png
Viper 0.6%,https://imperator-server.onrender.com/storage-proxy/gift_assets/symbols/Viper_0_6.png
UFC Logo 2.5%,https://imperator-server.onrender.com/storage-proxy/gift_assets/symbols/UFC_Logo_2_5.png
Venetian Mask 0.1%,https://imperator-server.onrender.com/storage-proxy/gift_assets/symbols/Venetian_Mask_0_1.png
Round Four 0.8%,https://imperator-server.onrender.com/storage-proxy/gift_assets/symbols/Round_Four_0_8.png
Rhino Warrior 0.6%,https://imperator-server.onrender.com/storage-proxy/gift_assets/symbols/Rhino_Warrior_0_6.png
Horseshoe 0.1%,https://imperator-server.onrender.com/storage-proxy/gift_assets/symbols/Horseshoe_0_1.png
UFC Shorts 1.5%,https://imperator-server.onrender.com/storage-proxy/gift_assets/symbols/UFC_Shorts_1_5.png
Strong Arm 1.5%,https://imperator-server.onrender.com/storage-proxy/gift_assets/symbols/Strong_Arm_1_5.png
Ink Pen 0.1%,https://imperator-server.onrender.com/storage-proxy/gift_assets/symbols/Ink_Pen_0_1.png
Two Katanas 0.8%,https://imperator-server.onrender.com/storage-proxy/gift_assets/symbols/Two_Katanas_0_8.png
Anchor 0.1%,https://imperator-server.onrender.com/storage-proxy/gift_assets/symbols/Anchor_0_1.png
Imperial Lion 0.6%,https://imperator-server.onrender.com/storage-proxy/gift_assets/symbols/Imperial_Lion_0_6.png
Thor Hammer 0.6%,https://imperator-server.onrender.com/storage-proxy/gift_assets/symbols/Thor_Hammer_0_6.png
Thunderbird 0.6%,https://imperator-server.onrender.com/storage-proxy/gift_assets/symbols/Thunderbird_0_6.png
Yogi Shaman 0.1%,https://imperator-server.onrender.com/storage-proxy/gift_assets/symbols/Yogi_Shaman_0_1.png
Rook 0.1%,https://imperator-server.onrender.com/storage-proxy/gift_assets/symbols/Rook_0_1.png
Knight 0.1%,https://imperator-server.onrender.com/storage-proxy/gift_assets/symbols/Knight_0_1.png
Anthurium 0.7%,https://imperator-server.onrender.com/storage-proxy/gift_assets/symbols/Anthurium_0_7.png
Romantic Cake 0.7%,https://imperator-server.onrender.com/storage-proxy/gift_assets/symbols/Romantic_Cake_0_7.png
Winged Helmet 0.7%,https://imperator-server.onrender.com/storage-proxy/gift_assets/symbols/Winged_Helmet_0_7.png
Love Potion 0.7%,https://imperator-server.onrender.com/storage-proxy/gift_assets/symbols/Love_Potion_0_7.png
Ace Of Hearts 0.7%,https://imperator-server.onrender.com/storage-proxy/gift_assets/symbols/Ace_Of_Hearts_0_7.png
Griffon 0.6%,https://imperator-server.onrender.com/storage-proxy/gift_assets/symbols/Griffon_0_6.png
Rose Bud 0.7%,https://imperator-server.onrender.com/storage-proxy/gift_assets/symbols/Rose_Bud_0_7.png
Bellflower 0.7%,https://imperator-server.onrender.com/storage-proxy/gift_assets/symbols/Bellflower_0_7.png
Calendula 0.7%,https://imperator-server.onrender.com/storage-proxy/gift_assets/symbols/Calendula_0_7.png
Rabbit Mask 0.7%,https://imperator-server.onrender.com/storage-proxy/gift_assets/symbols/Rabbit_Mask_0_7.png
Press Hat 0.6%,https://imperator-server.onrender.com/storage-proxy/gift_assets/symbols/Press_Hat_0_6.png
Gentian 0.7%,https://imperator-server.onrender.com/storage-proxy/gift_assets/symbols/Gentian_0_7.png
Daisy 0.7%,https://imperator-server.onrender.com/storage-proxy/gift_assets/symbols/Daisy_0_7.png
Cupid 0.7%,https://imperator-server.onrender.com/storage-proxy/gift_assets/symbols/Cupid_0_7.png
Headband 0.7%,https://imperator-server.onrender.com/storage-proxy/gift_assets/symbols/Headband_0_7.png
Baseball Cap 0.6%,https://imperator-server.onrender.com/storage-proxy/gift_assets/symbols/Baseball_Cap_0_6.png
Snowdrop 0.7%,https://imperator-server.onrender.com/storage-proxy/gift_assets/symbols/Snowdrop_0_7.png
Chrysanthe 0.4%,https://imperator-server.onrender.com/storage-proxy/gift_assets/symbols/Chrysanthe_0_4.png
Heart Box 0.6%,https://imperator-server.onrender.com/storage-proxy/gift_assets/symbols/Heart_Box_0_6.png
Party Hat 0.3%,https://imperator-server.onrender.com/storage-proxy/gift_assets/symbols/Party_Hat_0_3.png
Black Cat 0.3%,https://imperator-server.onrender.com/storage-proxy/gift_assets/symbols/Black_Cat_0_3.png
Kitsune 0.3%,https://imperator-server.onrender.com/storage-proxy/gift_assets/symbols/Kitsune_0_3.png
Tamagotchi 0.3%,https://imperator-server.onrender.com/storage-proxy/gift_assets/symbols/Tamagotchi_0_3.png
Bobble Hat 0.3%,https://imperator-server.onrender.com/storage-proxy/gift_assets/symbols/Bobble_Hat_0_3.png
Beer 0.3%,https://imperator-server.onrender.com/storage-proxy/gift_assets/symbols/Beer_0_3.png
Lion of Babylon 0.3%,https://imperator-server.onrender.com/storage-proxy/gift_assets/symbols/Lion_of_Babylon_0_3.png
Leprechaun 0.3%,https://imperator-server.onrender.com/storage-proxy/gift_assets/symbols/Leprechaun_0_3.png
Cicada 0.3%,https://imperator-server.onrender.com/storage-proxy/gift_assets/symbols/Cicada_0_3.png
Ushanka 0.3%,https://imperator-server.onrender.com/storage-proxy/gift_assets/symbols/Ushanka_0_3.png
Worker Ant 0.3%,https://imperator-server.onrender.com/storage-proxy/gift_assets/symbols/Worker_Ant_0_3.png
Wise Raven 0.3%,https://imperator-server.onrender.com/storage-proxy/gift_assets/symbols/Wise_Raven_0_3.png
Cheese 0.3%,https://imperator-server.onrender.com/storage-proxy/gift_assets/symbols/Cheese_0_3.png
Moai Head 0.3%,https://imperator-server.onrender.com/storage-proxy/gift_assets/symbols/Moai_Head_0_3.png
Paw Print 0.3%,https://imperator-server.onrender.com/storage-proxy/gift_assets/symbols/Paw_Print_0_3.png
Pegasus 0.3%,https://imperator-server.onrender.com/storage-proxy/gift_assets/symbols/Pegasus_0_3.png
Hourglass 0.7%,https://imperator-server.onrender.com/storage-proxy/gift_assets/symbols/Hourglass_0_7.png
Red Deer 0.7%,https://imperator-server.onrender.com/storage-proxy/gift_assets/symbols/Red_Deer_0_7.png
Sombrero 0.7%,https://imperator-server.onrender.com/storage-proxy/gift_assets/symbols/Sombrero_0_7.png
Viking 0.7%,https://imperator-server.onrender.com/storage-proxy/gift_assets/symbols/Viking_0_7.png
Thor Hammer 0.7%,https://imperator-server.onrender.com/storage-proxy/gift_assets/symbols/Thor_Hammer_0_7.png
Kitsune 0.7%,https://imperator-server.onrender.com/storage-proxy/gift_assets/symbols/Kitsune_0_7.png
Watching Sun 0.7%,https://imperator-server.onrender.com/storage-proxy/gift_assets/symbols/Watching_Sun_0_7.png
High Heels 0.7%,https://imperator-server.onrender.com/storage-proxy/gift_assets/symbols/High_Heels_0_7.png
Wepwawet 0.7%,https://imperator-server.onrender.com/storage-proxy/gift_assets/symbols/Wepwawet_0_7.png
Crown 1%,https://imperator-server.onrender.com/storage-proxy/gift_assets/symbols/Crown_1.png
Trophy 1%,https://imperator-server.onrender.com/storage-proxy/gift_assets/symbols/Trophy_1.png
Wreath 1%,https://imperator-server.onrender.com/storage-proxy/gift_assets/symbols/Wreath_1.png
Knight 0.8%,https://imperator-server.onrender.com/storage-proxy/gift_assets/symbols/Knight_0_8.png
Cicada 1%,https://imperator-server.onrender.com/storage-proxy/gift_assets/symbols/Cicada_1.png
Sun Lion 1%,https://imperator-server.onrender.com/storage-proxy/gift_assets/symbols/Sun_Lion_1.png
Genie Lamp 1%,https://imperator-server.onrender.com/storage-proxy/gift_assets/symbols/Genie_Lamp_1.png
Moon Eagle 0.8%,https://imperator-server.onrender.com/storage-proxy/gift_assets/symbols/Moon_Eagle_0_8.png
Sailor Hat 0.6%,https://imperator-server.onrender.com/storage-proxy/gift_assets/symbols/Sailor_Hat_0_6.png
Gua Pi Mao 0.7%,https://imperator-server.onrender.com/storage-proxy/gift_assets/symbols/Gua_Pi_Mao_0_7.png
Blunt 0.4%,https://imperator-server.onrender.com/storage-proxy/gift_assets/symbols/Blunt_0_4.png
Snail 0.7%,https://imperator-server.onrender.com/storage-proxy/gift_assets/symbols/Snail_0_7.png
UZI 0.5%,https://imperator-server.onrender.com/storage-proxy/gift_assets/symbols/UZI_0_5.png
Spider Web 0.6%,https://imperator-server.onrender.com/storage-proxy/gift_assets/symbols/Spider_Web_0_6.png
Revolver 0.4%,https://imperator-server.onrender.com/storage-proxy/gift_assets/symbols/Revolver_0_4.png
Yo Sign 0.4%,https://imperator-server.onrender.com/storage-proxy/gift_assets/symbols/Yo_Sign_0_4.png
Swag Bandana 0.7%,https://imperator-server.onrender.com/storage-proxy/gift_assets/symbols/Swag_Bandana_0_7.png
213 0.7%,https://imperator-server.onrender.com/storage-proxy/gift_assets/symbols/213_0_7.png
Snoop Leaf 0.4%,https://imperator-server.onrender.com/storage-proxy/gift_assets/symbols/Snoop_Leaf_0_4.png
Daisy 0.5%,https://imperator-server.onrender.com/storage-proxy/gift_assets/symbols/Daisy_0_5.png
Handcuffs 0.7%,https://imperator-server.onrender.com/storage-proxy/gift_assets/symbols/Handcuffs_0_7.png
Heart Box 0.7%,https://imperator-server.onrender.com/storage-proxy/gift_assets/symbols/Heart_Box_0_7.png
Heart Shades 0.7%,https://imperator-server.onrender.com/storage-proxy/gift_assets/symbols/Heart_Shades_0_7.png
Patched Heart 0.7%,https://imperator-server.onrender.com/storage-proxy/gift_assets/symbols/Patched_Heart_0_7.png
Rose Blossom 0.7%,https://imperator-server.onrender.com/storage-proxy/gift_assets/symbols/Rose_Blossom_0_7.png
Orchid 0.7%,https://imperator-server.onrender.com/storage-proxy/gift_assets/symbols/Orchid_0_7.png
Guitar 0.6%,https://imperator-server.onrender.com/storage-proxy/gift_assets/symbols/Guitar_0_6.png
Lips 0.7%,https://imperator-server.onrender.com/storage-proxy/gift_assets/symbols/Lips_0_7.png
Tulip Bloom 0.4%,https://imperator-server.onrender.com/storage-proxy/gift_assets/symbols/Tulip_Bloom_0_4.png
Calla Lily 0.7%,https://imperator-server.onrender.com/storage-proxy/gift_assets/symbols/Calla_Lily_0_7.png
Blossom 0.5%,https://imperator-server.onrender.com/storage-proxy/gift_assets/symbols/Blossom_0_5.png
Cunning Fox 0.7%,https://imperator-server.onrender.com/storage-proxy/gift_assets/symbols/Cunning_Fox_0_7.png
Seahorse 0.6%,https://imperator-server.onrender.com/storage-proxy/gift_assets/symbols/Seahorse_0_6.png
Hammerhead 0.7%,https://imperator-server.onrender.com/storage-proxy/gift_assets/symbols/Hammerhead_0_7.png
Two Hearts 0.7%,https://imperator-server.onrender.com/storage-proxy/gift_assets/symbols/Two_Hearts_0_7.png
Napkins 0.7%,https://imperator-server.onrender.com/storage-proxy/gift_assets/symbols/Napkins_0_7.png
Heart Ring 0.7%,https://imperator-server.onrender.com/storage-proxy/gift_assets/symbols/Heart_Ring_0_7.png
Ice Skates 1.6%,https://imperator-server.onrender.com/storage-proxy/gift_assets/symbols/Ice_Skates_1_6.png
Fireworks 1.6%,https://imperator-server.onrender.com/storage-proxy/gift_assets/symbols/Fireworks_1_6.png
New Year’s Eve 1.6%,https://imperator-server.onrender.com/storage-proxy/gift_assets/symbols/New_Year_s_Eve_1_6.png
Star 2%,https://imperator-server.onrender.com/storage-proxy/gift_assets/symbols/Star_2.png
Festive Wreath 2.4%,https://imperator-server.onrender.com/storage-proxy/gift_assets/symbols/Festive_Wreath_2_4.png
Candy 2%,https://imperator-server.onrender.com/storage-proxy/gift_assets/symbols/Candy_2.png
Cupcake 2%,https://imperator-server.onrender.com/storage-proxy/gift_assets/symbols/Cupcake_2.png
Ice Pop 2%,https://imperator-server.onrender.com/storage-proxy/gift_assets/symbols/Ice_Pop_2.png
Bowtie 1.6%,https://imperator-server.onrender.com/storage-proxy/gift_assets/symbols/Bowtie_1_6.png
Conical Hat 0.2%,https://imperator-server.onrender.com/storage-proxy/gift_assets/symbols/Conical_Hat_0_2.png
Stocking 2.4%,https://imperator-server.onrender.com/storage-proxy/gift_assets/symbols/Stocking_2_4.png
Night Bats 1.6%,https://imperator-server.onrender.com/storage-proxy/gift_assets/symbols/Night_Bats_1_6.png
Jaws 2%,https://imperator-server.onrender.com/storage-proxy/gift_assets/symbols/Jaws_2.png
Poison Drop 2%,https://imperator-server.onrender.com/storage-proxy/gift_assets/symbols/Poison_Drop_2.png
Snow Angel 0.8%,https://imperator-server.onrender.com/storage-proxy/gift_assets/symbols/Snow_Angel_0_8.png
Festive Wreath 1%,https://imperator-server.onrender.com/storage-proxy/gift_assets/symbols/Festive_Wreath_1.png
Winter House 0.8%,https://imperator-server.onrender.com/storage-proxy/gift_assets/symbols/Winter_House_0_8.png
Fireworks 1%,https://imperator-server.onrender.com/storage-proxy/gift_assets/symbols/Fireworks_1.png
Snowman 1%,https://imperator-server.onrender.com/storage-proxy/gift_assets/symbols/Snowman_1.png
Mittens 0.8%,https://imperator-server.onrender.com/storage-proxy/gift_assets/symbols/Mittens_0_8.png
Christmas Tree 0.8%,https://imperator-server.onrender.com/storage-proxy/gift_assets/symbols/Christmas_Tree_0_8.png