model,model_image_url
Pro Gamer 2%,https://imperator-server.onrender.com/storage-proxy/gift_assets/models/Pro_Gamer_2.tgs
Game Console 2%,https://imperator-server.onrender.com/storage-proxy/gift_assets/models/Game_Console_2.tgs
Sardines 2%,https://imperator-server.onrender.com/storage-proxy/gift_assets/models/Sardines_2.tgs
Cherry Ruby 1%,https://imperator-server.onrender.com/storage-proxy/gift_assets/models/Cherry_Ruby_1.tgs
Big Cubus 2.5%,https://imperator-server.onrender.com/storage-proxy/gift_assets/models/Big_Cubus_2.tgs
Bomb Planted 1.5%,https://imperator-server.onrender.com/storage-proxy/gift_assets/models/Bomb_Planted_1.tgs
Oranges 2%,https://imperator-server.onrender.com/storage-proxy/gift_assets/models/Oranges_2.tgs
Fashion Bag 1.5%,https://imperator-server.onrender.com/storage-proxy/gift_assets/models/Fashion_Bag_1.tgs
Firestarter 2.5%,https://imperator-server.onrender.com/storage-proxy/gift_assets/models/Firestarter_2.tgs
Domino 3%,https://imperator-server.onrender.com/storage-proxy/gift_assets/models/Domino_3.tgs
Buzzy Bee 2%,https://imperator-server.onrender.com/storage-proxy/gift_assets/models/Buzzy_Bee_2.tgs
Harlequin 2.5%,https://imperator-server.onrender.com/storage-proxy/gift_assets/models/Harlequin_2.tgs
Molten Core 2%,https://imperator-server.onrender.com/storage-proxy/gift_assets/models/Molten_Core_2.tgs
Keyboard 2%,https://imperator-server.onrender.com/storage-proxy/gift_assets/models/Keyboard_2.tgs
Mimic Chest 2%,https://imperator-server.onrender.com/storage-proxy/gift_assets/models/Mimic_Chest_2.tgs
Cheesecake 1.5%,https://imperator-server.onrender.com/storage-proxy/gift_assets/models/Cheesecake_1.tgs
Toxic Ooze 2%,https://imperator-server.onrender.com/storage-proxy/gift_assets/models/Toxic_Ooze_2.tgs
Delicate Wash 2.5%,https://imperator-server.onrender.com/storage-proxy/gift_assets/models/Delicate_Wash_2.tgs
VHS Tape 2%,https://imperator-server.onrender.com/storage-proxy/gift_assets/models/VHS_Tape_2.tgs
Nuclear Waste 1.5%,https://imperator-server.onrender.com/storage-proxy/gift_assets/models/Nuclear_Waste_1.tgs
Luggage 1.5%,https://imperator-server.onrender.com/storage-proxy/gift_assets/models/Luggage_1.tgs
Grand Piano 1.5%,https://imperator-server.onrender.com/storage-proxy/gift_assets/models/Grand_Piano_1.tgs
Poker Chips 2%,https://imperator-server.onrender.com/storage-proxy/gift_assets/models/Poker_Chips_2.tgs
Emerald 1.5%,https://imperator-server.onrender.com/storage-proxy/gift_assets/models/Emerald_1.tgs
Safe Box 1.5%,https://imperator-server.onrender.com/storage-proxy/gift_assets/models/Safe_Box_1.tgs
Pyramid 1.5%,https://imperator-server.onrender.com/storage-proxy/gift_assets/models/Pyramid_1.tgs
Infinity Box 1.5%,https://imperator-server.onrender.com/storage-proxy/gift_assets/models/Infinity_Box_1.tgs
El Dorado 1%,https://imperator-server.onrender.com/storage-proxy/gift_assets/models/El_Dorado_1.tgs
Concrete 3%,https://imperator-server.onrender.com/storage-proxy/gift_assets/models/Concrete_3.tgs
Chocolate 2.5%,https://imperator-server.onrender.com/storage-proxy/gift_assets/models/Chocolate_2.tgs
TON Ledger 1.5%,https://imperator-server.onrender.com/storage-proxy/gift_assets/models/TON_Ledger_1.tgs
Chessboard 2%,https://imperator-server.onrender.com/storage-proxy/gift_assets/models/Chessboard_2.tgs
Treasure 1%,https://imperator-server.onrender.com/storage-proxy/gift_assets/models/Treasure_1.tgs
Fight Club 1.5%,https://imperator-server.onrender.com/storage-proxy/gift_assets/models/Fight_Club_1.tgs
Pearl 1%,https://imperator-server.onrender.com/storage-proxy/gift_assets/models/Pearl_1.tgs
Duck Bath 1%,https://imperator-server.onrender.com/storage-proxy/gift_assets/models/Duck_Bath_1.tgs
Escher’s Cube 1.5%,https://imperator-server.onrender.com/storage-proxy/gift_assets/models/Eschers_Cube_1.tgs
Floppa Plush 2.5%,https://imperator-server.onrender.com/storage-proxy/gift_assets/models/Floppa_Plush_2.tgs
Silver 1.5%,https://imperator-server.onrender.com/storage-proxy/gift_assets/models/Silver_1.tgs
Gemstones 1%,https://imperator-server.onrender.com/storage-proxy/gift_assets/models/Gemstones_1.tgs
Red Caviar 1.5%,https://imperator-server.onrender.com/storage-proxy/gift_assets/models/Red_Caviar_1.tgs
Cash Roll 1%,https://imperator-server.onrender.com/storage-proxy/gift_assets/models/Cash_Roll_1.tgs
Grass Block 1.5%,https://imperator-server.onrender.com/storage-proxy/gift_assets/models/Grass_Block_1.tgs
Foosball 2%,https://imperator-server.onrender.com/storage-proxy/gift_assets/models/Foosball_2.tgs
Sandstone 3%,https://imperator-server.onrender.com/storage-proxy/gift_assets/models/Sandstone_3.tgs
Art Nouveau 2%,https://imperator-server.onrender.com/storage-proxy/gift_assets/models/Art_Nouveau_2.tgs
Switch 1.5%,https://imperator-server.onrender.com/storage-proxy/gift_assets/models/Switch_1.tgs
Retro Player 2%,https://imperator-server.onrender.com/storage-proxy/gift_assets/models/Retro_Player_2.tgs
Brick 3310 1.5%,https://imperator-server.onrender.com/storage-proxy/gift_assets/models/Brick_3310_1.tgs
Fifth Element 1%,https://imperator-server.onrender.com/storage-proxy/gift_assets/models/Fifth_Element_1.tgs
USBrick 0.5%,https://imperator-server.onrender.com/storage-proxy/gift_assets/models/USBrick_0.tgs
Scorpion 1.5%,https://imperator-server.onrender.com/storage-proxy/gift_assets/models/Scorpion_1.tgs
Ice Mammoth 1.5%,https://imperator-server.onrender.com/storage-proxy/gift_assets/models/Ice_Mammoth_1.tgs
Ghost Trap 1.5%,https://imperator-server.onrender.com/storage-proxy/gift_assets/models/Ghost_Trap_1.tgs
Oriental 1%,https://imperator-server.onrender.com/storage-proxy/gift_assets/models/Oriental_1.tgs
Diamond 1%,https://imperator-server.onrender.com/storage-proxy/gift_assets/models/Diamond_1.tgs
Jewelry Box 1%,https://imperator-server.onrender.com/storage-proxy/gift_assets/models/Jewelry_Box_1.tgs
Gold Block 0.5%,https://imperator-server.onrender.com/storage-proxy/gift_assets/models/Gold_Block_0.tgs
Watermelon 2%,https://imperator-server.onrender.com/storage-proxy/gift_assets/models/Watermelon_2.tgs
Gold Bar 0.5%,https://imperator-server.onrender.com/storage-proxy/gift_assets/models/Gold_Bar_0.tgs
Moonstone 2.3%,https://imperator-server.onrender.com/storage-proxy/gift_assets/models/Moonstone_2.tgs
Sapphire 2.4%,https://imperator-server.onrender.com/storage-proxy/gift_assets/models/Sapphire_2.tgs
Eve’s Apple 0.8%,https://imperator-server.onrender.com/storage-proxy/gift_assets/models/Eves_Apple_0.tgs
Aquamarine 2.4%,https://imperator-server.onrender.com/storage-proxy/gift_assets/models/Aquamarine_2.tgs
Ruby Fuchsite 2.4%,https://imperator-server.onrender.com/storage-proxy/gift_assets/models/Ruby_Fuchsite_2.tgs
Red Ruby 2.4%,https://imperator-server.onrender.com/storage-proxy/gift_assets/models/Red_Ruby_2.tgs
Blender 1.7%,https://imperator-server.onrender.com/storage-proxy/gift_assets/models/Blender_1.tgs
Candy Flossite 2.4%,https://imperator-server.onrender.com/storage-proxy/gift_assets/models/Candy_Flossite_2.tgs
Ammolite 2.4%,https://imperator-server.onrender.com/storage-proxy/gift_assets/models/Ammolite_2.tgs
Crystal Punk 1.3%,https://imperator-server.onrender.com/storage-proxy/gift_assets/models/Crystal_Punk_1.tgs
Arctite 1.7%,https://imperator-server.onrender.com/storage-proxy/gift_assets/models/Arctite_1.tgs
Bogartite 2%,https://imperator-server.onrender.com/storage-proxy/gift_assets/models/Bogartite_2.tgs
Ivy Vine 1.7%,https://imperator-server.onrender.com/storage-proxy/gift_assets/models/Ivy_Vine_1.tgs
Elven Might 0.8%,https://imperator-server.onrender.com/storage-proxy/gift_assets/models/Elven_Might_0.tgs
Gramite 2%,https://imperator-server.onrender.com/storage-proxy/gift_assets/models/Gramite_2.tgs
Pure Silver 2%,https://imperator-server.onrender.com/storage-proxy/gift_assets/models/Pure_Silver_2.tgs
Excalibrite 1.3%,https://imperator-server.onrender.com/storage-proxy/gift_assets/models/Excalibrite_1.tgs
Nouveau Gold 2%,https://imperator-server.onrender.com/storage-proxy/gift_assets/models/Nouveau_Gold_2.tgs
Fractured 1.7%,https://imperator-server.onrender.com/storage-proxy/gift_assets/models/Fractured_1.tgs
Sunstone 2.4%,https://imperator-server.onrender.com/storage-proxy/gift_assets/models/Sunstone_2.tgs
Muffin 1.3%,https://imperator-server.onrender.com/storage-proxy/gift_assets/models/Muffin_1.tgs
Jurassic 2%,https://imperator-server.onrender.com/storage-proxy/gift_assets/models/Jurassic_2.tgs
Labradorite 2.3%,https://imperator-server.onrender.com/storage-proxy/gift_assets/models/Labradorite_2.tgs
Glowstone 2.3%,https://imperator-server.onrender.com/storage-proxy/gift_assets/models/Glowstone_2.tgs
Ocean Jasper 2.4%,https://imperator-server.onrender.com/storage-proxy/gift_assets/models/Ocean_Jasper_2.tgs
Tanzanite 2.4%,https://imperator-server.onrender.com/storage-proxy/gift_assets/models/Tanzanite_2.tgs
Uranium 2%,https://imperator-server.onrender.com/storage-proxy/gift_assets/models/Uranium_2.tgs
Premium 2%,https://imperator-server.onrender.com/storage-proxy/gift_assets/models/Premium_2.tgs
Emerald 2.4%,https://imperator-server.onrender.com/storage-proxy/gift_assets/models/Emerald_2.tgs
RGB-ite 2.3%,https://imperator-server.onrender.com/storage-proxy/gift_assets/models/RGB-ite_2.tgs
Ethereal 2.4%,https://imperator-server.onrender.com/storage-proxy/gift_assets/models/Ethereal_2.tgs
Galactite 2%,https://imperator-server.onrender.com/storage-proxy/gift_assets/models/Galactite_2.tgs
Bouquet 2.4%,https://imperator-server.onrender.com/storage-proxy/gift_assets/models/Bouquet_2.tgs
True Opal 2.3%,https://imperator-server.onrender.com/storage-proxy/gift_assets/models/True_Opal_2.tgs
Citrine 2.4%,https://imperator-server.onrender.com/storage-proxy/gift_assets/models/Citrine_2.tgs
Gold 999 2%,https://imperator-server.onrender.com/storage-proxy/gift_assets/models/Gold_999_2.tgs
Nectarite 1.3%,https://imperator-server.onrender.com/storage-proxy/gift_assets/models/Nectarite_1.tgs
Amethyst 2.4%,https://imperator-server.onrender.com/storage-proxy/gift_assets/models/Amethyst_2.tgs
Aquarium 1.3%,https://imperator-server.onrender.com/storage-proxy/gift_assets/models/Aquarium_1.tgs
Tourmaline 2.4%,https://imperator-server.onrender.com/storage-proxy/gift_assets/models/Tourmaline_2.tgs
Black Diamond 2.3%,https://imperator-server.onrender.com/storage-proxy/gift_assets/models/Black_Diamond_2.tgs
Garnet 2.4%,https://imperator-server.onrender.com/storage-proxy/gift_assets/models/Garnet_2.tgs
White Opal 2.3%,https://imperator-server.onrender.com/storage-proxy/gift_assets/models/White_Opal_2.tgs
Silver Art 2%,https://imperator-server.onrender.com/storage-proxy/gift_assets/models/Silver_Art_2.tgs
Warholite 2%,https://imperator-server.onrender.com/storage-proxy/gift_assets/models/Warholite_2.tgs
Barbed 1.7%,https://imperator-server.onrender.com/storage-proxy/gift_assets/models/Barbed_1.tgs
Moonlit 2.4%,https://imperator-server.onrender.com/storage-proxy/gift_assets/models/Moonlit_2.tgs
Spinel 2.4%,https://imperator-server.onrender.com/storage-proxy/gift_assets/models/Spinel_2.tgs
Lovestone 1.3%,https://imperator-server.onrender.com/storage-proxy/gift_assets/models/Lovestone_1.tgs
Dark Soul 0.8%,https://imperator-server.onrender.com/storage-proxy/gift_assets/models/Dark_Soul_0.tgs
Wait a Minute 0.8%,https://imperator-server.onrender.com/storage-proxy/gift_assets/models/Wait_a_Minute_0.tgs
Golden Age 1%,https://imperator-server.onrender.com/storage-proxy/gift_assets/models/Golden_Age_1.tgs
Forecast 0.8%,https://imperator-server.onrender.com/storage-proxy/gift_assets/models/Forecast_0.tgs
Midnight 1.2%,https://imperator-server.onrender.com/storage-proxy/gift_assets/models/Midnight_1.tgs
Backyard 0.6%,https://imperator-server.onrender.com/storage-proxy/gift_assets/models/Backyard_0.tgs
Bright Side 1.5%,https://imperator-server.onrender.com/storage-proxy/gift_assets/models/Bright_Side_1.tgs
Steel Strong 1%,https://imperator-server.onrender.com/storage-proxy/gift_assets/models/Steel_Strong_1.tgs
Summer Walk 1.5%,https://imperator-server.onrender.com/storage-proxy/gift_assets/models/Summer_Walk_1.tgs
Be Awesome! 1.5%,https://imperator-server.onrender.com/storage-proxy/gift_assets/models/Be_Awesome_1.tgs
Crunchy 0.4%,https://imperator-server.onrender.com/storage-proxy/gift_assets/models/Crunchy_0.tgs
Moon Wish 1.5%,https://imperator-server.onrender.com/storage-proxy/gift_assets/models/Moon_Wish_1.tgs
Twilight Beam 1.5%,https://imperator-server.onrender.com/storage-proxy/gift_assets/models/Twilight_Beam_1.tgs
Tropic Dream 1.5%,https://imperator-server.onrender.com/storage-proxy/gift_assets/models/Tropic_Dream_1.tgs
Wee Hours 1.5%,https://imperator-server.onrender.com/storage-proxy/gift_assets/models/Wee_Hours_1.tgs
Golden Hour 1.5%,https://imperator-server.onrender.com/storage-proxy/gift_assets/models/Golden_Hour_1.tgs
Happy Flame 1.2%,https://imperator-server.onrender.com/storage-proxy/gift_assets/models/Happy_Flame_1.tgs
Sparkler 0.8%,https://imperator-server.onrender.com/storage-proxy/gift_assets/models/Sparkler_0.tgs
Rainbow 1%,https://imperator-server.onrender.com/storage-proxy/gift_assets/models/Rainbow_1.tgs
Wax Glow 1.5%,https://imperator-server.onrender.com/storage-proxy/gift_assets/models/Wax_Glow_1.tgs
Crazy Frog 0.6%,https://imperator-server.onrender.com/storage-proxy/gift_assets/models/Crazy_Frog_0.tgs
Neon Lights 0.6%,https://imperator-server.onrender.com/storage-proxy/gift_assets/models/Neon_Lights_0.tgs
Pastel Spark 1.2%,https://imperator-server.onrender.com/storage-proxy/gift_assets/models/Pastel_Spark_1.tgs
Lolipop 1.2%,https://imperator-server.onrender.com/storage-proxy/gift_assets/models/Lolipop_1.tgs
Best Wishes 1.5%,https://imperator-server.onrender.com/storage-proxy/gift_assets/models/Best_Wishes_1.tgs
Festive 1.5%,https://imperator-server.onrender.com/storage-proxy/gift_assets/models/Festive_1.tgs
Anniversary 0.8%,https://imperator-server.onrender.com/storage-proxy/gift_assets/models/Anniversary_0.tgs
Juicy Ginger 1.2%,https://imperator-server.onrender.com/storage-proxy/gift_assets/models/Juicy_Ginger_1.tgs
Silver Year 1%,https://imperator-server.onrender.com/storage-proxy/gift_assets/models/Silver_Year_1.tgs
Black Ink 1%,https://imperator-server.onrender.com/storage-proxy/gift_assets/models/Black_Ink_1.tgs
Sweet Glaze 1.5%,https://imperator-server.onrender.com/storage-proxy/gift_assets/models/Sweet_Glaze_1.tgs
Wicked 1.2%,https://imperator-server.onrender.com/storage-proxy/gift_assets/models/Wicked_1.tgs
Superstar 0.8%,https://imperator-server.onrender.com/storage-proxy/gift_assets/models/Superstar_0.tgs
Glitch 0.6%,https://imperator-server.onrender.com/storage-proxy/gift_assets/models/Glitch_0.tgs
Broadway 0.6%,https://imperator-server.onrender.com/storage-proxy/gift_assets/models/Broadway_0.tgs
Winter Noon 1.5%,https://imperator-server.onrender.com/storage-proxy/gift_assets/models/Winter_Noon_1.tgs
Ice Crackle 1.5%,https://imperator-server.onrender.com/storage-proxy/gift_assets/models/Ice_Crackle_1.tgs
Choco Wax 1%,https://imperator-server.onrender.com/storage-proxy/gift_assets/models/Choco_Wax_1.tgs
Eternal Glow 1.5%,https://imperator-server.onrender.com/storage-proxy/gift_assets/models/Eternal_Glow_1.tgs
Shine Bright 1.5%,https://imperator-server.onrender.com/storage-proxy/gift_assets/models/Shine_Bright_1.tgs
Orange Mood 1.2%,https://imperator-server.onrender.com/storage-proxy/gift_assets/models/Orange_Mood_1.tgs
Spring Meadow 1.5%,https://imperator-server.onrender.com/storage-proxy/gift_assets/models/Spring_Meadow_1.tgs
Bronze Age 1%,https://imperator-server.onrender.com/storage-proxy/gift_assets/models/Bronze_Age_1.tgs
Valentine 0.6%,https://imperator-server.onrender.com/storage-proxy/gift_assets/models/Valentine_0.tgs
Pear Cocktail 1.2%,https://imperator-server.onrender.com/storage-proxy/gift_assets/models/Pear_Cocktail_1.tgs
Multicolor 1.2%,https://imperator-server.onrender.com/storage-proxy/gift_assets/models/Multicolor_1.tgs
Tropicana 1.2%,https://imperator-server.onrender.com/storage-proxy/gift_assets/models/Tropicana_1.tgs
Mouse Brunch 0.5%,https://imperator-server.onrender.com/storage-proxy/gift_assets/models/Mouse_Brunch_0.tgs
Icicle 1.5%,https://imperator-server.onrender.com/storage-proxy/gift_assets/models/Icicle_1.tgs
Peachy 1.2%,https://imperator-server.onrender.com/storage-proxy/gift_assets/models/Peachy_1.tgs
Confetti 1.5%,https://imperator-server.onrender.com/storage-proxy/gift_assets/models/Confetti_1.tgs
Cotton Candy 1.5%,https://imperator-server.onrender.com/storage-proxy/gift_assets/models/Cotton_Candy_1.tgs
Icy Pink 1.2%,https://imperator-server.onrender.com/storage-proxy/gift_assets/models/Icy_Pink_1.tgs
Purr Magic 0.5%,https://imperator-server.onrender.com/storage-proxy/gift_assets/models/Purr_Magic_0.tgs
Candy Message 1.5%,https://imperator-server.onrender.com/storage-proxy/gift_assets/models/Candy_Message_1.tgs
Stardust 1.5%,https://imperator-server.onrender.com/storage-proxy/gift_assets/models/Stardust_1.tgs
Neon Sign 0.6%,https://imperator-server.onrender.com/storage-proxy/gift_assets/models/Neon_Sign_0.tgs
Old Cartoon 1%,https://imperator-server.onrender.com/storage-proxy/gift_assets/models/Old_Cartoon_1.tgs
Fresh Mint 1.2%,https://imperator-server.onrender.com/storage-proxy/gift_assets/models/Fresh_Mint_1.tgs
Duck Attack 0.4%,https://imperator-server.onrender.com/storage-proxy/gift_assets/models/Duck_Attack_0.tgs
Bubbly 0.4%,https://imperator-server.onrender.com/storage-proxy/gift_assets/models/Bubbly_0.tgs
Citrus Candy 1.2%,https://imperator-server.onrender.com/storage-proxy/gift_assets/models/Citrus_Candy_1.tgs
Jelly Bubble 0.8%,https://imperator-server.onrender.com/storage-proxy/gift_assets/models/Jelly_Bubble_0.tgs
Princess 1.2%,https://imperator-server.onrender.com/storage-proxy/gift_assets/models/Princess_1.tgs
Forever Young 1.5%,https://imperator-server.onrender.com/storage-proxy/gift_assets/models/Forever_Young_1.tgs
Glittery Day 1.2%,https://imperator-server.onrender.com/storage-proxy/gift_assets/models/Glittery_Day_1.tgs
Pop Tart 1%,https://imperator-server.onrender.com/storage-proxy/gift_assets/models/Pop_Tart_1.tgs
You Rock! 0.6%,https://imperator-server.onrender.com/storage-proxy/gift_assets/models/You_Rock_0.tgs
Warm Wick 1.2%,https://imperator-server.onrender.com/storage-proxy/gift_assets/models/Warm_Wick_1.tgs
Tender Flame 1.2%,https://imperator-server.onrender.com/storage-proxy/gift_assets/models/Tender_Flame_1.tgs
Firecracker 0.6%,https://imperator-server.onrender.com/storage-proxy/gift_assets/models/Firecracker_0.tgs
Jelly Desert 0.8%,https://imperator-server.onrender.com/storage-proxy/gift_assets/models/Jelly_Desert_0.tgs
Donut Cream 0.8%,https://imperator-server.onrender.com/storage-proxy/gift_assets/models/Donut_Cream_0.tgs
Magic Powers 1.2%,https://imperator-server.onrender.com/storage-proxy/gift_assets/models/Magic_Powers_1.tgs
Payday 0.4%,https://imperator-server.onrender.com/storage-proxy/gift_assets/models/Payday_0.tgs
Blue Caramel 1.2%,https://imperator-server.onrender.com/storage-proxy/gift_assets/models/Blue_Caramel_1.tgs
Shine On 1%,https://imperator-server.onrender.com/storage-proxy/gift_assets/models/Shine_On_1.tgs
Dream Big 1.2%,https://imperator-server.onrender.com/storage-proxy/gift_assets/models/Dream_Big_1.tgs
Pinky Dream 1.2%,https://imperator-server.onrender.com/storage-proxy/gift_assets/models/Pinky_Dream_1.tgs
Sugar Party 1.5%,https://imperator-server.onrender.com/storage-proxy/gift_assets/models/Sugar_Party_1.tgs
Final Boss 0.2%,https://imperator-server.onrender.com/storage-proxy/gift_assets/models/Final_Boss_0.tgs
Eggcellent 0.4%,https://imperator-server.onrender.com/storage-proxy/gift_assets/models/Eggcellent_0.tgs
Cheers 1.5%,https://imperator-server.onrender.com/storage-proxy/gift_assets/models/Cheers_1.tgs
Starry Night 1.2%,https://imperator-server.onrender.com/storage-proxy/gift_assets/models/Starry_Night_1.tgs
Stay Cool 0.6%,https://imperator-server.onrender.com/storage-proxy/gift_assets/models/Stay_Cool_0.tgs
Red Ribbon 0.6%,https://imperator-server.onrender.com/storage-proxy/gift_assets/models/Red_Ribbon_0.tgs
Happy Meows 0.5%,https://imperator-server.onrender.com/storage-proxy/gift_assets/models/Happy_Meows_0.tgs
Rose Mint 1.2%,https://imperator-server.onrender.com/storage-proxy/gift_assets/models/Rose_Mint_1.tgs
Pop Art 1%,https://imperator-server.onrender.com/storage-proxy/gift_assets/models/Pop_Art_1.tgs
Cherrific 0.4%,https://imperator-server.onrender.com/storage-proxy/gift_assets/models/Cherrific_0.tgs
Poltergeist 1%,https://imperator-server.onrender.com/storage-proxy/gift_assets/models/Poltergeist_1.tgs
Jage Crystal 1.2%,https://imperator-server.onrender.com/storage-proxy/gift_assets/models/Jage_Crystal_1.tgs
Party Hard 0.6%,https://imperator-server.onrender.com/storage-proxy/gift_assets/models/Party_Hard_0.tgs
Shocker 0.2%,https://imperator-server.onrender.com/storage-proxy/gift_assets/models/Shocker_0.tgs
Small Gifts 0.4%,https://imperator-server.onrender.com/storage-proxy/gift_assets/models/Small_Gifts_0.tgs
Festive Day 0.8%,https://imperator-server.onrender.com/storage-proxy/gift_assets/models/Festive_Day_0.tgs
Winter Fun 0.4%,https://imperator-server.onrender.com/storage-proxy/gift_assets/models/Winter_Fun_0.tgs
On Fire 0.2%,https://imperator-server.onrender.com/storage-proxy/gift_assets/models/On_Fire_0.tgs
Melted Butter 0.4%,https://imperator-server.onrender.com/storage-proxy/gift_assets/models/Melted_Butter_0.tgs
Pixel Wish 0.2%,https://imperator-server.onrender.com/storage-proxy/gift_assets/models/Pixel_Wish_0.tgs
White Cocoa 2%,https://imperator-server.onrender.com/storage-proxy/gift_assets/models/White_Cocoa_2.tgs
Natural 1%,https://imperator-server.onrender.com/storage-proxy/gift_assets/models/Natural_1.tgs
Alpha 1.5%,https://imperator-server.onrender.com/storage-proxy/gift_assets/models/Alpha_1.tgs
Baubles 2%,https://imperator-server.onrender.com/storage-proxy/gift_assets/models/Baubles_2.tgs
Atmosphere 1.5%,https://imperator-server.onrender.com/storage-proxy/gift_assets/models/Atmosphere_1.tgs
Frosty Icing 1.5%,https://imperator-server.onrender.com/storage-proxy/gift_assets/models/Frosty_Icing_1.tgs
Pointilism 2%,https://imperator-server.onrender.com/storage-proxy/gift_assets/models/Pointilism_2.tgs
Zomberry 1%,https://imperator-server.onrender.com/storage-proxy/gift_assets/models/Zomberry_1.tgs
Rawberry 1.5%,https://imperator-server.onrender.com/storage-proxy/gift_assets/models/Rawberry_1.tgs
Sweet Game 1.5%,https://imperator-server.onrender.com/storage-proxy/gift_assets/models/Sweet_Game_1.tgs
Paparazzi 2%,https://imperator-server.onrender.com/storage-proxy/gift_assets/models/Paparazzi_2.tgs
Infrared 1%,https://imperator-server.onrender.com/storage-proxy/gift_assets/models/Infrared_1.tgs
RGBerry 2%,https://imperator-server.onrender.com/storage-proxy/gift_assets/models/RGBerry_2.tgs
Eiffel 95 2%,https://imperator-server.onrender.com/storage-proxy/gift_assets/models/Eiffel_95_2.tgs
Magenta 2%,https://imperator-server.onrender.com/storage-proxy/gift_assets/models/Magenta_2.tgs
Manga 2%,https://imperator-server.onrender.com/storage-proxy/gift_assets/models/Manga_2.tgs
Golden Dip 2%,https://imperator-server.onrender.com/storage-proxy/gift_assets/models/Golden_Dip_2.tgs
Nature Box 1%,https://imperator-server.onrender.com/storage-proxy/gift_assets/models/Nature_Box_1.tgs
Wedded 1%,https://imperator-server.onrender.com/storage-proxy/gift_assets/models/Wedded_1.tgs
Kawaii 1%,https://imperator-server.onrender.com/storage-proxy/gift_assets/models/Kawaii_1.tgs
Comic Book 1.5%,https://imperator-server.onrender.com/storage-proxy/gift_assets/models/Comic_Book_1.tgs
Anatomy 1.5%,https://imperator-server.onrender.com/storage-proxy/gift_assets/models/Anatomy_1.tgs
Rarity 2%,https://imperator-server.onrender.com/storage-proxy/gift_assets/models/Rarity_2.tgs
Milky Cows 1.5%,https://imperator-server.onrender.com/storage-proxy/gift_assets/models/Milky_Cows_1.tgs
Luxury 2%,https://imperator-server.onrender.com/storage-proxy/gift_assets/models/Luxury_2.tgs
Purple Ribbon 2%,https://imperator-server.onrender.com/storage-proxy/gift_assets/models/Purple_Ribbon_2.tgs
Foraged 2%,https://imperator-server.onrender.com/storage-proxy/gift_assets/models/Foraged_2.tgs
Rose Gold 1.5%,https://imperator-server.onrender.com/storage-proxy/gift_assets/models/Rose_Gold_1.tgs
Glimglam 1.5%,https://imperator-server.onrender.com/storage-proxy/gift_assets/models/Glimglam_1.tgs
Lovestorm 1%,https://imperator-server.onrender.com/storage-proxy/gift_assets/models/Lovestorm_1.tgs
Megabite 0.5%,https://imperator-server.onrender.com/storage-proxy/gift_assets/models/Megabite_0.tgs
Unicorns 1.5%,https://imperator-server.onrender.com/storage-proxy/gift_assets/models/Unicorns_1.tgs
Gryffindor 1.5%,https://imperator-server.onrender.com/storage-proxy/gift_assets/models/Gryffindor_1.tgs
Iridescent 2%,https://imperator-server.onrender.com/storage-proxy/gift_assets/models/Iridescent_2.tgs
Ribbons 2%,https://imperator-server.onrender.com/storage-proxy/gift_assets/models/Ribbons_2.tgs
Teeth Crush 1.5%,https://imperator-server.onrender.com/storage-proxy/gift_assets/models/Teeth_Crush_1.tgs
Sketchy 1%,https://imperator-server.onrender.com/storage-proxy/gift_assets/models/Sketchy_1.tgs
Harlequin 1%,https://imperator-server.onrender.com/storage-proxy/gift_assets/models/Harlequin_1.tgs
Ice Diamond 1.5%,https://imperator-server.onrender.com/storage-proxy/gift_assets/models/Ice_Diamond_1.tgs
Berrific 0.5%,https://imperator-server.onrender.com/storage-proxy/gift_assets/models/Berrific_0.tgs
Sine Wave 1.5%,https://imperator-server.onrender.com/storage-proxy/gift_assets/models/Sine_Wave_1.tgs
Refraction 2%,https://imperator-server.onrender.com/storage-proxy/gift_assets/models/Refraction_2.tgs
Lemon Lime 1.5%,https://imperator-server.onrender.com/storage-proxy/gift_assets/models/Lemon_Lime_1.tgs
Valentine 2%,https://imperator-server.onrender.com/storage-proxy/gift_assets/models/Valentine_2.tgs
Art Project 1%,https://imperator-server.onrender.com/storage-proxy/gift_assets/models/Art_Project_1.tgs
Canis Major 1%,https://imperator-server.onrender.com/storage-proxy/gift_assets/models/Canis_Major_1.tgs
Fresh 2%,https://imperator-server.onrender.com/storage-proxy/gift_assets/models/Fresh_2.tgs
Extra Berry 1.5%,https://imperator-server.onrender.com/storage-proxy/gift_assets/models/Extra_Berry_1.tgs
Chillberry 2%,https://imperator-server.onrender.com/storage-proxy/gift_assets/models/Chillberry_2.tgs
Berryllium 1%,https://imperator-server.onrender.com/storage-proxy/gift_assets/models/Berryllium_1.tgs
Cupid 1.5%,https://imperator-server.onrender.com/storage-proxy/gift_assets/models/Cupid_1.tgs
Martian 1.5%,https://imperator-server.onrender.com/storage-proxy/gift_assets/models/Martian_1.tgs
Sweet Kiss 0.5%,https://imperator-server.onrender.com/storage-proxy/gift_assets/models/Sweet_Kiss_0.tgs
High Voltage 1%,https://imperator-server.onrender.com/storage-proxy/gift_assets/models/High_Voltage_1.tgs
Bumberries 0.5%,https://imperator-server.onrender.com/storage-proxy/gift_assets/models/Bumberries_0.tgs
Bowtied 1.5%,https://imperator-server.onrender.com/storage-proxy/gift_assets/models/Bowtied_1.tgs
Tuxedo 1.5%,https://imperator-server.onrender.com/storage-proxy/gift_assets/models/Tuxedo_1.tgs
Mood Ring 1%,https://imperator-server.onrender.com/storage-proxy/gift_assets/models/Mood_Ring_1.tgs
Clarity 1.5%,https://imperator-server.onrender.com/storage-proxy/gift_assets/models/Clarity_1.tgs
Lovely Bites 1%,https://imperator-server.onrender.com/storage-proxy/gift_assets/models/Lovely_Bites_1.tgs
Sweet Star 2%,https://imperator-server.onrender.com/storage-proxy/gift_assets/models/Sweet_Star_2.tgs
Lovey Dovey 1.5%,https://imperator-server.onrender.com/storage-proxy/gift_assets/models/Lovey_Dovey_1.tgs
Glitchberry 1%,https://imperator-server.onrender.com/storage-proxy/gift_assets/models/Glitchberry_1.tgs
Strobe 1%,https://imperator-server.onrender.com/storage-proxy/gift_assets/models/Strobe_1.tgs
Noir 1%,https://imperator-server.onrender.com/storage-proxy/gift_assets/models/Noir_1.tgs
Anniversary 1%,https://imperator-server.onrender.com/storage-proxy/gift_assets/models/Anniversary_1.tgs
Spring 1%,https://imperator-server.onrender.com/storage-proxy/gift_assets/models/Spring_1.tgs
Lady Bites 0.5%,https://imperator-server.onrender.com/storage-proxy/gift_assets/models/Lady_Bites_0.tgs
Starberry 1.5%,https://imperator-server.onrender.com/storage-proxy/gift_assets/models/Starberry_1.tgs
Emo Music 2.9%,https://imperator-server.onrender.com/storage-proxy/gift_assets/models/Emo_Music_2.tgs
A New Hope 1.8%,https://imperator-server.onrender.com/storage-proxy/gift_assets/models/A_New_Hope_1.tgs
War and Peace 1.8%,https://imperator-server.onrender.com/storage-proxy/gift_assets/models/War_and_Peace_1.tgs
Pokeball 2.9%,https://imperator-server.onrender.com/storage-proxy/gift_assets/models/Pokeball_2.tgs
Nostradamus 2.3%,https://imperator-server.onrender.com/storage-proxy/gift_assets/models/Nostradamus_2.tgs
Einstein 1.8%,https://imperator-server.onrender.com/storage-proxy/gift_assets/models/Einstein_1.tgs
Cheshire Cat 0.6%,https://imperator-server.onrender.com/storage-proxy/gift_assets/models/Cheshire_Cat_0.tgs
Columbus 2.3%,https://imperator-server.onrender.com/storage-proxy/gift_assets/models/Columbus_2.tgs
Industrial 2.3%,https://imperator-server.onrender.com/storage-proxy/gift_assets/models/Industrial_2.tgs
Steve Jobs 2.3%,https://imperator-server.onrender.com/storage-proxy/gift_assets/models/Steve_Jobs_2.tgs
Bitcoin 2.9%,https://imperator-server.onrender.com/storage-proxy/gift_assets/models/Bitcoin_2.tgs
Mauveine 1.8%,https://imperator-server.onrender.com/storage-proxy/gift_assets/models/Mauveine_1.tgs
Christmas Carol 2.3%,https://imperator-server.onrender.com/storage-proxy/gift_assets/models/Christmas_Carol_2.tgs
Creator 0.5%,https://imperator-server.onrender.com/storage-proxy/gift_assets/models/Creator_0.tgs
Frankenstein 2.3%,https://imperator-server.onrender.com/storage-proxy/gift_assets/models/Frankenstein_2.tgs
AC/DC 1.8%,https://imperator-server.onrender.com/storage-proxy/gift_assets/models/ACDC_1.tgs
Pavel Durov 2.3%,https://imperator-server.onrender.com/storage-proxy/gift_assets/models/Pavel_Durov_2.tgs
Covid-19 1.8%,https://imperator-server.onrender.com/storage-proxy/gift_assets/models/Covid-19_1.tgs
Zombie Film 1.2%,https://imperator-server.onrender.com/storage-proxy/gift_assets/models/Zombie_Film_1.tgs
Qing Dynasty 1.8%,https://imperator-server.onrender.com/storage-proxy/gift_assets/models/Qing_Dynasty_1.tgs
2048 2.9%,https://imperator-server.onrender.com/storage-proxy/gift_assets/models/2048_2.tgs
Original Cola 1.2%,https://imperator-server.onrender.com/storage-proxy/gift_assets/models/Original_Cola_1.tgs
Van Gogh 1.8%,https://imperator-server.onrender.com/storage-proxy/gift_assets/models/Van_Gogh_1.tgs
Matrix 2.9%,https://imperator-server.onrender.com/storage-proxy/gift_assets/models/Matrix_2.tgs
Periodic Table 2.3%,https://imperator-server.onrender.com/storage-proxy/gift_assets/models/Periodic_Table_2.tgs
First Website 1.8%,https://imperator-server.onrender.com/storage-proxy/gift_assets/models/First_Website_1.tgs
Balloons 0.6%,https://imperator-server.onrender.com/storage-proxy/gift_assets/models/Balloons_0.tgs
Gold Mine 0.5%,https://imperator-server.onrender.com/storage-proxy/gift_assets/models/Gold_Mine_0.tgs
Walking Dead 2.9%,https://imperator-server.onrender.com/storage-proxy/gift_assets/models/Walking_Dead_2.tgs
Wizard Boy 2.3%,https://imperator-server.onrender.com/storage-proxy/gift_assets/models/Wizard_Boy_2.tgs
Cyberpunk 2.9%,https://imperator-server.onrender.com/storage-proxy/gift_assets/models/Cyberpunk_2.tgs
Big Brother 1.8%,https://imperator-server.onrender.com/storage-proxy/gift_assets/models/Big_Brother_1.tgs
Night Bat 2.3%,https://imperator-server.onrender.com/storage-proxy/gift_assets/models/Night_Bat_2.tgs
Nuclein 2.3%,https://imperator-server.onrender.com/storage-proxy/gift_assets/models/Nuclein_2.tgs
Da Vinci 1.8%,https://imperator-server.onrender.com/storage-proxy/gift_assets/models/Da_Vinci_1.tgs
Jelly Year 0.5%,https://imperator-server.onrender.com/storage-proxy/gift_assets/models/Jelly_Year_0.tgs
Picasso 2.3%,https://imperator-server.onrender.com/storage-proxy/gift_assets/models/Picasso_2.tgs
Toon Family 1.2%,https://imperator-server.onrender.com/storage-proxy/gift_assets/models/Toon_Family_1.tgs
First Flight 1.8%,https://imperator-server.onrender.com/storage-proxy/gift_assets/models/First_Flight_1.tgs
Sputnik-1 1.2%,https://imperator-server.onrender.com/storage-proxy/gift_assets/models/Sputnik-1_1.tgs
Frida Kahlo 1.2%,https://imperator-server.onrender.com/storage-proxy/gift_assets/models/Frida_Kahlo_1.tgs
Fallout 2.3%,https://imperator-server.onrender.com/storage-proxy/gift_assets/models/Fallout_2.tgs
Salvador Dali 1.8%,https://imperator-server.onrender.com/storage-proxy/gift_assets/models/Salvador_Dali_1.tgs
Telegram 1.2%,https://imperator-server.onrender.com/storage-proxy/gift_assets/models/Telegram_1.tgs
Retrowave 2.9%,https://imperator-server.onrender.com/storage-proxy/gift_assets/models/Retrowave_2.tgs
Spider Sense 2.3%,https://imperator-server.onrender.com/storage-proxy/gift_assets/models/Spider_Sense_2.tgs
King of Pop 0.6%,https://imperator-server.onrender.com/storage-proxy/gift_assets/models/King_of_Pop_0.tgs
Bikini Bottom 2.3%,https://imperator-server.onrender.com/storage-proxy/gift_assets/models/Bikini_Bottom_2.tgs
Freddy 2.9%,https://imperator-server.onrender.com/storage-proxy/gift_assets/models/Freddy_2.tgs
YouTubes 2.1%,https://imperator-server.onrender.com/storage-proxy/gift_assets/models/YouTubes_2.tgs
The Nether 0.5%,https://imperator-server.onrender.com/storage-proxy/gift_assets/models/The_Nether_0.tgs
The Hobbit 0.6%,https://imperator-server.onrender.com/storage-proxy/gift_assets/models/The_Hobbit_0.tgs
Sir Chaplin 0.6%,https://imperator-server.onrender.com/storage-proxy/gift_assets/models/Sir_Chaplin_0.tgs
Game Boy 0.5%,https://imperator-server.onrender.com/storage-proxy/gift_assets/models/Game_Boy_0.tgs
Sherlock 1.2%,https://imperator-server.onrender.com/storage-proxy/gift_assets/models/Sherlock_1.tgs
Clown 2%,https://imperator-server.onrender.com/storage-proxy/gift_assets/models/Clown_2.tgs
Violetta 3%,https://imperator-server.onrender.com/storage-proxy/gift_assets/models/Violetta_3.tgs
Shiny Armor 2.5%,https://imperator-server.onrender.com/storage-proxy/gift_assets/models/Shiny_Armor_2.tgs
Biscuit 2%,https://imperator-server.onrender.com/storage-proxy/gift_assets/models/Biscuit_2.tgs
Ice Pop 3%,https://imperator-server.onrender.com/storage-proxy/gift_assets/models/Ice_Pop_3.tgs
Abyss Binky 2.5%,https://imperator-server.onrender.com/storage-proxy/gift_assets/models/Abyss_Binky_2.tgs
Star Fighter 0.5%,https://imperator-server.onrender.com/storage-proxy/gift_assets/models/Star_Fighter_0.tgs
Toxic Slime 2.5%,https://imperator-server.onrender.com/storage-proxy/gift_assets/models/Toxic_Slime_2.tgs
Marmalade 3%,https://imperator-server.onrender.com/storage-proxy/gift_assets/models/Marmalade_3.tgs
Crystal Wings 2.5%,https://imperator-server.onrender.com/storage-proxy/gift_assets/models/Crystal_Wings_2.tgs
Gem Seeker 3%,https://imperator-server.onrender.com/storage-proxy/gift_assets/models/Gem_Seeker_3.tgs
Illuminati 3%,https://imperator-server.onrender.com/storage-proxy/gift_assets/models/Illuminati_3.tgs
Bullet 3%,https://imperator-server.onrender.com/storage-proxy/gift_assets/models/Bullet_3.tgs
Black Metal 2%,https://imperator-server.onrender.com/storage-proxy/gift_assets/models/Black_Metal_2.tgs
Crystal Sky 2.5%,https://imperator-server.onrender.com/storage-proxy/gift_assets/models/Crystal_Sky_2.tgs
Cthulhu 2%,https://imperator-server.onrender.com/storage-proxy/gift_assets/models/Cthulhu_2.tgs
Baby Lou 2%,https://imperator-server.onrender.com/storage-proxy/gift_assets/models/Baby_Lou_2.tgs
Soccer 2%,https://imperator-server.onrender.com/storage-proxy/gift_assets/models/Soccer_2.tgs
Rancho 2.5%,https://imperator-server.onrender.com/storage-proxy/gift_assets/models/Rancho_2.tgs
Royal Heir 3%,https://imperator-server.onrender.com/storage-proxy/gift_assets/models/Royal_Heir_3.tgs
Victorian 1.5%,https://imperator-server.onrender.com/storage-proxy/gift_assets/models/Victorian_1.tgs
Ice Queen 1.5%,https://imperator-server.onrender.com/storage-proxy/gift_assets/models/Ice_Queen_1.tgs
Regent 3%,https://imperator-server.onrender.com/storage-proxy/gift_assets/models/Regent_3.tgs
Bloodsucker 3%,https://imperator-server.onrender.com/storage-proxy/gift_assets/models/Bloodsucker_3.tgs
Brass Knuckles 2.5%,https://imperator-server.onrender.com/storage-proxy/gift_assets/models/Brass_Knuckles_2.tgs
Silver Spoon 1%,https://imperator-server.onrender.com/storage-proxy/gift_assets/models/Silver_Spoon_1.tgs
Night Bat 1%,https://imperator-server.onrender.com/storage-proxy/gift_assets/models/Night_Bat_1.tgs
Irish Kiss 3%,https://imperator-server.onrender.com/storage-proxy/gift_assets/models/Irish_Kiss_3.tgs
Light Bulb 2%,https://imperator-server.onrender.com/storage-proxy/gift_assets/models/Light_Bulb_2.tgs
Poison Apple 1.5%,https://imperator-server.onrender.com/storage-proxy/gift_assets/models/Poison_Apple_1.tgs
Red Bull 2.5%,https://imperator-server.onrender.com/storage-proxy/gift_assets/models/Red_Bull_2.tgs
Shellfish 3%,https://imperator-server.onrender.com/storage-proxy/gift_assets/models/Shellfish_3.tgs
Cubic 2%,https://imperator-server.onrender.com/storage-proxy/gift_assets/models/Cubic_2.tgs
Void Watcher 2%,https://imperator-server.onrender.com/storage-proxy/gift_assets/models/Void_Watcher_2.tgs
Event Horizon 2%,https://imperator-server.onrender.com/storage-proxy/gift_assets/models/Event_Horizon_2.tgs
Christmas 2%,https://imperator-server.onrender.com/storage-proxy/gift_assets/models/Christmas_2.tgs
The Ankh 2%,https://imperator-server.onrender.com/storage-proxy/gift_assets/models/The_Ankh_2.tgs
Tribal Skull 1%,https://imperator-server.onrender.com/storage-proxy/gift_assets/models/Tribal_Skull_1.tgs
Metal Chain 2%,https://imperator-server.onrender.com/storage-proxy/gift_assets/models/Metal_Chain_2.tgs
Danger Bot 2%,https://imperator-server.onrender.com/storage-proxy/gift_assets/models/Danger_Bot_2.tgs
Grizzly Bear 1.5%,https://imperator-server.onrender.com/storage-proxy/gift_assets/models/Grizzly_Bear_1.tgs
Cupid Ruby 1.5%,https://imperator-server.onrender.com/storage-proxy/gift_assets/models/Cupid_Ruby_1.tgs
First Ax 2%,https://imperator-server.onrender.com/storage-proxy/gift_assets/models/First_Ax_2.tgs
Water Lily 1%,https://imperator-server.onrender.com/storage-proxy/gift_assets/models/Water_Lily_1.tgs
Leopard 1%,https://imperator-server.onrender.com/storage-proxy/gift_assets/models/Leopard_1.tgs
Adult Toy 1%,https://imperator-server.onrender.com/storage-proxy/gift_assets/models/Adult_Toy_1.tgs
Peach Flower 1%,https://imperator-server.onrender.com/storage-proxy/gift_assets/models/Peach_Flower_1.tgs
Monarch 0.5%,https://imperator-server.onrender.com/storage-proxy/gift_assets/models/Monarch_0.tgs
Red Lipstick 0.5%,https://imperator-server.onrender.com/storage-proxy/gift_assets/models/Red_Lipstick_0.tgs
Lime Factory 3.5%,https://imperator-server.onrender.com/storage-proxy/gift_assets/models/Lime_Factory_3.tgs
Ring of Roots 0.3%,https://imperator-server.onrender.com/storage-proxy/gift_assets/models/Ring_of_Roots_0.tgs
Hamster Wheel 1.8%,https://imperator-server.onrender.com/storage-proxy/gift_assets/models/Hamster_Wheel_1.tgs
Magic Runes 2.1%,https://imperator-server.onrender.com/storage-proxy/gift_assets/models/Magic_Runes_2.tgs
Cat Bed 1.8%,https://imperator-server.onrender.com/storage-proxy/gift_assets/models/Cat_Bed_1.tgs
Hot Wheel 1.8%,https://imperator-server.onrender.com/storage-proxy/gift_assets/models/Hot_Wheel_1.tgs
Bloody Mary 3.5%,https://imperator-server.onrender.com/storage-proxy/gift_assets/models/Bloody_Mary_3.tgs
Eclipse 2.1%,https://imperator-server.onrender.com/storage-proxy/gift_assets/models/Eclipse_2.tgs
Moon Dust 1.2%,https://imperator-server.onrender.com/storage-proxy/gift_assets/models/Moon_Dust_1.tgs
Froge Ring 1.8%,https://imperator-server.onrender.com/storage-proxy/gift_assets/models/Froge_Ring_1.tgs
Soap Bubbles 1.8%,https://imperator-server.onrender.com/storage-proxy/gift_assets/models/Soap_Bubbles_1.tgs
Leopard 3.5%,https://imperator-server.onrender.com/storage-proxy/gift_assets/models/Leopard_3.tgs
Yin Yang 3.5%,https://imperator-server.onrender.com/storage-proxy/gift_assets/models/Yin_Yang_3.tgs
Duckling 1.8%,https://imperator-server.onrender.com/storage-proxy/gift_assets/models/Duckling_1.tgs
Astro Silver 2.1%,https://imperator-server.onrender.com/storage-proxy/gift_assets/models/Astro_Silver_2.tgs
Spectrum 3.5%,https://imperator-server.onrender.com/storage-proxy/gift_assets/models/Spectrum_3.tgs
Frostband 3.5%,https://imperator-server.onrender.com/storage-proxy/gift_assets/models/Frostband_3.tgs
Neo Matrix 0.8%,https://imperator-server.onrender.com/storage-proxy/gift_assets/models/Neo_Matrix_0.tgs
Ironwood 2.1%,https://imperator-server.onrender.com/storage-proxy/gift_assets/models/Ironwood_2.tgs
Fireball 1.2%,https://imperator-server.onrender.com/storage-proxy/gift_assets/models/Fireball_1.tgs
Atomic Core 2.1%,https://imperator-server.onrender.com/storage-proxy/gift_assets/models/Atomic_Core_2.tgs
Black Hole 3.5%,https://imperator-server.onrender.com/storage-proxy/gift_assets/models/Black_Hole_3.tgs
Pixel Loot 1.8%,https://imperator-server.onrender.com/storage-proxy/gift_assets/models/Pixel_Loot_1.tgs
Line Art 3.5%,https://imperator-server.onrender.com/storage-proxy/gift_assets/models/Line_Art_3.tgs
Neon Pulse 1.8%,https://imperator-server.onrender.com/storage-proxy/gift_assets/models/Neon_Pulse_1.tgs
Miami Art 3.5%,https://imperator-server.onrender.com/storage-proxy/gift_assets/models/Miami_Art_3.tgs
Zebra 2.1%,https://imperator-server.onrender.com/storage-proxy/gift_assets/models/Zebra_2.tgs
Cheese 1.8%,https://imperator-server.onrender.com/storage-proxy/gift_assets/models/Cheese_1.tgs
Golden Star 1.8%,https://imperator-server.onrender.com/storage-proxy/gift_assets/models/Golden_Star_1.tgs
Solid Magma 2.1%,https://imperator-server.onrender.com/storage-proxy/gift_assets/models/Solid_Magma_2.tgs
Hourglass 0.8%,https://imperator-server.onrender.com/storage-proxy/gift_assets/models/Hourglass_0.tgs
Rainbow Halo 2.1%,https://imperator-server.onrender.com/storage-proxy/gift_assets/models/Rainbow_Halo_2.tgs
Stratosphere 1.2%,https://imperator-server.onrender.com/storage-proxy/gift_assets/models/Stratosphere_1.tgs
Metal Forever 1.2%,https://imperator-server.onrender.com/storage-proxy/gift_assets/models/Metal_Forever_1.tgs
Love Whisper 3.5%,https://imperator-server.onrender.com/storage-proxy/gift_assets/models/Love_Whisper_3.tgs
Mouse Wheel 1.8%,https://imperator-server.onrender.com/storage-proxy/gift_assets/models/Mouse_Wheel_1.tgs
Spatial Grid 0.8%,https://imperator-server.onrender.com/storage-proxy/gift_assets/models/Spatial_Grid_0.tgs
Goldsmith 0.4%,https://imperator-server.onrender.com/storage-proxy/gift_assets/models/Goldsmith_0.tgs
Neo Tribe 2.1%,https://imperator-server.onrender.com/storage-proxy/gift_assets/models/Neo_Tribe_2.tgs
Thunder Bolt 1.2%,https://imperator-server.onrender.com/storage-proxy/gift_assets/models/Thunder_Bolt_1.tgs
Runewood 2.1%,https://imperator-server.onrender.com/storage-proxy/gift_assets/models/Runewood_2.tgs
Space Inside 1.8%,https://imperator-server.onrender.com/storage-proxy/gift_assets/models/Space_Inside_1.tgs
Dalmatian 2.1%,https://imperator-server.onrender.com/storage-proxy/gift_assets/models/Dalmatian_2.tgs
Duo Vision 2.1%,https://imperator-server.onrender.com/storage-proxy/gift_assets/models/Duo_Vision_2.tgs
Highway 1.2%,https://imperator-server.onrender.com/storage-proxy/gift_assets/models/Highway_1.tgs
Kraken’s Grip 1.8%,https://imperator-server.onrender.com/storage-proxy/gift_assets/models/Krakens_Grip_1.tgs
Anaconda 1.8%,https://imperator-server.onrender.com/storage-proxy/gift_assets/models/Anaconda_1.tgs
Rainbow 1.8%,https://imperator-server.onrender.com/storage-proxy/gift_assets/models/Rainbow_1.tgs
Tiger Amulet 2.1%,https://imperator-server.onrender.com/storage-proxy/gift_assets/models/Tiger_Amulet_2.tgs
Asteroid 0.4%,https://imperator-server.onrender.com/storage-proxy/gift_assets/models/Asteroid_0.tgs
Elephant 2.5%,https://imperator-server.onrender.com/storage-proxy/gift_assets/models/Elephant_2.tgs
Bus Guys 1%,https://imperator-server.onrender.com/storage-proxy/gift_assets/models/Bus_Guys_1.tgs
Billiards 3%,https://imperator-server.onrender.com/storage-proxy/gift_assets/models/Billiards_3.tgs
Canada 3%,https://imperator-server.onrender.com/storage-proxy/gift_assets/models/Canada_3.tgs
Blue Morpho 2.5%,https://imperator-server.onrender.com/storage-proxy/gift_assets/models/Blue_Morpho_2.tgs
Firefly 0.5%,https://imperator-server.onrender.com/storage-proxy/gift_assets/models/Firefly_0.tgs
Utyan 2%,https://imperator-server.onrender.com/storage-proxy/gift_assets/models/Utyan_2.tgs
Ladybug 3%,https://imperator-server.onrender.com/storage-proxy/gift_assets/models/Ladybug_3.tgs
The Serpent 1.5%,https://imperator-server.onrender.com/storage-proxy/gift_assets/models/The_Serpent_1.tgs
Modern Art 2.5%,https://imperator-server.onrender.com/storage-proxy/gift_assets/models/Modern_Art_2.tgs
Chebu 1%,https://imperator-server.onrender.com/storage-proxy/gift_assets/models/Chebu_1.tgs
Cherries 3.5%,https://imperator-server.onrender.com/storage-proxy/gift_assets/models/Cherries_3.tgs
Bordeaux 5%,https://imperator-server.onrender.com/storage-proxy/gift_assets/models/Bordeaux_5.tgs
Baby Yoda 1%,https://imperator-server.onrender.com/storage-proxy/gift_assets/models/Baby_Yoda_1.tgs
Strawberry 3%,https://imperator-server.onrender.com/storage-proxy/gift_assets/models/Strawberry_3.tgs
Football 3%,https://imperator-server.onrender.com/storage-proxy/gift_assets/models/Football_3.tgs
Vampire 1.5%,https://imperator-server.onrender.com/storage-proxy/gift_assets/models/Vampire_1.tgs
Prism 0.5%,https://imperator-server.onrender.com/storage-proxy/gift_assets/models/Prism_0.tgs
Union Jack 1.5%,https://imperator-server.onrender.com/storage-proxy/gift_assets/models/Union_Jack_1.tgs
Mondrian 2.5%,https://imperator-server.onrender.com/storage-proxy/gift_assets/models/Mondrian_2.tgs
Volleyball 3%,https://imperator-server.onrender.com/storage-proxy/gift_assets/models/Volleyball_3.tgs
Irish Knot 3%,https://imperator-server.onrender.com/storage-proxy/gift_assets/models/Irish_Knot_3.tgs
Red Rose 4%,https://imperator-server.onrender.com/storage-proxy/gift_assets/models/Red_Rose_4.tgs
Cupid’s Bow 4%,https://imperator-server.onrender.com/storage-proxy/gift_assets/models/Cupids_Bow_4.tgs
The Raven 1.5%,https://imperator-server.onrender.com/storage-proxy/gift_assets/models/The_Raven_1.tgs
Mistletoe 2.5%,https://imperator-server.onrender.com/storage-proxy/gift_assets/models/Mistletoe_2.tgs
Bumblebee 3%,https://imperator-server.onrender.com/storage-proxy/gift_assets/models/Bumblebee_3.tgs
Creator 2%,https://imperator-server.onrender.com/storage-proxy/gift_assets/models/Creator_2.tgs
Gamepad 2%,https://imperator-server.onrender.com/storage-proxy/gift_assets/models/Gamepad_2.tgs
Spider Sense 2%,https://imperator-server.onrender.com/storage-proxy/gift_assets/models/Spider_Sense_2.tgs
Despicable 2%,https://imperator-server.onrender.com/storage-proxy/gift_assets/models/Despicable_2.tgs
Cambridge 0.5%,https://imperator-server.onrender.com/storage-proxy/gift_assets/models/Cambridge_0.tgs
Dribble 3%,https://imperator-server.onrender.com/storage-proxy/gift_assets/models/Dribble_3.tgs
Eggplants 3.5%,https://imperator-server.onrender.com/storage-proxy/gift_assets/models/Eggplants_3.tgs
Tie Fighter 0.5%,https://imperator-server.onrender.com/storage-proxy/gift_assets/models/Tie_Fighter_0.tgs
Squid Tie 2.5%,https://imperator-server.onrender.com/storage-proxy/gift_assets/models/Squid_Tie_2.tgs
Velvet Gold 0.5%,https://imperator-server.onrender.com/storage-proxy/gift_assets/models/Velvet_Gold_0.tgs
Tortuga 1.5%,https://imperator-server.onrender.com/storage-proxy/gift_assets/models/Tortuga_1.tgs
The Lion 1.5%,https://imperator-server.onrender.com/storage-proxy/gift_assets/models/The_Lion_1.tgs
Batwing 0.5%,https://imperator-server.onrender.com/storage-proxy/gift_assets/models/Batwing_0.tgs
The Badger 1.5%,https://imperator-server.onrender.com/storage-proxy/gift_assets/models/The_Badger_1.tgs
Classic 5%,https://imperator-server.onrender.com/storage-proxy/gift_assets/models/Classic_5.tgs
Durov’s Dog 1%,https://imperator-server.onrender.com/storage-proxy/gift_assets/models/Durovs_Dog_1.tgs
Dracarys 0.5%,https://imperator-server.onrender.com/storage-proxy/gift_assets/models/Dracarys_0.tgs
Sailor Moon 2%,https://imperator-server.onrender.com/storage-proxy/gift_assets/models/Sailor_Moon_2.tgs
Dark Lord 0.5%,https://imperator-server.onrender.com/storage-proxy/gift_assets/models/Dark_Lord_0.tgs
Farfalle 0.5%,https://imperator-server.onrender.com/storage-proxy/gift_assets/models/Farfalle_0.tgs
Doge Gem 1%,https://imperator-server.onrender.com/storage-proxy/gift_assets/models/Doge_Gem_1.tgs
Heritage 0.5%,https://imperator-server.onrender.com/storage-proxy/gift_assets/models/Heritage_0.tgs
Singularity 0.5%,https://imperator-server.onrender.com/storage-proxy/gift_assets/models/Singularity_0.tgs
Cappuccino 2%,https://imperator-server.onrender.com/storage-proxy/gift_assets/models/Cappuccino_2.tgs
Shiba Inu 0.4%,https://imperator-server.onrender.com/storage-proxy/gift_assets/models/Shiba_Inu_0.tgs
Cookie Bun 0.5%,https://imperator-server.onrender.com/storage-proxy/gift_assets/models/Cookie_Bun_0.tgs
Sea Cruise 1.4%,https://imperator-server.onrender.com/storage-proxy/gift_assets/models/Sea_Cruise_1.tgs
Tiffani 0.8%,https://imperator-server.onrender.com/storage-proxy/gift_assets/models/Tiffani_0.tgs
Cutie 0.8%,https://imperator-server.onrender.com/storage-proxy/gift_assets/models/Cutie_0.tgs
Softness 1.4%,https://imperator-server.onrender.com/storage-proxy/gift_assets/models/Softness_1.tgs
Mermaid 0.4%,https://imperator-server.onrender.com/storage-proxy/gift_assets/models/Mermaid_0.tgs
Little Sister 0.8%,https://imperator-server.onrender.com/storage-proxy/gift_assets/models/Little_Sister_0.tgs
Berry Jam 1.4%,https://imperator-server.onrender.com/storage-proxy/gift_assets/models/Berry_Jam_1.tgs
Sour Drop 1.4%,https://imperator-server.onrender.com/storage-proxy/gift_assets/models/Sour_Drop_1.tgs
Chocolate 1.4%,https://imperator-server.onrender.com/storage-proxy/gift_assets/models/Chocolate_1.tgs
Droplet 1.4%,https://imperator-server.onrender.com/storage-proxy/gift_assets/models/Droplet_1.tgs
Dreamer 1.4%,https://imperator-server.onrender.com/storage-proxy/gift_assets/models/Dreamer_1.tgs
Cloud 1.4%,https://imperator-server.onrender.com/storage-proxy/gift_assets/models/Cloud_1.tgs
Dragon Fruit 1.4%,https://imperator-server.onrender.com/storage-proxy/gift_assets/models/Dragon_Fruit_1.tgs
Cotton Candy 1.4%,https://imperator-server.onrender.com/storage-proxy/gift_assets/models/Cotton_Candy_1.tgs
Orchid 1.4%,https://imperator-server.onrender.com/storage-proxy/gift_assets/models/Orchid_1.tgs
Slime 0.9%,https://imperator-server.onrender.com/storage-proxy/gift_assets/models/Slime_0.tgs
Girlfriend 1.5%,https://imperator-server.onrender.com/storage-proxy/gift_assets/models/Girlfriend_1.tgs
Gorgeous 1.4%,https://imperator-server.onrender.com/storage-proxy/gift_assets/models/Gorgeous_1.tgs
Matcha 1.4%,https://imperator-server.onrender.com/storage-proxy/gift_assets/models/Matcha_1.tgs
Meltdown 0.4%,https://imperator-server.onrender.com/storage-proxy/gift_assets/models/Meltdown_0.tgs
Berry Punch 1%,https://imperator-server.onrender.com/storage-proxy/gift_assets/models/Berry_Punch_1.tgs
Winter Dessert 1.4%,https://imperator-server.onrender.com/storage-proxy/gift_assets/models/Winter_Dessert_1.tgs
Juicy Melon 1.4%,https://imperator-server.onrender.com/storage-proxy/gift_assets/models/Juicy_Melon_1.tgs
Silent Film 1.4%,https://imperator-server.onrender.com/storage-proxy/gift_assets/models/Silent_Film_1.tgs
Airy Souffle 0.5%,https://imperator-server.onrender.com/storage-proxy/gift_assets/models/Airy_Souffle_0.tgs
Refreshing 1.4%,https://imperator-server.onrender.com/storage-proxy/gift_assets/models/Refreshing_1.tgs
Eclair 1.4%,https://imperator-server.onrender.com/storage-proxy/gift_assets/models/Eclair_1.tgs
Old Batman 1.2%,https://imperator-server.onrender.com/storage-proxy/gift_assets/models/Old_Batman_1.tgs
Classic 2%,https://imperator-server.onrender.com/storage-proxy/gift_assets/models/Classic_2.tgs
Silver 0.8%,https://imperator-server.onrender.com/storage-proxy/gift_assets/models/Silver_0.tgs
Spiderman 1.2%,https://imperator-server.onrender.com/storage-proxy/gift_assets/models/Spiderman_1.tgs
Macaron 1.4%,https://imperator-server.onrender.com/storage-proxy/gift_assets/models/Macaron_1.tgs
Latte 2%,https://imperator-server.onrender.com/storage-proxy/gift_assets/models/Latte_2.tgs
Honey Bee 0.4%,https://imperator-server.onrender.com/storage-proxy/gift_assets/models/Honey_Bee_0.tgs
Clear Sky 1.4%,https://imperator-server.onrender.com/storage-proxy/gift_assets/models/Clear_Sky_1.tgs
Sweet Grape 1.4%,https://imperator-server.onrender.com/storage-proxy/gift_assets/models/Sweet_Grape_1.tgs
Сhamomile 1%,https://imperator-server.onrender.com/storage-proxy/gift_assets/models/Сhamomile_1.tgs
Velvet Rose 0.8%,https://imperator-server.onrender.com/storage-proxy/gift_assets/models/Velvet_Rose_0.tgs
Orange Bliss 1.4%,https://imperator-server.onrender.com/storage-proxy/gift_assets/models/Orange_Bliss_1.tgs
Party Clown 0.4%,https://imperator-server.onrender.com/storage-proxy/gift_assets/models/Party_Clown_0.tgs
Lavender Kiss 1.4%,https://imperator-server.onrender.com/storage-proxy/gift_assets/models/Lavender_Kiss_1.tgs
Iceberry 1.4%,https://imperator-server.onrender.com/storage-proxy/gift_assets/models/Iceberry_1.tgs
Dark Cherry 1.4%,https://imperator-server.onrender.com/storage-proxy/gift_assets/models/Dark_Cherry_1.tgs
Key Lime 1.4%,https://imperator-server.onrender.com/storage-proxy/gift_assets/models/Key_Lime_1.tgs
Grapefruit 1.4%,https://imperator-server.onrender.com/storage-proxy/gift_assets/models/Grapefruit_1.tgs
Berry Tale 0.8%,https://imperator-server.onrender.com/storage-proxy/gift_assets/models/Berry_Tale_0.tgs
With Love 0.4%,https://imperator-server.onrender.com/storage-proxy/gift_assets/models/With_Love_0.tgs
Mandarin 1.4%,https://imperator-server.onrender.com/storage-proxy/gift_assets/models/Mandarin_1.tgs
Photonegative 1.4%,https://imperator-server.onrender.com/storage-proxy/gift_assets/models/Photonegative_1.tgs
Lava Cake 1.4%,https://imperator-server.onrender.com/storage-proxy/gift_assets/models/Lava_Cake_1.tgs
Opera Ghost 1.5%,https://imperator-server.onrender.com/storage-proxy/gift_assets/models/Opera_Ghost_1.tgs
Cornflower 1.4%,https://imperator-server.onrender.com/storage-proxy/gift_assets/models/Cornflower_1.tgs
Lollipop 0.8%,https://imperator-server.onrender.com/storage-proxy/gift_assets/models/Lollipop_0.tgs
Red Alert 1.4%,https://imperator-server.onrender.com/storage-proxy/gift_assets/models/Red_Alert_1.tgs
Brave Tiger 0.8%,https://imperator-server.onrender.com/storage-proxy/gift_assets/models/Brave_Tiger_0.tgs
Sunshine 1.2%,https://imperator-server.onrender.com/storage-proxy/gift_assets/models/Sunshine_1.tgs
Green Tea 0.8%,https://imperator-server.onrender.com/storage-proxy/gift_assets/models/Green_Tea_0.tgs
Space Drive 1.4%,https://imperator-server.onrender.com/storage-proxy/gift_assets/models/Space_Drive_1.tgs
Hackathon 0.4%,https://imperator-server.onrender.com/storage-proxy/gift_assets/models/Hackathon_0.tgs
Citrus Boom 1.4%,https://imperator-server.onrender.com/storage-proxy/gift_assets/models/Citrus_Boom_1.tgs
Day and Night 0.5%,https://imperator-server.onrender.com/storage-proxy/gift_assets/models/Day_and_Night_0.tgs
Grandma’s Pie 0.8%,https://imperator-server.onrender.com/storage-proxy/gift_assets/models/Grandmas_Pie_0.tgs
Snowman 0.4%,https://imperator-server.onrender.com/storage-proxy/gift_assets/models/Snowman_0.tgs
Citrus 0.8%,https://imperator-server.onrender.com/storage-proxy/gift_assets/models/Citrus_0.tgs
Hulk 1.2%,https://imperator-server.onrender.com/storage-proxy/gift_assets/models/Hulk_1.tgs
Sweet Miracle 0.5%,https://imperator-server.onrender.com/storage-proxy/gift_assets/models/Sweet_Miracle_0.tgs
Blueberry 1.4%,https://imperator-server.onrender.com/storage-proxy/gift_assets/models/Blueberry_1.tgs
Butterfly Tie 1%,https://imperator-server.onrender.com/storage-proxy/gift_assets/models/Butterfly_Tie_1.tgs
Chill-Out 1.4%,https://imperator-server.onrender.com/storage-proxy/gift_assets/models/Chill-Out_1.tgs
Watermelon 0.8%,https://imperator-server.onrender.com/storage-proxy/gift_assets/models/Watermelon_0.tgs
Jellyfish 1.4%,https://imperator-server.onrender.com/storage-proxy/gift_assets/models/Jellyfish_1.tgs
Apple Fresh 1.4%,https://imperator-server.onrender.com/storage-proxy/gift_assets/models/Apple_Fresh_1.tgs
Bubble Gum 1.4%,https://imperator-server.onrender.com/storage-proxy/gift_assets/models/Bubble_Gum_1.tgs
Vanilla 1.4%,https://imperator-server.onrender.com/storage-proxy/gift_assets/models/Vanilla_1.tgs
Wolverine 1.2%,https://imperator-server.onrender.com/storage-proxy/gift_assets/models/Wolverine_1.tgs
Mr. Souffle 0.4%,https://imperator-server.onrender.com/storage-proxy/gift_assets/models/Mr._Souffle_0.tgs
Bronze 0.5%,https://imperator-server.onrender.com/storage-proxy/gift_assets/models/Bronze_0.tgs
Sour Apple 0.8%,https://imperator-server.onrender.com/storage-proxy/gift_assets/models/Sour_Apple_0.tgs
Choco Bear 0.4%,https://imperator-server.onrender.com/storage-proxy/gift_assets/models/Choco_Bear_0.tgs
Sugar Glade 0.5%,https://imperator-server.onrender.com/storage-proxy/gift_assets/models/Sugar_Glade_0.tgs
Lu Crystal 0.4%,https://imperator-server.onrender.com/storage-proxy/gift_assets/models/Lu_Crystal_0.tgs
Froggy 0.3%,https://imperator-server.onrender.com/storage-proxy/gift_assets/models/Froggy_0.tgs
Young Chili 0.8%,https://imperator-server.onrender.com/storage-proxy/gift_assets/models/Young_Chili_0.tgs
Unicorn 0.4%,https://imperator-server.onrender.com/storage-proxy/gift_assets/models/Unicorn_0.tgs
Frosted 0.5%,https://imperator-server.onrender.com/storage-proxy/gift_assets/models/Frosted_0.tgs
Party Time 0.4%,https://imperator-server.onrender.com/storage-proxy/gift_assets/models/Party_Time_0.tgs
Lovely Ruby 0.3%,https://imperator-server.onrender.com/storage-proxy/gift_assets/models/Lovely_Ruby_0.tgs
Electric 0.4%,https://imperator-server.onrender.com/storage-proxy/gift_assets/models/Electric_0.tgs
Ice Cream 0.5%,https://imperator-server.onrender.com/storage-proxy/gift_assets/models/Ice_Cream_0.tgs
Valentine 0.9%,https://imperator-server.onrender.com/storage-proxy/gift_assets/models/Valentine_0.tgs
Neon Sign 0.4%,https://imperator-server.onrender.com/storage-proxy/gift_assets/models/Neon_Sign_0.tgs
Diamond 0.3%,https://imperator-server.onrender.com/storage-proxy/gift_assets/models/Diamond_0.tgs
Telegram 0.4%,https://imperator-server.onrender.com/storage-proxy/gift_assets/models/Telegram_0.tgs
Pink Bow 0.5%,https://imperator-server.onrender.com/storage-proxy/gift_assets/models/Pink_Bow_0.tgs
Gothic 0.4%,https://imperator-server.onrender.com/storage-proxy/gift_assets/models/Gothic_0.tgs
Gold 0.3%,https://imperator-server.onrender.com/storage-proxy/gift_assets/models/Gold_0.tgs
Final Offer 2.6%,https://imperator-server.onrender.com/storage-proxy/gift_assets/models/Final_Offer_2.tgs
Oblina 1%,https://imperator-server.onrender.com/storage-proxy/gift_assets/models/Oblina_1.tgs
Goldium 1%,https://imperator-server.onrender.com/storage-proxy/gift_assets/models/Goldium_1.tgs
Colorfunk 2.6%,https://imperator-server.onrender.com/storage-proxy/gift_assets/models/Colorfunk_2.tgs
Tropico 2.6%,https://imperator-server.onrender.com/storage-proxy/gift_assets/models/Tropico_2.tgs
Sticky Sweet 2%,https://imperator-server.onrender.com/storage-proxy/gift_assets/models/Sticky_Sweet_2.tgs
Peppy Pink 2.6%,https://imperator-server.onrender.com/storage-proxy/gift_assets/models/Peppy_Pink_2.tgs
Demonius 2%,https://imperator-server.onrender.com/storage-proxy/gift_assets/models/Demonius_2.tgs
Grinch 1%,https://imperator-server.onrender.com/storage-proxy/gift_assets/models/Grinch_1.tgs
Toxicane 2.6%,https://imperator-server.onrender.com/storage-proxy/gift_assets/models/Toxicane_2.tgs
Diggory 2.6%,https://imperator-server.onrender.com/storage-proxy/gift_assets/models/Diggory_2.tgs
Phoenix 2.6%,https://imperator-server.onrender.com/storage-proxy/gift_assets/models/Phoenix_2.tgs
Malfoy 1%,https://imperator-server.onrender.com/storage-proxy/gift_assets/models/Malfoy_1.tgs
Honeycomb 1%,https://imperator-server.onrender.com/storage-proxy/gift_assets/models/Honeycomb_1.tgs
Golden Jelly 2.6%,https://imperator-server.onrender.com/storage-proxy/gift_assets/models/Golden_Jelly_2.tgs
Pink Mango 2.6%,https://imperator-server.onrender.com/storage-proxy/gift_assets/models/Pink_Mango_2.tgs
Neon Wave 2%,https://imperator-server.onrender.com/storage-proxy/gift_assets/models/Neon_Wave_2.tgs
Sugar Crush 2.6%,https://imperator-server.onrender.com/storage-proxy/gift_assets/models/Sugar_Crush_2.tgs
Old School 2%,https://imperator-server.onrender.com/storage-proxy/gift_assets/models/Old_School_2.tgs
Minty Mirth 2.6%,https://imperator-server.onrender.com/storage-proxy/gift_assets/models/Minty_Mirth_2.tgs
Angelius 2%,https://imperator-server.onrender.com/storage-proxy/gift_assets/models/Angelius_2.tgs
Hologlow 2%,https://imperator-server.onrender.com/storage-proxy/gift_assets/models/Hologlow_2.tgs
Short Circuit 1%,https://imperator-server.onrender.com/storage-proxy/gift_assets/models/Short_Circuit_1.tgs
Weasley 0.6%,https://imperator-server.onrender.com/storage-proxy/gift_assets/models/Weasley_0.tgs
Silver Frost 2.6%,https://imperator-server.onrender.com/storage-proxy/gift_assets/models/Silver_Frost_2.tgs
Lovely Kiss 2.6%,https://imperator-server.onrender.com/storage-proxy/gift_assets/models/Lovely_Kiss_2.tgs
Cherry Charm 2%,https://imperator-server.onrender.com/storage-proxy/gift_assets/models/Cherry_Charm_2.tgs
Polka Pop 2.6%,https://imperator-server.onrender.com/storage-proxy/gift_assets/models/Polka_Pop_2.tgs
Blue Bliss 2.6%,https://imperator-server.onrender.com/storage-proxy/gift_assets/models/Blue_Bliss_2.tgs
Negativus 2.6%,https://imperator-server.onrender.com/storage-proxy/gift_assets/models/Negativus_2.tgs
Starry Cane 2.6%,https://imperator-server.onrender.com/storage-proxy/gift_assets/models/Starry_Cane_2.tgs
Nightmare 2%,https://imperator-server.onrender.com/storage-proxy/gift_assets/models/Nightmare_2.tgs
Lime Twist 2.6%,https://imperator-server.onrender.com/storage-proxy/gift_assets/models/Lime_Twist_2.tgs
Toxic Treat 1%,https://imperator-server.onrender.com/storage-proxy/gift_assets/models/Toxic_Treat_1.tgs
Phantom 2.6%,https://imperator-server.onrender.com/storage-proxy/gift_assets/models/Phantom_2.tgs
Iceblink 2.6%,https://imperator-server.onrender.com/storage-proxy/gift_assets/models/Iceblink_2.tgs
Discount 1%,https://imperator-server.onrender.com/storage-proxy/gift_assets/models/Discount_1.tgs
Amber Glitter 2.6%,https://imperator-server.onrender.com/storage-proxy/gift_assets/models/Amber_Glitter_2.tgs
Argento 2%,https://imperator-server.onrender.com/storage-proxy/gift_assets/models/Argento_2.tgs
Lazy Nap 2%,https://imperator-server.onrender.com/storage-proxy/gift_assets/models/Lazy_Nap_2.tgs
New Layer 2.6%,https://imperator-server.onrender.com/storage-proxy/gift_assets/models/New_Layer_2.tgs
Sweet Deal 2%,https://imperator-server.onrender.com/storage-proxy/gift_assets/models/Sweet_Deal_2.tgs
Joker 2.6%,https://imperator-server.onrender.com/storage-proxy/gift_assets/models/Joker_2.tgs
Violet Berry 2.6%,https://imperator-server.onrender.com/storage-proxy/gift_assets/models/Violet_Berry_2.tgs
Bronzy 2.6%,https://imperator-server.onrender.com/storage-proxy/gift_assets/models/Bronzy_2.tgs
Masterpiece 0.6%,https://imperator-server.onrender.com/storage-proxy/gift_assets/models/Masterpiece_0.tgs
Lovegood 2%,https://imperator-server.onrender.com/storage-proxy/gift_assets/models/Lovegood_2.tgs
Mythic Candy 0.6%,https://imperator-server.onrender.com/storage-proxy/gift_assets/models/Mythic_Candy_0.tgs
Designer 0.6%,https://imperator-server.onrender.com/storage-proxy/gift_assets/models/Designer_0.tgs
Hex Pot 0.6%,https://imperator-server.onrender.com/storage-proxy/gift_assets/models/Hex_Pot_0.tgs
Druid Flame 3%,https://imperator-server.onrender.com/storage-proxy/gift_assets/models/Druid_Flame_3.tgs
Spring Grove 3%,https://imperator-server.onrender.com/storage-proxy/gift_assets/models/Spring_Grove_3.tgs
Iron Rose 3%,https://imperator-server.onrender.com/storage-proxy/gift_assets/models/Iron_Rose_3.tgs
Bear Market 3%,https://imperator-server.onrender.com/storage-proxy/gift_assets/models/Bear_Market_3.tgs
Spark Plug 3%,https://imperator-server.onrender.com/storage-proxy/gift_assets/models/Spark_Plug_3.tgs
Tiki Torch 3%,https://imperator-server.onrender.com/storage-proxy/gift_assets/models/Tiki_Torch_3.tgs
Bowl of Hygeia 3%,https://imperator-server.onrender.com/storage-proxy/gift_assets/models/Bowl_of_Hygeia_3.tgs
Oil Lamp 3%,https://imperator-server.onrender.com/storage-proxy/gift_assets/models/Oil_Lamp_3.tgs
Prometheus 3%,https://imperator-server.onrender.com/storage-proxy/gift_assets/models/Prometheus_3.tgs
Candelabra 3%,https://imperator-server.onrender.com/storage-proxy/gift_assets/models/Candelabra_3.tgs
Olympia 3%,https://imperator-server.onrender.com/storage-proxy/gift_assets/models/Olympia_3.tgs
Carousel 2%,https://imperator-server.onrender.com/storage-proxy/gift_assets/models/Carousel_2.tgs
Dungeon 3%,https://imperator-server.onrender.com/storage-proxy/gift_assets/models/Dungeon_3.tgs
Spaceship 3%,https://imperator-server.onrender.com/storage-proxy/gift_assets/models/Spaceship_3.tgs
Flamethrower 0.5%,https://imperator-server.onrender.com/storage-proxy/gift_assets/models/Flamethrower_0.tgs
Ghost Rider 0.5%,https://imperator-server.onrender.com/storage-proxy/gift_assets/models/Ghost_Rider_0.tgs
Birthday Cake 3%,https://imperator-server.onrender.com/storage-proxy/gift_assets/models/Birthday_Cake_3.tgs
Ionic Column 3%,https://imperator-server.onrender.com/storage-proxy/gift_assets/models/Ionic_Column_3.tgs
Pixel Art 1%,https://imperator-server.onrender.com/storage-proxy/gift_assets/models/Pixel_Art_1.tgs
Balinese 3%,https://imperator-server.onrender.com/storage-proxy/gift_assets/models/Balinese_3.tgs
Paper Lantern 3%,https://imperator-server.onrender.com/storage-proxy/gift_assets/models/Paper_Lantern_3.tgs
Bull Run 3%,https://imperator-server.onrender.com/storage-proxy/gift_assets/models/Bull_Run_3.tgs
Royal Goblet 3%,https://imperator-server.onrender.com/storage-proxy/gift_assets/models/Royal_Goblet_3.tgs
Triumph 1%,https://imperator-server.onrender.com/storage-proxy/gift_assets/models/Triumph_1.tgs
Eternal Flame 3%,https://imperator-server.onrender.com/storage-proxy/gift_assets/models/Eternal_Flame_3.tgs
Dark Souls 0.2%,https://imperator-server.onrender.com/storage-proxy/gift_assets/models/Dark_Souls_0.tgs
Sea Horse 1.5%,https://imperator-server.onrender.com/storage-proxy/gift_assets/models/Sea_Horse_1.tgs
Los Angeles 3%,https://imperator-server.onrender.com/storage-proxy/gift_assets/models/Los_Angeles_3.tgs
Tribal Totem 3%,https://imperator-server.onrender.com/storage-proxy/gift_assets/models/Tribal_Totem_3.tgs
Signal Flare 1%,https://imperator-server.onrender.com/storage-proxy/gift_assets/models/Signal_Flare_1.tgs
Ghost Light 2.7%,https://imperator-server.onrender.com/storage-proxy/gift_assets/models/Ghost_Light_2.tgs
Lego 3%,https://imperator-server.onrender.com/storage-proxy/gift_assets/models/Lego_3.tgs
Camelot 1%,https://imperator-server.onrender.com/storage-proxy/gift_assets/models/Camelot_1.tgs
Sochi 0.5%,https://imperator-server.onrender.com/storage-proxy/gift_assets/models/Sochi_0.tgs
Oracle 3%,https://imperator-server.onrender.com/storage-proxy/gift_assets/models/Oracle_3.tgs
Flashlight 2%,https://imperator-server.onrender.com/storage-proxy/gift_assets/models/Flashlight_2.tgs
Molotov 0.5%,https://imperator-server.onrender.com/storage-proxy/gift_assets/models/Molotov_0.tgs
Lava Lamp 3%,https://imperator-server.onrender.com/storage-proxy/gift_assets/models/Lava_Lamp_3.tgs
Bubble Prism 2%,https://imperator-server.onrender.com/storage-proxy/gift_assets/models/Bubble_Prism_2.tgs
Desk Lamp 1%,https://imperator-server.onrender.com/storage-proxy/gift_assets/models/Desk_Lamp_1.tgs
Elder Wand 1.5%,https://imperator-server.onrender.com/storage-proxy/gift_assets/models/Elder_Wand_1.tgs
Victory 1%,https://imperator-server.onrender.com/storage-proxy/gift_assets/models/Victory_1.tgs
The Match 0.5%,https://imperator-server.onrender.com/storage-proxy/gift_assets/models/The_Match_0.tgs
Revolt 0.5%,https://imperator-server.onrender.com/storage-proxy/gift_assets/models/Revolt_0.tgs
Terraria 0.5%,https://imperator-server.onrender.com/storage-proxy/gift_assets/models/Terraria_0.tgs
Dark Relic 1.5%,https://imperator-server.onrender.com/storage-proxy/gift_assets/models/Dark_Relic_1.tgs
Medieval 1%,https://imperator-server.onrender.com/storage-proxy/gift_assets/models/Medieval_1.tgs
Firebrand 0.5%,https://imperator-server.onrender.com/storage-proxy/gift_assets/models/Firebrand_0.tgs
Baba Yaga 0.2%,https://imperator-server.onrender.com/storage-proxy/gift_assets/models/Baba_Yaga_0.tgs
Satis-fire 0.1%,https://imperator-server.onrender.com/storage-proxy/gift_assets/models/Satis-fire_0.tgs
Skyrim 0.2%,https://imperator-server.onrender.com/storage-proxy/gift_assets/models/Skyrim_0.tgs
Vinyl Record 2%,https://imperator-server.onrender.com/storage-proxy/gift_assets/models/Vinyl_Record_2.tgs
Celtic Knot 3%,https://imperator-server.onrender.com/storage-proxy/gift_assets/models/Celtic_Knot_3.tgs
Star Princess 2%,https://imperator-server.onrender.com/storage-proxy/gift_assets/models/Star_Princess_2.tgs
Sakura 0.5%,https://imperator-server.onrender.com/storage-proxy/gift_assets/models/Sakura_0.tgs
Joystick 2%,https://imperator-server.onrender.com/storage-proxy/gift_assets/models/Joystick_2.tgs
Top Student 3%,https://imperator-server.onrender.com/storage-proxy/gift_assets/models/Top_Student_3.tgs
Golden Ale 2%,https://imperator-server.onrender.com/storage-proxy/gift_assets/models/Golden_Ale_2.tgs
Sell High 3%,https://imperator-server.onrender.com/storage-proxy/gift_assets/models/Sell_High_3.tgs
Corrupted 1.5%,https://imperator-server.onrender.com/storage-proxy/gift_assets/models/Corrupted_1.tgs
Kaleidoscope 2%,https://imperator-server.onrender.com/storage-proxy/gift_assets/models/Kaleidoscope_2.tgs
Good Boy 2%,https://imperator-server.onrender.com/storage-proxy/gift_assets/models/Good_Boy_2.tgs
Lollipop 2%,https://imperator-server.onrender.com/storage-proxy/gift_assets/models/Lollipop_2.tgs
Red Tartan 3%,https://imperator-server.onrender.com/storage-proxy/gift_assets/models/Red_Tartan_3.tgs
Verdant Plaid 3%,https://imperator-server.onrender.com/storage-proxy/gift_assets/models/Verdant_Plaid_3.tgs
Purrfect Paw 2%,https://imperator-server.onrender.com/storage-proxy/gift_assets/models/Purrfect_Paw_2.tgs
Pinwheel 2%,https://imperator-server.onrender.com/storage-proxy/gift_assets/models/Pinwheel_2.tgs
Frutiger Aero 2%,https://imperator-server.onrender.com/storage-proxy/gift_assets/models/Frutiger_Aero_2.tgs
Buy Low 3%,https://imperator-server.onrender.com/storage-proxy/gift_assets/models/Buy_Low_3.tgs
Emo Pin 0.5%,https://imperator-server.onrender.com/storage-proxy/gift_assets/models/Emo_Pin_0.tgs
Fortune Cookie 2%,https://imperator-server.onrender.com/storage-proxy/gift_assets/models/Fortune_Cookie_2.tgs
Nebula 3%,https://imperator-server.onrender.com/storage-proxy/gift_assets/models/Nebula_3.tgs
Maple Leaf 2%,https://imperator-server.onrender.com/storage-proxy/gift_assets/models/Maple_Leaf_2.tgs
Glass Rainbow 3%,https://imperator-server.onrender.com/storage-proxy/gift_assets/models/Glass_Rainbow_3.tgs
Fabulous 2%,https://imperator-server.onrender.com/storage-proxy/gift_assets/models/Fabulous_2.tgs
Sangria 2%,https://imperator-server.onrender.com/storage-proxy/gift_assets/models/Sangria_2.tgs
Golden Ticket 2%,https://imperator-server.onrender.com/storage-proxy/gift_assets/models/Golden_Ticket_2.tgs
Berry Waffle 2%,https://imperator-server.onrender.com/storage-proxy/gift_assets/models/Berry_Waffle_2.tgs
Peacock 3%,https://imperator-server.onrender.com/storage-proxy/gift_assets/models/Peacock_3.tgs
Hot Brand 2%,https://imperator-server.onrender.com/storage-proxy/gift_assets/models/Hot_Brand_2.tgs
Ice Cream 2%,https://imperator-server.onrender.com/storage-proxy/gift_assets/models/Ice_Cream_2.tgs
Needlework 2%,https://imperator-server.onrender.com/storage-proxy/gift_assets/models/Needlework_2.tgs
Cheese 1.5%,https://imperator-server.onrender.com/storage-proxy/gift_assets/models/Cheese_1.tgs
Orange Juice 2%,https://imperator-server.onrender.com/storage-proxy/gift_assets/models/Orange_Juice_2.tgs
Merrow 1.5%,https://imperator-server.onrender.com/storage-proxy/gift_assets/models/Merrow_1.tgs
Matrix 3%,https://imperator-server.onrender.com/storage-proxy/gift_assets/models/Matrix_3.tgs
Moon Power 0.5%,https://imperator-server.onrender.com/storage-proxy/gift_assets/models/Moon_Power_0.tgs
Balloon 2%,https://imperator-server.onrender.com/storage-proxy/gift_assets/models/Balloon_2.tgs
Crystal Hearts 2%,https://imperator-server.onrender.com/storage-proxy/gift_assets/models/Crystal_Hearts_2.tgs
Lava Lamp 2%,https://imperator-server.onrender.com/storage-proxy/gift_assets/models/Lava_Lamp_2.tgs
Ruby Clover 2%,https://imperator-server.onrender.com/storage-proxy/gift_assets/models/Ruby_Clover_2.tgs
Pepperoni 1.5%,https://imperator-server.onrender.com/storage-proxy/gift_assets/models/Pepperoni_1.tgs
Soap Bubbles 2%,https://imperator-server.onrender.com/storage-proxy/gift_assets/models/Soap_Bubbles_2.tgs
Stained Glass 2%,https://imperator-server.onrender.com/storage-proxy/gift_assets/models/Stained_Glass_2.tgs
Rose Quartz 2%,https://imperator-server.onrender.com/storage-proxy/gift_assets/models/Rose_Quartz_2.tgs
Four Wishes 2%,https://imperator-server.onrender.com/storage-proxy/gift_assets/models/Four_Wishes_2.tgs
Tama Gadget 0.5%,https://imperator-server.onrender.com/storage-proxy/gift_assets/models/Tama_Gadget_0.tgs
Kelly Green 0.5%,https://imperator-server.onrender.com/storage-proxy/gift_assets/models/Kelly_Green_0.tgs
Fortune Meter 2%,https://imperator-server.onrender.com/storage-proxy/gift_assets/models/Fortune_Meter_2.tgs
Butterfly 1.5%,https://imperator-server.onrender.com/storage-proxy/gift_assets/models/Butterfly_1.tgs
Shiny Gem 1.5%,https://imperator-server.onrender.com/storage-proxy/gift_assets/models/Shiny_Gem_1.tgs
Rainbow 1.5%,https://imperator-server.onrender.com/storage-proxy/gift_assets/models/Rainbow_1.tgs
Medovik 1%,https://imperator-server.onrender.com/storage-proxy/gift_assets/models/Medovik_1.tgs
Caramel Bow 1%,https://imperator-server.onrender.com/storage-proxy/gift_assets/models/Caramel_Bow_1.tgs
Infinity Gems 1%,https://imperator-server.onrender.com/storage-proxy/gift_assets/models/Infinity_Gems_1.tgs
Honeymoon 1%,https://imperator-server.onrender.com/storage-proxy/gift_assets/models/Honeymoon_1.tgs
Rosaria 1.5%,https://imperator-server.onrender.com/storage-proxy/gift_assets/models/Rosaria_1.tgs
For You 1%,https://imperator-server.onrender.com/storage-proxy/gift_assets/models/For_You_1.tgs
Rubycake 1.5%,https://imperator-server.onrender.com/storage-proxy/gift_assets/models/Rubycake_1.tgs
Telecake 1%,https://imperator-server.onrender.com/storage-proxy/gift_assets/models/Telecake_1.tgs
Soap Opera 1%,https://imperator-server.onrender.com/storage-proxy/gift_assets/models/Soap_Opera_1.tgs
Ice Rink 1.5%,https://imperator-server.onrender.com/storage-proxy/gift_assets/models/Ice_Rink_1.tgs
Winterfell 1.5%,https://imperator-server.onrender.com/storage-proxy/gift_assets/models/Winterfell_1.tgs
Druid Snack 1.5%,https://imperator-server.onrender.com/storage-proxy/gift_assets/models/Druid_Snack_1.tgs
Neon Candy 1.5%,https://imperator-server.onrender.com/storage-proxy/gift_assets/models/Neon_Candy_1.tgs
Toasted 1%,https://imperator-server.onrender.com/storage-proxy/gift_assets/models/Toasted_1.tgs
Black Heart 1.5%,https://imperator-server.onrender.com/storage-proxy/gift_assets/models/Black_Heart_1.tgs
Schnecken 1.5%,https://imperator-server.onrender.com/storage-proxy/gift_assets/models/Schnecken_1.tgs
Crayola 1.5%,https://imperator-server.onrender.com/storage-proxy/gift_assets/models/Crayola_1.tgs
The Umbrella 1%,https://imperator-server.onrender.com/storage-proxy/gift_assets/models/The_Umbrella_1.tgs
Fly Agaric 1%,https://imperator-server.onrender.com/storage-proxy/gift_assets/models/Fly_Agaric_1.tgs
Watermelon 1%,https://imperator-server.onrender.com/storage-proxy/gift_assets/models/Watermelon_1.tgs
Liquorice 1%,https://imperator-server.onrender.com/storage-proxy/gift_assets/models/Liquorice_1.tgs
Kawaii Frog 1%,https://imperator-server.onrender.com/storage-proxy/gift_assets/models/Kawaii_Frog_1.tgs
The Circle 1%,https://imperator-server.onrender.com/storage-proxy/gift_assets/models/The_Circle_1.tgs
Fairy Tale 1%,https://imperator-server.onrender.com/storage-proxy/gift_assets/models/Fairy_Tale_1.tgs
Broken Code 1%,https://imperator-server.onrender.com/storage-proxy/gift_assets/models/Broken_Code_1.tgs
Meadow 1.5%,https://imperator-server.onrender.com/storage-proxy/gift_assets/models/Meadow_1.tgs
Spicy Maple 1.5%,https://imperator-server.onrender.com/storage-proxy/gift_assets/models/Spicy_Maple_1.tgs
Choco Crunch 1%,https://imperator-server.onrender.com/storage-proxy/gift_assets/models/Choco_Crunch_1.tgs
First Crush 1%,https://imperator-server.onrender.com/storage-proxy/gift_assets/models/First_Crush_1.tgs
Red Apple 1%,https://imperator-server.onrender.com/storage-proxy/gift_assets/models/Red_Apple_1.tgs
Diamond 0.5%,https://imperator-server.onrender.com/storage-proxy/gift_assets/models/Diamond_0.tgs
Red Blues 1.5%,https://imperator-server.onrender.com/storage-proxy/gift_assets/models/Red_Blues_1.tgs
The Star 1%,https://imperator-server.onrender.com/storage-proxy/gift_assets/models/The_Star_1.tgs
Hearth 1.5%,https://imperator-server.onrender.com/storage-proxy/gift_assets/models/Hearth_1.tgs
Wink Wink 1%,https://imperator-server.onrender.com/storage-proxy/gift_assets/models/Wink_Wink_1.tgs
Fried Egg 1%,https://imperator-server.onrender.com/storage-proxy/gift_assets/models/Fried_Egg_1.tgs
The Triangle 1%,https://imperator-server.onrender.com/storage-proxy/gift_assets/models/The_Triangle_1.tgs
Ultra Pink 1.5%,https://imperator-server.onrender.com/storage-proxy/gift_assets/models/Ultra_Pink_1.tgs
Squid 1%,https://imperator-server.onrender.com/storage-proxy/gift_assets/models/Squid_1.tgs
Carefree 1%,https://imperator-server.onrender.com/storage-proxy/gift_assets/models/Carefree_1.tgs
Citrus Glaze 1.5%,https://imperator-server.onrender.com/storage-proxy/gift_assets/models/Citrus_Glaze_1.tgs
Sprinkles 1%,https://imperator-server.onrender.com/storage-proxy/gift_assets/models/Sprinkles_1.tgs
Chilled 1.5%,https://imperator-server.onrender.com/storage-proxy/gift_assets/models/Chilled_1.tgs
Pixel Beat 1%,https://imperator-server.onrender.com/storage-proxy/gift_assets/models/Pixel_Beat_1.tgs
Red Velvet 1.5%,https://imperator-server.onrender.com/storage-proxy/gift_assets/models/Red_Velvet_1.tgs
Elven Bakery 1.5%,https://imperator-server.onrender.com/storage-proxy/gift_assets/models/Elven_Bakery_1.tgs
Baked Logo 1%,https://imperator-server.onrender.com/storage-proxy/gift_assets/models/Baked_Logo_1.tgs
Strawberry 1%,https://imperator-server.onrender.com/storage-proxy/gift_assets/models/Strawberry_1.tgs
Last Bites 1%,https://imperator-server.onrender.com/storage-proxy/gift_assets/models/Last_Bites_1.tgs
Late Fall 1%,https://imperator-server.onrender.com/storage-proxy/gift_assets/models/Late_Fall_1.tgs
Mint Cream 1.5%,https://imperator-server.onrender.com/storage-proxy/gift_assets/models/Mint_Cream_1.tgs
Pink Yogurt 1.5%,https://imperator-server.onrender.com/storage-proxy/gift_assets/models/Pink_Yogurt_1.tgs
Ma Chérie 0.5%,https://imperator-server.onrender.com/storage-proxy/gift_assets/models/Ma_Chérie_0.tgs
Fairy Lights 1%,https://imperator-server.onrender.com/storage-proxy/gift_assets/models/Fairy_Lights_1.tgs
Manga 1.5%,https://imperator-server.onrender.com/storage-proxy/gift_assets/models/Manga_1.tgs
Midsummer 1.5%,https://imperator-server.onrender.com/storage-proxy/gift_assets/models/Midsummer_1.tgs
Changeling 1.5%,https://imperator-server.onrender.com/storage-proxy/gift_assets/models/Changeling_1.tgs
Little Daisies 0.5%,https://imperator-server.onrender.com/storage-proxy/gift_assets/models/Little_Daisies_0.tgs
Nyam Cat 1%,https://imperator-server.onrender.com/storage-proxy/gift_assets/models/Nyam_Cat_1.tgs
Affection 1%,https://imperator-server.onrender.com/storage-proxy/gift_assets/models/Affection_1.tgs
Graveyard 1%,https://imperator-server.onrender.com/storage-proxy/gift_assets/models/Graveyard_1.tgs
Sunlight 1.5%,https://imperator-server.onrender.com/storage-proxy/gift_assets/models/Sunlight_1.tgs
Blueberry 0.5%,https://imperator-server.onrender.com/storage-proxy/gift_assets/models/Blueberry_0.tgs
Vanilla 1.5%,https://imperator-server.onrender.com/storage-proxy/gift_assets/models/Vanilla_1.tgs
Love Story 0.5%,https://imperator-server.onrender.com/storage-proxy/gift_assets/models/Love_Story_0.tgs
Choco Chips 1%,https://imperator-server.onrender.com/storage-proxy/gift_assets/models/Choco_Chips_1.tgs
Strawberry 0.5%,https://imperator-server.onrender.com/storage-proxy/gift_assets/models/Strawberry_0.tgs
Kawaii Bunny 1%,https://imperator-server.onrender.com/storage-proxy/gift_assets/models/Kawaii_Bunny_1.tgs
Energy Bar 0.5%,https://imperator-server.onrender.com/storage-proxy/gift_assets/models/Energy_Bar_0.tgs
Oatmeal Star 1%,https://imperator-server.onrender.com/storage-proxy/gift_assets/models/Oatmeal_Star_1.tgs
Choco Fudge 1%,https://imperator-server.onrender.com/storage-proxy/gift_assets/models/Choco_Fudge_1.tgs
Cold Mint 1.5%,https://imperator-server.onrender.com/storage-proxy/gift_assets/models/Cold_Mint_1.tgs
Dark Rainbow 1.5%,https://imperator-server.onrender.com/storage-proxy/gift_assets/models/Dark_Rainbow_1.tgs
Doughnut 1%,https://imperator-server.onrender.com/storage-proxy/gift_assets/models/Doughnut_1.tgs
Toffee 1.5%,https://imperator-server.onrender.com/storage-proxy/gift_assets/models/Toffee_1.tgs
Mermaid 1%,https://imperator-server.onrender.com/storage-proxy/gift_assets/models/Mermaid_1.tgs
Superstar 0.1%,https://imperator-server.onrender.com/storage-proxy/gift_assets/models/Superstar_0.tgs
Cupid’s Arrow 0.5%,https://imperator-server.onrender.com/storage-proxy/gift_assets/models/Cupids_Arrow_0.tgs
Little Star 0.5%,https://imperator-server.onrender.com/storage-proxy/gift_assets/models/Little_Star_0.tgs
Baking Hot 0.5%,https://imperator-server.onrender.com/storage-proxy/gift_assets/models/Baking_Hot_0.tgs
Hearty Crust 0.5%,https://imperator-server.onrender.com/storage-proxy/gift_assets/models/Hearty_Crust_0.tgs
Sugar Kitty 0.1%,https://imperator-server.onrender.com/storage-proxy/gift_assets/models/Sugar_Kitty_0.tgs
Valentine 1%,https://imperator-server.onrender.com/storage-proxy/gift_assets/models/Valentine_1.tgs
Grinch 1.5%,https://imperator-server.onrender.com/storage-proxy/gift_assets/models/Grinch_1.tgs
Cheesecake 1%,https://imperator-server.onrender.com/storage-proxy/gift_assets/models/Cheesecake_1.tgs
Cold Heart 0.2%,https://imperator-server.onrender.com/storage-proxy/gift_assets/models/Cold_Heart_0.tgs
Lucky Charm 0.1%,https://imperator-server.onrender.com/storage-proxy/gift_assets/models/Lucky_Charm_0.tgs
Spades 0.2%,https://imperator-server.onrender.com/storage-proxy/gift_assets/models/Spades_0.tgs
Red Rose 0.2%,https://imperator-server.onrender.com/storage-proxy/gift_assets/models/Red_Rose_0.tgs
Bloodlust 0.2%,https://imperator-server.onrender.com/storage-proxy/gift_assets/models/Bloodlust_0.tgs
Nightmare 0.5%,https://imperator-server.onrender.com/storage-proxy/gift_assets/models/Nightmare_0.tgs
Angry Ghost 0.2%,https://imperator-server.onrender.com/storage-proxy/gift_assets/models/Angry_Ghost_0.tgs
Lattice Pie 0.5%,https://imperator-server.onrender.com/storage-proxy/gift_assets/models/Lattice_Pie_0.tgs
Seeing Red 3%,https://imperator-server.onrender.com/storage-proxy/gift_assets/models/Seeing_Red_3.tgs
Warhol 2%,https://imperator-server.onrender.com/storage-proxy/gift_assets/models/Warhol_2.tgs
Death Wish 3%,https://imperator-server.onrender.com/storage-proxy/gift_assets/models/Death_Wish_3.tgs
Silver 3%,https://imperator-server.onrender.com/storage-proxy/gift_assets/models/Silver_3.tgs
Wednesday 0.5%,https://imperator-server.onrender.com/storage-proxy/gift_assets/models/Wednesday_0.tgs
Electric Shock 2%,https://imperator-server.onrender.com/storage-proxy/gift_assets/models/Electric_Shock_2.tgs
Opacity 2%,https://imperator-server.onrender.com/storage-proxy/gift_assets/models/Opacity_2.tgs
Prophet 3%,https://imperator-server.onrender.com/storage-proxy/gift_assets/models/Prophet_3.tgs
Fuschia 3%,https://imperator-server.onrender.com/storage-proxy/gift_assets/models/Fuschia_3.tgs
Original Sin 1%,https://imperator-server.onrender.com/storage-proxy/gift_assets/models/Original_Sin_1.tgs
Refreshing 3%,https://imperator-server.onrender.com/storage-proxy/gift_assets/models/Refreshing_3.tgs
Warlock 3%,https://imperator-server.onrender.com/storage-proxy/gift_assets/models/Warlock_3.tgs
Futuristic 3%,https://imperator-server.onrender.com/storage-proxy/gift_assets/models/Futuristic_3.tgs
Hot Head 2%,https://imperator-server.onrender.com/storage-proxy/gift_assets/models/Hot_Head_2.tgs
Cartoon 2%,https://imperator-server.onrender.com/storage-proxy/gift_assets/models/Cartoon_2.tgs
Ghosted 3%,https://imperator-server.onrender.com/storage-proxy/gift_assets/models/Ghosted_3.tgs
Frankenstein 2%,https://imperator-server.onrender.com/storage-proxy/gift_assets/models/Frankenstein_2.tgs
Nebula 1%,https://imperator-server.onrender.com/storage-proxy/gift_assets/models/Nebula_1.tgs
Vitamin C 2%,https://imperator-server.onrender.com/storage-proxy/gift_assets/models/Vitamin_C_2.tgs
Crash Test 2%,https://imperator-server.onrender.com/storage-proxy/gift_assets/models/Crash_Test_2.tgs
Teddy Bear 2%,https://imperator-server.onrender.com/storage-proxy/gift_assets/models/Teddy_Bear_2.tgs
Brain Freeze 3%,https://imperator-server.onrender.com/storage-proxy/gift_assets/models/Brain_Freeze_3.tgs
Rainbow 2%,https://imperator-server.onrender.com/storage-proxy/gift_assets/models/Rainbow_2.tgs
Lady Death 3%,https://imperator-server.onrender.com/storage-proxy/gift_assets/models/Lady_Death_3.tgs
Sanguine 0.5%,https://imperator-server.onrender.com/storage-proxy/gift_assets/models/Sanguine_0.tgs
Femme Fatale 0.5%,https://imperator-server.onrender.com/storage-proxy/gift_assets/models/Femme_Fatale_0.tgs
Deathquik 3%,https://imperator-server.onrender.com/storage-proxy/gift_assets/models/Deathquik_3.tgs
Disco 0.5%,https://imperator-server.onrender.com/storage-proxy/gift_assets/models/Disco_0.tgs
Martian 3%,https://imperator-server.onrender.com/storage-proxy/gift_assets/models/Martian_3.tgs
Billiard 1%,https://imperator-server.onrender.com/storage-proxy/gift_assets/models/Billiard_1.tgs
Fortune 2%,https://imperator-server.onrender.com/storage-proxy/gift_assets/models/Fortune_2.tgs
Skullberry 1%,https://imperator-server.onrender.com/storage-proxy/gift_assets/models/Skullberry_1.tgs
Red Skull 3%,https://imperator-server.onrender.com/storage-proxy/gift_assets/models/Red_Skull_3.tgs
Pink Panther 1.5%,https://imperator-server.onrender.com/storage-proxy/gift_assets/models/Pink_Panther_1.tgs
Spice Storm 2%,https://imperator-server.onrender.com/storage-proxy/gift_assets/models/Spice_Storm_2.tgs
Oculus 1%,https://imperator-server.onrender.com/storage-proxy/gift_assets/models/Oculus_1.tgs
Baller 1%,https://imperator-server.onrender.com/storage-proxy/gift_assets/models/Baller_1.tgs
Tim Burton 1.5%,https://imperator-server.onrender.com/storage-proxy/gift_assets/models/Tim_Burton_1.tgs
Honey Cake 0.5%,https://imperator-server.onrender.com/storage-proxy/gift_assets/models/Honey_Cake_0.tgs
Peridot 3%,https://imperator-server.onrender.com/storage-proxy/gift_assets/models/Peridot_3.tgs
Fatal Error 3%,https://imperator-server.onrender.com/storage-proxy/gift_assets/models/Fatal_Error_3.tgs
Past Tell 2%,https://imperator-server.onrender.com/storage-proxy/gift_assets/models/Past_Tell_2.tgs
Daisy 1%,https://imperator-server.onrender.com/storage-proxy/gift_assets/models/Daisy_1.tgs
World Cup 1%,https://imperator-server.onrender.com/storage-proxy/gift_assets/models/World_Cup_1.tgs
Poor Kitty 1.5%,https://imperator-server.onrender.com/storage-proxy/gift_assets/models/Poor_Kitty_1.tgs
Amanita 2%,https://imperator-server.onrender.com/storage-proxy/gift_assets/models/Amanita_2.tgs
Broken Heart 0.5%,https://imperator-server.onrender.com/storage-proxy/gift_assets/models/Broken_Heart_0.tgs
Bozo Clown 1%,https://imperator-server.onrender.com/storage-proxy/gift_assets/models/Bozo_Clown_1.tgs
Incubus 1%,https://imperator-server.onrender.com/storage-proxy/gift_assets/models/Incubus_1.tgs
The Lich King 0.5%,https://imperator-server.onrender.com/storage-proxy/gift_assets/models/The_Lich_King_0.tgs
Samhain 1%,https://imperator-server.onrender.com/storage-proxy/gift_assets/models/Samhain_1.tgs
The Seeker 0.5%,https://imperator-server.onrender.com/storage-proxy/gift_assets/models/The_Seeker_0.tgs
Pink Chess 2%,https://imperator-server.onrender.com/storage-proxy/gift_assets/models/Pink_Chess_2.tgs
Inkwell 2%,https://imperator-server.onrender.com/storage-proxy/gift_assets/models/Inkwell_2.tgs
Druid Circle 0.5%,https://imperator-server.onrender.com/storage-proxy/gift_assets/models/Druid_Circle_0.tgs
Blossom 1.5%,https://imperator-server.onrender.com/storage-proxy/gift_assets/models/Blossom_1.tgs
Ruby Whisper 2.5%,https://imperator-server.onrender.com/storage-proxy/gift_assets/models/Ruby_Whisper_2.tgs
Golden Grasp 3%,https://imperator-server.onrender.com/storage-proxy/gift_assets/models/Golden_Grasp_3.tgs
Blood Gem 3%,https://imperator-server.onrender.com/storage-proxy/gift_assets/models/Blood_Gem_3.tgs
Obsidian 3%,https://imperator-server.onrender.com/storage-proxy/gift_assets/models/Obsidian_3.tgs
Mistress 1.5%,https://imperator-server.onrender.com/storage-proxy/gift_assets/models/Mistress_1.tgs
Filigree 2%,https://imperator-server.onrender.com/storage-proxy/gift_assets/models/Filigree_2.tgs
Lindon 2.5%,https://imperator-server.onrender.com/storage-proxy/gift_assets/models/Lindon_2.tgs
Bubbles 3%,https://imperator-server.onrender.com/storage-proxy/gift_assets/models/Bubbles_3.tgs
Web Locket 2%,https://imperator-server.onrender.com/storage-proxy/gift_assets/models/Web_Locket_2.tgs
Lockpicking 1.5%,https://imperator-server.onrender.com/storage-proxy/gift_assets/models/Lockpicking_1.tgs
Puzzle 1.5%,https://imperator-server.onrender.com/storage-proxy/gift_assets/models/Puzzle_1.tgs
Glamour 3%,https://imperator-server.onrender.com/storage-proxy/gift_assets/models/Glamour_3.tgs
Padlock 2.5%,https://imperator-server.onrender.com/storage-proxy/gift_assets/models/Padlock_2.tgs
Purple Glow 2%,https://imperator-server.onrender.com/storage-proxy/gift_assets/models/Purple_Glow_2.tgs
Vault 2%,https://imperator-server.onrender.com/storage-proxy/gift_assets/models/Vault_2.tgs
Sorceress 1%,https://imperator-server.onrender.com/storage-proxy/gift_assets/models/Sorceress_1.tgs
Comics 2%,https://imperator-server.onrender.com/storage-proxy/gift_assets/models/Comics_2.tgs
Pink Glass 3%,https://imperator-server.onrender.com/storage-proxy/gift_assets/models/Pink_Glass_3.tgs
Jewels 1.5%,https://imperator-server.onrender.com/storage-proxy/gift_assets/models/Jewels_1.tgs
Burning Love 2%,https://imperator-server.onrender.com/storage-proxy/gift_assets/models/Burning_Love_2.tgs
Soft Touch 3%,https://imperator-server.onrender.com/storage-proxy/gift_assets/models/Soft_Touch_3.tgs
Gemstones 3%,https://imperator-server.onrender.com/storage-proxy/gift_assets/models/Gemstones_3.tgs
Pink Zebra 3%,https://imperator-server.onrender.com/storage-proxy/gift_assets/models/Pink_Zebra_3.tgs
Titanic 1.5%,https://imperator-server.onrender.com/storage-proxy/gift_assets/models/Titanic_1.tgs
Crystal Clear 2.5%,https://imperator-server.onrender.com/storage-proxy/gift_assets/models/Crystal_Clear_2.tgs
Azure Gem 2.5%,https://imperator-server.onrender.com/storage-proxy/gift_assets/models/Azure_Gem_2.tgs
Ruby Red 2.5%,https://imperator-server.onrender.com/storage-proxy/gift_assets/models/Ruby_Red_2.tgs
Starlight 2.5%,https://imperator-server.onrender.com/storage-proxy/gift_assets/models/Starlight_2.tgs
Snow Queen 2.5%,https://imperator-server.onrender.com/storage-proxy/gift_assets/models/Snow_Queen_2.tgs
Moon Prism 0.5%,https://imperator-server.onrender.com/storage-proxy/gift_assets/models/Moon_Prism_0.tgs
Broken Heart 2%,https://imperator-server.onrender.com/storage-proxy/gift_assets/models/Broken_Heart_2.tgs
Emerald 2.5%,https://imperator-server.onrender.com/storage-proxy/gift_assets/models/Emerald_2.tgs
White Claws 3%,https://imperator-server.onrender.com/storage-proxy/gift_assets/models/White_Claws_3.tgs
Cupid Pay 2%,https://imperator-server.onrender.com/storage-proxy/gift_assets/models/Cupid_Pay_2.tgs
Lorien 2.5%,https://imperator-server.onrender.com/storage-proxy/gift_assets/models/Lorien_2.tgs
Cheetah 2.5%,https://imperator-server.onrender.com/storage-proxy/gift_assets/models/Cheetah_2.tgs
Moulin Rouge 2%,https://imperator-server.onrender.com/storage-proxy/gift_assets/models/Moulin_Rouge_2.tgs
Ice Glass 0.5%,https://imperator-server.onrender.com/storage-proxy/gift_assets/models/Ice_Glass_0.tgs
Gift Wrap 2.5%,https://imperator-server.onrender.com/storage-proxy/gift_assets/models/Gift_Wrap_2.tgs
Surgery 2%,https://imperator-server.onrender.com/storage-proxy/gift_assets/models/Surgery_2.tgs
Gothic Core 1%,https://imperator-server.onrender.com/storage-proxy/gift_assets/models/Gothic_Core_1.tgs
Faerie 1%,https://imperator-server.onrender.com/storage-proxy/gift_assets/models/Faerie_1.tgs
Cursed Room 1.5%,https://imperator-server.onrender.com/storage-proxy/gift_assets/models/Cursed_Room_1.tgs
Pepe Love 1%,https://imperator-server.onrender.com/storage-proxy/gift_assets/models/Pepe_Love_1.tgs
Dryad Heart 0.5%,https://imperator-server.onrender.com/storage-proxy/gift_assets/models/Dryad_Heart_0.tgs
Golden Lace 1%,https://imperator-server.onrender.com/storage-proxy/gift_assets/models/Golden_Lace_1.tgs
Cogwheel 0.5%,https://imperator-server.onrender.com/storage-proxy/gift_assets/models/Cogwheel_0.tgs
January 0.6%,https://imperator-server.onrender.com/storage-proxy/gift_assets/models/January_0.tgs
Eco Friendly 1.4%,https://imperator-server.onrender.com/storage-proxy/gift_assets/models/Eco_Friendly_1.tgs
Bright Coral 1.4%,https://imperator-server.onrender.com/storage-proxy/gift_assets/models/Bright_Coral_1.tgs
Sticky Note 1.3%,https://imperator-server.onrender.com/storage-proxy/gift_assets/models/Sticky_Note_1.tgs
Magic Flow 1.3%,https://imperator-server.onrender.com/storage-proxy/gift_assets/models/Magic_Flow_1.tgs
Party Time 1.4%,https://imperator-server.onrender.com/storage-proxy/gift_assets/models/Party_Time_1.tgs
Harvest 1.5%,https://imperator-server.onrender.com/storage-proxy/gift_assets/models/Harvest_1.tgs
Blue Sky 1.4%,https://imperator-server.onrender.com/storage-proxy/gift_assets/models/Blue_Sky_1.tgs
June 0.5%,https://imperator-server.onrender.com/storage-proxy/gift_assets/models/June_0.tgs
Heartbreak 0.6%,https://imperator-server.onrender.com/storage-proxy/gift_assets/models/Heartbreak_0.tgs
Monday 0.5%,https://imperator-server.onrender.com/storage-proxy/gift_assets/models/Monday_0.tgs
Gold Pink 1.4%,https://imperator-server.onrender.com/storage-proxy/gift_assets/models/Gold_Pink_1.tgs
Groundhog Day 1%,https://imperator-server.onrender.com/storage-proxy/gift_assets/models/Groundhog_Day_1.tgs
November 0.5%,https://imperator-server.onrender.com/storage-proxy/gift_assets/models/November_0.tgs
September 0.5%,https://imperator-server.onrender.com/storage-proxy/gift_assets/models/September_0.tgs
Anno Domini 0.2%,https://imperator-server.onrender.com/storage-proxy/gift_assets/models/Anno_Domini_0.tgs
Cyberpunk 0.2%,https://imperator-server.onrender.com/storage-proxy/gift_assets/models/Cyberpunk_0.tgs
Black Flip 1.4%,https://imperator-server.onrender.com/storage-proxy/gift_assets/models/Black_Flip_1.tgs
Choco Top 1.4%,https://imperator-server.onrender.com/storage-proxy/gift_assets/models/Choco_Top_1.tgs
Pink Day 1.5%,https://imperator-server.onrender.com/storage-proxy/gift_assets/models/Pink_Day_1.tgs
Highlighter 1.4%,https://imperator-server.onrender.com/storage-proxy/gift_assets/models/Highlighter_1.tgs
Going Green 1.3%,https://imperator-server.onrender.com/storage-proxy/gift_assets/models/Going_Green_1.tgs
Shopping List 0.2%,https://imperator-server.onrender.com/storage-proxy/gift_assets/models/Shopping_List_0.tgs
Frjádagr 0.1%,https://imperator-server.onrender.com/storage-proxy/gift_assets/models/Frjádagr_0.tgs
Deep Ocean 1.4%,https://imperator-server.onrender.com/storage-proxy/gift_assets/models/Deep_Ocean_1.tgs
Lemon 1.4%,https://imperator-server.onrender.com/storage-proxy/gift_assets/models/Lemon_1.tgs
Purple Front 1.4%,https://imperator-server.onrender.com/storage-proxy/gift_assets/models/Purple_Front_1.tgs
April 0.5%,https://imperator-server.onrender.com/storage-proxy/gift_assets/models/April_0.tgs
The Nineties 1.4%,https://imperator-server.onrender.com/storage-proxy/gift_assets/models/The_Nineties_1.tgs
Shocktober 0.9%,https://imperator-server.onrender.com/storage-proxy/gift_assets/models/Shocktober_0.tgs
Lilac Black 1.4%,https://imperator-server.onrender.com/storage-proxy/gift_assets/models/Lilac_Black_1.tgs
Yellow Page 1.4%,https://imperator-server.onrender.com/storage-proxy/gift_assets/models/Yellow_Page_1.tgs
Checklist 0.4%,https://imperator-server.onrender.com/storage-proxy/gift_assets/models/Checklist_0.tgs
Surfer 1.4%,https://imperator-server.onrender.com/storage-proxy/gift_assets/models/Surfer_1.tgs
Pepe Plans 0.2%,https://imperator-server.onrender.com/storage-proxy/gift_assets/models/Pepe_Plans_0.tgs
Launch Date 0.2%,https://imperator-server.onrender.com/storage-proxy/gift_assets/models/Launch_Date_0.tgs
Green Day 1.4%,https://imperator-server.onrender.com/storage-proxy/gift_assets/models/Green_Day_1.tgs
Blossoms 1.4%,https://imperator-server.onrender.com/storage-proxy/gift_assets/models/Blossoms_1.tgs
Helios 0.2%,https://imperator-server.onrender.com/storage-proxy/gift_assets/models/Helios_0.tgs
Very Visible 1.4%,https://imperator-server.onrender.com/storage-proxy/gift_assets/models/Very_Visible_1.tgs
Leather Top 1.4%,https://imperator-server.onrender.com/storage-proxy/gift_assets/models/Leather_Top_1.tgs
Miami Beach 1.4%,https://imperator-server.onrender.com/storage-proxy/gift_assets/models/Miami_Beach_1.tgs
Thursday 0.5%,https://imperator-server.onrender.com/storage-proxy/gift_assets/models/Thursday_0.tgs
Orange Mood 1.4%,https://imperator-server.onrender.com/storage-proxy/gift_assets/models/Orange_Mood_1.tgs
Gold Leaf 1.4%,https://imperator-server.onrender.com/storage-proxy/gift_assets/models/Gold_Leaf_1.tgs
March 0.5%,https://imperator-server.onrender.com/storage-proxy/gift_assets/models/March_0.tgs
Toy Calendar 0.2%,https://imperator-server.onrender.com/storage-proxy/gift_assets/models/Toy_Calendar_0.tgs
Like Cycle 0.6%,https://imperator-server.onrender.com/storage-proxy/gift_assets/models/Like_Cycle_0.tgs
Holy Month 0.2%,https://imperator-server.onrender.com/storage-proxy/gift_assets/models/Holy_Month_0.tgs
Gato Ocho 0.8%,https://imperator-server.onrender.com/storage-proxy/gift_assets/models/Gato_Ocho_0.tgs
Hermes 0.1%,https://imperator-server.onrender.com/storage-proxy/gift_assets/models/Hermes_0.tgs
Strong Circle 1.3%,https://imperator-server.onrender.com/storage-proxy/gift_assets/models/Strong_Circle_1.tgs
Daily Bread 0.2%,https://imperator-server.onrender.com/storage-proxy/gift_assets/models/Daily_Bread_0.tgs
Barbie Day 1.4%,https://imperator-server.onrender.com/storage-proxy/gift_assets/models/Barbie_Day_1.tgs
Deadline 0.2%,https://imperator-server.onrender.com/storage-proxy/gift_assets/models/Deadline_0.tgs
Newsprint 1%,https://imperator-server.onrender.com/storage-proxy/gift_assets/models/Newsprint_1.tgs
Pink Hearts 1%,https://imperator-server.onrender.com/storage-proxy/gift_assets/models/Pink_Hearts_1.tgs
God of Wine 0.2%,https://imperator-server.onrender.com/storage-proxy/gift_assets/models/God_of_Wine_0.tgs
Black Suede 1.4%,https://imperator-server.onrender.com/storage-proxy/gift_assets/models/Black_Suede_1.tgs
Golden Years 1%,https://imperator-server.onrender.com/storage-proxy/gift_assets/models/Golden_Years_1.tgs
Kawaii 0.8%,https://imperator-server.onrender.com/storage-proxy/gift_assets/models/Kawaii_0.tgs
Beet Diary 1.4%,https://imperator-server.onrender.com/storage-proxy/gift_assets/models/Beet_Diary_1.tgs
Sunshine 1.4%,https://imperator-server.onrender.com/storage-proxy/gift_assets/models/Sunshine_1.tgs
Investor 0.5%,https://imperator-server.onrender.com/storage-proxy/gift_assets/models/Investor_0.tgs
Sherlock 0.4%,https://imperator-server.onrender.com/storage-proxy/gift_assets/models/Sherlock_0.tgs
New Year 0.2%,https://imperator-server.onrender.com/storage-proxy/gift_assets/models/New_Year_0.tgs
Ninety Nine 0.7%,https://imperator-server.onrender.com/storage-proxy/gift_assets/models/Ninety_Nine_0.tgs
Lavendays 1.4%,https://imperator-server.onrender.com/storage-proxy/gift_assets/models/Lavendays_1.tgs
Tropical 1.4%,https://imperator-server.onrender.com/storage-proxy/gift_assets/models/Tropical_1.tgs
Golden Touch 1.4%,https://imperator-server.onrender.com/storage-proxy/gift_assets/models/Golden_Touch_1.tgs
July 0.5%,https://imperator-server.onrender.com/storage-proxy/gift_assets/models/July_0.tgs
Pink Planner 1%,https://imperator-server.onrender.com/storage-proxy/gift_assets/models/Pink_Planner_1.tgs
Plum Peach 1.4%,https://imperator-server.onrender.com/storage-proxy/gift_assets/models/Plum_Peach_1.tgs
Mesozoic 0.2%,https://imperator-server.onrender.com/storage-proxy/gift_assets/models/Mesozoic_0.tgs
Vacation 0.2%,https://imperator-server.onrender.com/storage-proxy/gift_assets/models/Vacation_0.tgs
Durov Day 0.4%,https://imperator-server.onrender.com/storage-proxy/gift_assets/models/Durov_Day_0.tgs
Monochrome 1%,https://imperator-server.onrender.com/storage-proxy/gift_assets/models/Monochrome_1.tgs
Minting Date 1.4%,https://imperator-server.onrender.com/storage-proxy/gift_assets/models/Minting_Date_1.tgs
Beachy 1.4%,https://imperator-server.onrender.com/storage-proxy/gift_assets/models/Beachy_1.tgs
Crossed Out 0.9%,https://imperator-server.onrender.com/storage-proxy/gift_assets/models/Crossed_Out_0.tgs
Red Pen 1.4%,https://imperator-server.onrender.com/storage-proxy/gift_assets/models/Red_Pen_1.tgs
February 0.6%,https://imperator-server.onrender.com/storage-proxy/gift_assets/models/February_0.tgs
Weekly Set 0.1%,https://imperator-server.onrender.com/storage-proxy/gift_assets/models/Weekly_Set_0.tgs
Fire Path 1.4%,https://imperator-server.onrender.com/storage-proxy/gift_assets/models/Fire_Path_1.tgs
Rare Event 0.7%,https://imperator-server.onrender.com/storage-proxy/gift_assets/models/Rare_Event_0.tgs
Sunday 0.6%,https://imperator-server.onrender.com/storage-proxy/gift_assets/models/Sunday_0.tgs
Blank Page 0.9%,https://imperator-server.onrender.com/storage-proxy/gift_assets/models/Blank_Page_0.tgs
Cat Seasons 0.1%,https://imperator-server.onrender.com/storage-proxy/gift_assets/models/Cat_Seasons_0.tgs
Saturday 0.6%,https://imperator-server.onrender.com/storage-proxy/gift_assets/models/Saturday_0.tgs
Basic Blue 1.4%,https://imperator-server.onrender.com/storage-proxy/gift_assets/models/Basic_Blue_1.tgs
Dark Binding 1.4%,https://imperator-server.onrender.com/storage-proxy/gift_assets/models/Dark_Binding_1.tgs
Tuesday 0.5%,https://imperator-server.onrender.com/storage-proxy/gift_assets/models/Tuesday_0.tgs
Treasure Map 0.1%,https://imperator-server.onrender.com/storage-proxy/gift_assets/models/Treasure_Map_0.tgs
Zeus 0.1%,https://imperator-server.onrender.com/storage-proxy/gift_assets/models/Zeus_0.tgs
Sekhmet 0.2%,https://imperator-server.onrender.com/storage-proxy/gift_assets/models/Sekhmet_0.tgs
Lovely 1.4%,https://imperator-server.onrender.com/storage-proxy/gift_assets/models/Lovely_1.tgs
Tic Tac Toe 0.3%,https://imperator-server.onrender.com/storage-proxy/gift_assets/models/Tic_Tac_Toe_0.tgs
December 0.5%,https://imperator-server.onrender.com/storage-proxy/gift_assets/models/December_0.tgs
Orchestra 0.2%,https://imperator-server.onrender.com/storage-proxy/gift_assets/models/Orchestra_0.tgs
May 0.5%,https://imperator-server.onrender.com/storage-proxy/gift_assets/models/May_0.tgs
Vintage 0.2%,https://imperator-server.onrender.com/storage-proxy/gift_assets/models/Vintage_0.tgs
Steampunk 0.2%,https://imperator-server.onrender.com/storage-proxy/gift_assets/models/Steampunk_0.tgs
Fresh Start 0.9%,https://imperator-server.onrender.com/storage-proxy/gift_assets/models/Fresh_Start_0.tgs
October 0.5%,https://imperator-server.onrender.com/storage-proxy/gift_assets/models/October_0.tgs
Samhain 0.1%,https://imperator-server.onrender.com/storage-proxy/gift_assets/models/Samhain_0.tgs
Peach Week 0.4%,https://imperator-server.onrender.com/storage-proxy/gift_assets/models/Peach_Week_0.tgs
Hodler 0.5%,https://imperator-server.onrender.com/storage-proxy/gift_assets/models/Hodler_0.tgs
Outlaw 0.1%,https://imperator-server.onrender.com/storage-proxy/gift_assets/models/Outlaw_0.tgs
Anniversary 0.2%,https://imperator-server.onrender.com/storage-proxy/gift_assets/models/Anniversary_0.tgs
Purple Mint 1.4%,https://imperator-server.onrender.com/storage-proxy/gift_assets/models/Purple_Mint_1.tgs
Festive Day 0.5%,https://imperator-server.onrender.com/storage-proxy/gift_assets/models/Festive_Day_0.tgs
Blueprint 0.9%,https://imperator-server.onrender.com/storage-proxy/gift_assets/models/Blueprint_0.tgs
August 0.5%,https://imperator-server.onrender.com/storage-proxy/gift_assets/models/August_0.tgs
Women’s Day 0.2%,https://imperator-server.onrender.com/storage-proxy/gift_assets/models/Womens_Day_0.tgs
Day Five 0.7%,https://imperator-server.onrender.com/storage-proxy/gift_assets/models/Day_Five_0.tgs
Crunch Time 0.2%,https://imperator-server.onrender.com/storage-proxy/gift_assets/models/Crunch_Time_0.tgs
Friday 0.6%,https://imperator-server.onrender.com/storage-proxy/gift_assets/models/Friday_0.tgs
First Date 0.1%,https://imperator-server.onrender.com/storage-proxy/gift_assets/models/First_Date_0.tgs
Kronos 0.1%,https://imperator-server.onrender.com/storage-proxy/gift_assets/models/Kronos_0.tgs
April Fools 0.2%,https://imperator-server.onrender.com/storage-proxy/gift_assets/models/April_Fools_0.tgs
Celestial Map 0%,https://imperator-server.onrender.com/storage-proxy/gift_assets/models/Celestial_Map_0.tgs
Ghost Party 0.1%,https://imperator-server.onrender.com/storage-proxy/gift_assets/models/Ghost_Party_0.tgs
Burning Time 0.2%,https://imperator-server.onrender.com/storage-proxy/gift_assets/models/Burning_Time_0.tgs
Celebration 0.4%,https://imperator-server.onrender.com/storage-proxy/gift_assets/models/Celebration_0.tgs
Selena 0.1%,https://imperator-server.onrender.com/storage-proxy/gift_assets/models/Selena_0.tgs
Count Dracula 0.1%,https://imperator-server.onrender.com/storage-proxy/gift_assets/models/Count_Dracula_0.tgs
TON Core 0.1%,https://imperator-server.onrender.com/storage-proxy/gift_assets/models/TON_Core_0.tgs
Týsdagr 0.1%,https://imperator-server.onrender.com/storage-proxy/gift_assets/models/Týsdagr_0.tgs
Shinto Shrine 0%,https://imperator-server.onrender.com/storage-proxy/gift_assets/models/Shinto_Shrine_0.tgs
Þórsdagr 0.1%,https://imperator-server.onrender.com/storage-proxy/gift_assets/models/Þórsdagr_0.tgs
Mánadagr 0.1%,https://imperator-server.onrender.com/storage-proxy/gift_assets/models/Mánadagr_0.tgs
Loki’s Day 0%,https://imperator-server.onrender.com/storage-proxy/gift_assets/models/Lokis_Day_0.tgs
Yoga Time 0.2%,https://imperator-server.onrender.com/storage-proxy/gift_assets/models/Yoga_Time_0.tgs
Luftballons 0.4%,https://imperator-server.onrender.com/storage-proxy/gift_assets/models/Luftballons_0.tgs
Fund Manager 0.4%,https://imperator-server.onrender.com/storage-proxy/gift_assets/models/Fund_Manager_0.tgs
Fawkes Night 0.2%,https://imperator-server.onrender.com/storage-proxy/gift_assets/models/Fawkes_Night_0.tgs
Royal Flush 0.1%,https://imperator-server.onrender.com/storage-proxy/gift_assets/models/Royal_Flush_0.tgs
Artwork 0.1%,https://imperator-server.onrender.com/storage-proxy/gift_assets/models/Artwork_0.tgs
Silver Star 0.5%,https://imperator-server.onrender.com/storage-proxy/gift_assets/models/Silver_Star_0.tgs
Space Steel 1.5%,https://imperator-server.onrender.com/storage-proxy/gift_assets/models/Space_Steel_1.tgs
Red Wedding 1.5%,https://imperator-server.onrender.com/storage-proxy/gift_assets/models/Red_Wedding_1.tgs
Firestorm 0.5%,https://imperator-server.onrender.com/storage-proxy/gift_assets/models/Firestorm_0.tgs
Goldfinger 0.5%,https://imperator-server.onrender.com/storage-proxy/gift_assets/models/Goldfinger_0.tgs
Royal Purple 0.5%,https://imperator-server.onrender.com/storage-proxy/gift_assets/models/Royal_Purple_0.tgs
Copper Rose 1.5%,https://imperator-server.onrender.com/storage-proxy/gift_assets/models/Copper_Rose_1.tgs
Mikado Yellow 1.5%,https://imperator-server.onrender.com/storage-proxy/gift_assets/models/Mikado_Yellow_1.tgs
Barbie Gem 1.5%,https://imperator-server.onrender.com/storage-proxy/gift_assets/models/Barbie_Gem_1.tgs
Glamour 1.5%,https://imperator-server.onrender.com/storage-proxy/gift_assets/models/Glamour_1.tgs
Bronze Heart 1.5%,https://imperator-server.onrender.com/storage-proxy/gift_assets/models/Bronze_Heart_1.tgs
Dorodango 1.5%,https://imperator-server.onrender.com/storage-proxy/gift_assets/models/Dorodango_1.tgs
Sovereign 1.5%,https://imperator-server.onrender.com/storage-proxy/gift_assets/models/Sovereign_1.tgs
Hot Pink 1.5%,https://imperator-server.onrender.com/storage-proxy/gift_assets/models/Hot_Pink_1.tgs
Arabian Night 1.5%,https://imperator-server.onrender.com/storage-proxy/gift_assets/models/Arabian_Night_1.tgs
Vintage Glam 1.5%,https://imperator-server.onrender.com/storage-proxy/gift_assets/models/Vintage_Glam_1.tgs
Dark Orchid 1.5%,https://imperator-server.onrender.com/storage-proxy/gift_assets/models/Dark_Orchid_1.tgs
Blood Orange 0.5%,https://imperator-server.onrender.com/storage-proxy/gift_assets/models/Blood_Orange_0.tgs
Black Thorn 0.5%,https://imperator-server.onrender.com/storage-proxy/gift_assets/models/Black_Thorn_0.tgs
Dragon Eyes 1.5%,https://imperator-server.onrender.com/storage-proxy/gift_assets/models/Dragon_Eyes_1.tgs
Graffiti 0.5%,https://imperator-server.onrender.com/storage-proxy/gift_assets/models/Graffiti_0.tgs
Canary 1.5%,https://imperator-server.onrender.com/storage-proxy/gift_assets/models/Canary_1.tgs
Inferno 0.5%,https://imperator-server.onrender.com/storage-proxy/gift_assets/models/Inferno_0.tgs
Clam Shell 1.5%,https://imperator-server.onrender.com/storage-proxy/gift_assets/models/Clam_Shell_1.tgs
Azurite 1.5%,https://imperator-server.onrender.com/storage-proxy/gift_assets/models/Azurite_1.tgs
Frostband 0.5%,https://imperator-server.onrender.com/storage-proxy/gift_assets/models/Frostband_0.tgs
Color Chaos 1.5%,https://imperator-server.onrender.com/storage-proxy/gift_assets/models/Color_Chaos_1.tgs
Silver Lake 1%,https://imperator-server.onrender.com/storage-proxy/gift_assets/models/Silver_Lake_1.tgs
Princess Cut 1.5%,https://imperator-server.onrender.com/storage-proxy/gift_assets/models/Princess_Cut_1.tgs
Flamingo 1.5%,https://imperator-server.onrender.com/storage-proxy/gift_assets/models/Flamingo_1.tgs
Black Amber 1.5%,https://imperator-server.onrender.com/storage-proxy/gift_assets/models/Black_Amber_1.tgs
Blue Pearl 1.5%,https://imperator-server.onrender.com/storage-proxy/gift_assets/models/Blue_Pearl_1.tgs
Prismatic 1.5%,https://imperator-server.onrender.com/storage-proxy/gift_assets/models/Prismatic_1.tgs
Ultramarine 1.5%,https://imperator-server.onrender.com/storage-proxy/gift_assets/models/Ultramarine_1.tgs
Eclipse 1%,https://imperator-server.onrender.com/storage-proxy/gift_assets/models/Eclipse_1.tgs
Quick Silver 1.5%,https://imperator-server.onrender.com/storage-proxy/gift_assets/models/Quick_Silver_1.tgs
Nightshade 1.5%,https://imperator-server.onrender.com/storage-proxy/gift_assets/models/Nightshade_1.tgs
Citrus Shift 1.5%,https://imperator-server.onrender.com/storage-proxy/gift_assets/models/Citrus_Shift_1.tgs
Sunrise 1.5%,https://imperator-server.onrender.com/storage-proxy/gift_assets/models/Sunrise_1.tgs
Acid Green 1.5%,https://imperator-server.onrender.com/storage-proxy/gift_assets/models/Acid_Green_1.tgs
Elven Tears 1.5%,https://imperator-server.onrender.com/storage-proxy/gift_assets/models/Elven_Tears_1.tgs
Blood Band 0.5%,https://imperator-server.onrender.com/storage-proxy/gift_assets/models/Blood_Band_0.tgs
Bondi Blue 1.5%,https://imperator-server.onrender.com/storage-proxy/gift_assets/models/Bondi_Blue_1.tgs
Sapphire 0.5%,https://imperator-server.onrender.com/storage-proxy/gift_assets/models/Sapphire_0.tgs
Valentine 0.5%,https://imperator-server.onrender.com/storage-proxy/gift_assets/models/Valentine_0.tgs
Manhattan 0.5%,https://imperator-server.onrender.com/storage-proxy/gift_assets/models/Manhattan_0.tgs
Neon Chrome 1.5%,https://imperator-server.onrender.com/storage-proxy/gift_assets/models/Neon_Chrome_1.tgs
Sunset 1%,https://imperator-server.onrender.com/storage-proxy/gift_assets/models/Sunset_1.tgs
Tesla 0.5%,https://imperator-server.onrender.com/storage-proxy/gift_assets/models/Tesla_0.tgs
Cold Fusion 0.5%,https://imperator-server.onrender.com/storage-proxy/gift_assets/models/Cold_Fusion_0.tgs
Red Light 1.5%,https://imperator-server.onrender.com/storage-proxy/gift_assets/models/Red_Light_1.tgs
Miami Beach 1.5%,https://imperator-server.onrender.com/storage-proxy/gift_assets/models/Miami_Beach_1.tgs
Rose Quartz 1.5%,https://imperator-server.onrender.com/storage-proxy/gift_assets/models/Rose_Quartz_1.tgs
Aurora 1.5%,https://imperator-server.onrender.com/storage-proxy/gift_assets/models/Aurora_1.tgs
Amethyst 1.5%,https://imperator-server.onrender.com/storage-proxy/gift_assets/models/Amethyst_1.tgs
Peridot 1.5%,https://imperator-server.onrender.com/storage-proxy/gift_assets/models/Peridot_1.tgs
Pink Diamond 0.5%,https://imperator-server.onrender.com/storage-proxy/gift_assets/models/Pink_Diamond_0.tgs
Pure Love 0.5%,https://imperator-server.onrender.com/storage-proxy/gift_assets/models/Pure_Love_0.tgs
Silver Smoke 0.5%,https://imperator-server.onrender.com/storage-proxy/gift_assets/models/Silver_Smoke_0.tgs
Color Spray 0.5%,https://imperator-server.onrender.com/storage-proxy/gift_assets/models/Color_Spray_0.tgs
Champagne 1.5%,https://imperator-server.onrender.com/storage-proxy/gift_assets/models/Champagne_1.tgs
Twilight 1%,https://imperator-server.onrender.com/storage-proxy/gift_assets/models/Twilight_1.tgs
Orion 0.5%,https://imperator-server.onrender.com/storage-proxy/gift_assets/models/Orion_0.tgs
Vice City 0.5%,https://imperator-server.onrender.com/storage-proxy/gift_assets/models/Vice_City_0.tgs
Bloodstone 0.5%,https://imperator-server.onrender.com/storage-proxy/gift_assets/models/Bloodstone_0.tgs
Forest Lake 1.5%,https://imperator-server.onrender.com/storage-proxy/gift_assets/models/Forest_Lake_1.tgs
Scrapyard 1.5%,https://imperator-server.onrender.com/storage-proxy/gift_assets/models/Scrapyard_1.tgs
Water Lily 1.5%,https://imperator-server.onrender.com/storage-proxy/gift_assets/models/Water_Lily_1.tgs
Cold Desire 0.5%,https://imperator-server.onrender.com/storage-proxy/gift_assets/models/Cold_Desire_0.tgs
Mint Candy 1.5%,https://imperator-server.onrender.com/storage-proxy/gift_assets/models/Mint_Candy_1.tgs
Bubble Burst 0.5%,https://imperator-server.onrender.com/storage-proxy/gift_assets/models/Bubble_Burst_0.tgs
Marigold 0.5%,https://imperator-server.onrender.com/storage-proxy/gift_assets/models/Marigold_0.tgs
Snake Eye 0.5%,https://imperator-server.onrender.com/storage-proxy/gift_assets/models/Snake_Eye_0.tgs
Steampunk 1%,https://imperator-server.onrender.com/storage-proxy/gift_assets/models/Steampunk_1.tgs
Cobalt Rose 0.5%,https://imperator-server.onrender.com/storage-proxy/gift_assets/models/Cobalt_Rose_0.tgs
Topaz 1.5%,https://imperator-server.onrender.com/storage-proxy/gift_assets/models/Topaz_1.tgs
Doodle 0.5%,https://imperator-server.onrender.com/storage-proxy/gift_assets/models/Doodle_0.tgs
Black Velvet 1.5%,https://imperator-server.onrender.com/storage-proxy/gift_assets/models/Black_Velvet_1.tgs
Line Art 0.5%,https://imperator-server.onrender.com/storage-proxy/gift_assets/models/Line_Art_0.tgs
Pink Lover 0.5%,https://imperator-server.onrender.com/storage-proxy/gift_assets/models/Pink_Lover_0.tgs
Velvet Rose 0.5%,https://imperator-server.onrender.com/storage-proxy/gift_assets/models/Velvet_Rose_0.tgs
Fireball 0.5%,https://imperator-server.onrender.com/storage-proxy/gift_assets/models/Fireball_0.tgs
Freehand 0.5%,https://imperator-server.onrender.com/storage-proxy/gift_assets/models/Freehand_0.tgs
Couture 0.5%,https://imperator-server.onrender.com/storage-proxy/gift_assets/models/Couture_0.tgs
Midnight 0.5%,https://imperator-server.onrender.com/storage-proxy/gift_assets/models/Midnight_0.tgs
Obsidian 0.5%,https://imperator-server.onrender.com/storage-proxy/gift_assets/models/Obsidian_0.tgs
Sketch 0.5%,https://imperator-server.onrender.com/storage-proxy/gift_assets/models/Sketch_0.tgs
Honeydew 1.5%,https://imperator-server.onrender.com/storage-proxy/gift_assets/models/Honeydew_1.tgs
Whirlpool 0.5%,https://imperator-server.onrender.com/storage-proxy/gift_assets/models/Whirlpool_0.tgs
Iron Feather 0.5%,https://imperator-server.onrender.com/storage-proxy/gift_assets/models/Iron_Feather_0.tgs
Rainbow 0.5%,https://imperator-server.onrender.com/storage-proxy/gift_assets/models/Rainbow_0.tgs
Red Velvet 0.5%,https://imperator-server.onrender.com/storage-proxy/gift_assets/models/Red_Velvet_0.tgs
Color Blocks 0.5%,https://imperator-server.onrender.com/storage-proxy/gift_assets/models/Color_Blocks_0.tgs
Ocean Gem 0.5%,https://imperator-server.onrender.com/storage-proxy/gift_assets/models/Ocean_Gem_0.tgs
Nocturne 0.5%,https://imperator-server.onrender.com/storage-proxy/gift_assets/models/Nocturne_0.tgs
Ocean Agate 0.5%,https://imperator-server.onrender.com/storage-proxy/gift_assets/models/Ocean_Agate_0.tgs
Black Hole 0.5%,https://imperator-server.onrender.com/storage-proxy/gift_assets/models/Black_Hole_0.tgs
Red Whelp 0.5%,https://imperator-server.onrender.com/storage-proxy/gift_assets/models/Red_Whelp_0.tgs
Mr. Benedict 2.5%,https://imperator-server.onrender.com/storage-proxy/gift_assets/models/Mr._Benedict_2.tgs
Purple Bird 2.5%,https://imperator-server.onrender.com/storage-proxy/gift_assets/models/Purple_Bird_2.tgs
Chicken 2%,https://imperator-server.onrender.com/storage-proxy/gift_assets/models/Chicken_2.tgs
Koshchei 1%,https://imperator-server.onrender.com/storage-proxy/gift_assets/models/Koshchei_1.tgs
Gzhel 2.5%,https://imperator-server.onrender.com/storage-proxy/gift_assets/models/Gzhel_2.tgs
Meadow 2.5%,https://imperator-server.onrender.com/storage-proxy/gift_assets/models/Meadow_2.tgs
Eggsecutive 2%,https://imperator-server.onrender.com/storage-proxy/gift_assets/models/Eggsecutive_2.tgs
Omeletron 2%,https://imperator-server.onrender.com/storage-proxy/gift_assets/models/Omeletron_2.tgs
Stamper 2%,https://imperator-server.onrender.com/storage-proxy/gift_assets/models/Stamper_2.tgs
Boiled Pepe 2%,https://imperator-server.onrender.com/storage-proxy/gift_assets/models/Boiled_Pepe_2.tgs
Pure Gold 1.5%,https://imperator-server.onrender.com/storage-proxy/gift_assets/models/Pure_Gold_1.tgs
Jupiter 2%,https://imperator-server.onrender.com/storage-proxy/gift_assets/models/Jupiter_2.tgs
Fine Silver 2%,https://imperator-server.onrender.com/storage-proxy/gift_assets/models/Fine_Silver_2.tgs
Stained Glass 1.5%,https://imperator-server.onrender.com/storage-proxy/gift_assets/models/Stained_Glass_1.tgs
Flowers 2.5%,https://imperator-server.onrender.com/storage-proxy/gift_assets/models/Flowers_2.tgs
Protein Lamp 2.5%,https://imperator-server.onrender.com/storage-proxy/gift_assets/models/Protein_Lamp_2.tgs
Flower Bed 2.5%,https://imperator-server.onrender.com/storage-proxy/gift_assets/models/Flower_Bed_2.tgs
3D Render 2.5%,https://imperator-server.onrender.com/storage-proxy/gift_assets/models/3D_Render_2.tgs
Fish Pod 2%,https://imperator-server.onrender.com/storage-proxy/gift_assets/models/Fish_Pod_2.tgs
Creeper 2%,https://imperator-server.onrender.com/storage-proxy/gift_assets/models/Creeper_2.tgs
Baby Turtle 0.5%,https://imperator-server.onrender.com/storage-proxy/gift_assets/models/Baby_Turtle_0.tgs
Baby Chick 0.5%,https://imperator-server.onrender.com/storage-proxy/gift_assets/models/Baby_Chick_0.tgs
Bronze 2.5%,https://imperator-server.onrender.com/storage-proxy/gift_assets/models/Bronze_2.tgs
Moon Watch 2.5%,https://imperator-server.onrender.com/storage-proxy/gift_assets/models/Moon_Watch_2.tgs
Brick Wall 2.5%,https://imperator-server.onrender.com/storage-proxy/gift_assets/models/Brick_Wall_2.tgs
OS Shell 2%,https://imperator-server.onrender.com/storage-proxy/gift_assets/models/OS_Shell_2.tgs
Little Doge 0.5%,https://imperator-server.onrender.com/storage-proxy/gift_assets/models/Little_Doge_0.tgs
Ladybird 2%,https://imperator-server.onrender.com/storage-proxy/gift_assets/models/Ladybird_2.tgs
Matryoshka 2.5%,https://imperator-server.onrender.com/storage-proxy/gift_assets/models/Matryoshka_2.tgs
Magic Key 2%,https://imperator-server.onrender.com/storage-proxy/gift_assets/models/Magic_Key_2.tgs
Free Flight 2%,https://imperator-server.onrender.com/storage-proxy/gift_assets/models/Free_Flight_2.tgs
Frosted 2.5%,https://imperator-server.onrender.com/storage-proxy/gift_assets/models/Frosted_2.tgs
Ball of Steel 2.5%,https://imperator-server.onrender.com/storage-proxy/gift_assets/models/Ball_of_Steel_2.tgs
Dragon 1.5%,https://imperator-server.onrender.com/storage-proxy/gift_assets/models/Dragon_1.tgs
Chocolate 1%,https://imperator-server.onrender.com/storage-proxy/gift_assets/models/Chocolate_1.tgs
Porcelain 2.5%,https://imperator-server.onrender.com/storage-proxy/gift_assets/models/Porcelain_2.tgs
Cryptid 0.5%,https://imperator-server.onrender.com/storage-proxy/gift_assets/models/Cryptid_0.tgs
Eggburger 2%,https://imperator-server.onrender.com/storage-proxy/gift_assets/models/Eggburger_2.tgs
Foliage 1.5%,https://imperator-server.onrender.com/storage-proxy/gift_assets/models/Foliage_1.tgs
Treasure Map 1.5%,https://imperator-server.onrender.com/storage-proxy/gift_assets/models/Treasure_Map_1.tgs
Early Bird 0.5%,https://imperator-server.onrender.com/storage-proxy/gift_assets/models/Early_Bird_0.tgs
Khokhloma 2.5%,https://imperator-server.onrender.com/storage-proxy/gift_assets/models/Khokhloma_2.tgs
Choco Bunny 0.5%,https://imperator-server.onrender.com/storage-proxy/gift_assets/models/Choco_Bunny_0.tgs
Scrambull 2%,https://imperator-server.onrender.com/storage-proxy/gift_assets/models/Scrambull_2.tgs
Eggmoji 1.5%,https://imperator-server.onrender.com/storage-proxy/gift_assets/models/Eggmoji_1.tgs
Faberge 1%,https://imperator-server.onrender.com/storage-proxy/gift_assets/models/Faberge_1.tgs
Egghead 1%,https://imperator-server.onrender.com/storage-proxy/gift_assets/models/Egghead_1.tgs
Cactus 1%,https://imperator-server.onrender.com/storage-proxy/gift_assets/models/Cactus_1.tgs
Ice Cream 1.5%,https://imperator-server.onrender.com/storage-proxy/gift_assets/models/Ice_Cream_1.tgs
Crown Prince 2.5%,https://imperator-server.onrender.com/storage-proxy/gift_assets/models/Crown_Prince_2.tgs
Meowling 1%,https://imperator-server.onrender.com/storage-proxy/gift_assets/models/Meowling_1.tgs
Unicorn 0.5%,https://imperator-server.onrender.com/storage-proxy/gift_assets/models/Unicorn_0.tgs
Little Dino 0.5%,https://imperator-server.onrender.com/storage-proxy/gift_assets/models/Little_Dino_0.tgs
Pastel Candy 1%,https://imperator-server.onrender.com/storage-proxy/gift_assets/models/Pastel_Candy_1.tgs
Starry Gift 1%,https://imperator-server.onrender.com/storage-proxy/gift_assets/models/Starry_Gift_1.tgs
Deep Freeze 1%,https://imperator-server.onrender.com/storage-proxy/gift_assets/models/Deep_Freeze_1.tgs
Dogel Mogel 1%,https://imperator-server.onrender.com/storage-proxy/gift_assets/models/Dogel_Mogel_1.tgs
Sea Turtle 0.5%,https://imperator-server.onrender.com/storage-proxy/gift_assets/models/Sea_Turtle_0.tgs
Easter Bunny 0.5%,https://imperator-server.onrender.com/storage-proxy/gift_assets/models/Easter_Bunny_0.tgs
Jurassic 0.5%,https://imperator-server.onrender.com/storage-proxy/gift_assets/models/Jurassic_0.tgs
Solar Stone 4%,https://imperator-server.onrender.com/storage-proxy/gift_assets/models/Solar_Stone_4.tgs
Neon Green 4%,https://imperator-server.onrender.com/storage-proxy/gift_assets/models/Neon_Green_4.tgs
Frost Wraith 3%,https://imperator-server.onrender.com/storage-proxy/gift_assets/models/Frost_Wraith_3.tgs
Ruby Eyes 4%,https://imperator-server.onrender.com/storage-proxy/gift_assets/models/Ruby_Eyes_4.tgs
Bone White 4%,https://imperator-server.onrender.com/storage-proxy/gift_assets/models/Bone_White_4.tgs
Ink Skull 1%,https://imperator-server.onrender.com/storage-proxy/gift_assets/models/Ink_Skull_1.tgs
Tangerine 4%,https://imperator-server.onrender.com/storage-proxy/gift_assets/models/Tangerine_4.tgs
Deadly Sweet 3%,https://imperator-server.onrender.com/storage-proxy/gift_assets/models/Deadly_Sweet_3.tgs
Red Death 3%,https://imperator-server.onrender.com/storage-proxy/gift_assets/models/Red_Death_3.tgs
Zombie 4%,https://imperator-server.onrender.com/storage-proxy/gift_assets/models/Zombie_4.tgs
Deadman 4%,https://imperator-server.onrender.com/storage-proxy/gift_assets/models/Deadman_4.tgs
Bubblegum 2%,https://imperator-server.onrender.com/storage-proxy/gift_assets/models/Bubblegum_2.tgs
Dead Apple 1%,https://imperator-server.onrender.com/storage-proxy/gift_assets/models/Dead_Apple_1.tgs
Nightfall 2%,https://imperator-server.onrender.com/storage-proxy/gift_assets/models/Nightfall_2.tgs
Metal Shade 4%,https://imperator-server.onrender.com/storage-proxy/gift_assets/models/Metal_Shade_4.tgs
Herbal Glow 4%,https://imperator-server.onrender.com/storage-proxy/gift_assets/models/Herbal_Glow_4.tgs
Indigo Husk 4%,https://imperator-server.onrender.com/storage-proxy/gift_assets/models/Indigo_Husk_4.tgs
Gentleman 1%,https://imperator-server.onrender.com/storage-proxy/gift_assets/models/Gentleman_1.tgs
Cactus 1.5%,https://imperator-server.onrender.com/storage-proxy/gift_assets/models/Cactus_1.tgs
Corpse Mint 3%,https://imperator-server.onrender.com/storage-proxy/gift_assets/models/Corpse_Mint_3.tgs
Rose Quartz 4%,https://imperator-server.onrender.com/storage-proxy/gift_assets/models/Rose_Quartz_4.tgs
Brass Fossil 4%,https://imperator-server.onrender.com/storage-proxy/gift_assets/models/Brass_Fossil_4.tgs
Diablo 4%,https://imperator-server.onrender.com/storage-proxy/gift_assets/models/Diablo_4.tgs
Starborn 1%,https://imperator-server.onrender.com/storage-proxy/gift_assets/models/Starborn_1.tgs
Void Totem 1%,https://imperator-server.onrender.com/storage-proxy/gift_assets/models/Void_Totem_1.tgs
Phantom 2%,https://imperator-server.onrender.com/storage-proxy/gift_assets/models/Phantom_2.tgs
Cobweb 0.5%,https://imperator-server.onrender.com/storage-proxy/gift_assets/models/Cobweb_0.tgs
Radiant 3%,https://imperator-server.onrender.com/storage-proxy/gift_assets/models/Radiant_3.tgs
Smiley 0.5%,https://imperator-server.onrender.com/storage-proxy/gift_assets/models/Smiley_0.tgs
Dead Kitty 1.5%,https://imperator-server.onrender.com/storage-proxy/gift_assets/models/Dead_Kitty_1.tgs
Sleepy Hollow 0.5%,https://imperator-server.onrender.com/storage-proxy/gift_assets/models/Sleepy_Hollow_0.tgs
Half Alive 0.8%,https://imperator-server.onrender.com/storage-proxy/gift_assets/models/Half_Alive_0.tgs
Twisted Heart 1%,https://imperator-server.onrender.com/storage-proxy/gift_assets/models/Twisted_Heart_1.tgs
Sunset Veil 2%,https://imperator-server.onrender.com/storage-proxy/gift_assets/models/Sunset_Veil_2.tgs
Wild Desire 1%,https://imperator-server.onrender.com/storage-proxy/gift_assets/models/Wild_Desire_1.tgs
Cute Monster 1.5%,https://imperator-server.onrender.com/storage-proxy/gift_assets/models/Cute_Monster_1.tgs
Fiesta 0.5%,https://imperator-server.onrender.com/storage-proxy/gift_assets/models/Fiesta_0.tgs
Creeper Berry 0.5%,https://imperator-server.onrender.com/storage-proxy/gift_assets/models/Creeper_Berry_0.tgs
Divinity 0.5%,https://imperator-server.onrender.com/storage-proxy/gift_assets/models/Divinity_0.tgs
Happy End 1.5%,https://imperator-server.onrender.com/storage-proxy/gift_assets/models/Happy_End_1.tgs
Hellfire 1%,https://imperator-server.onrender.com/storage-proxy/gift_assets/models/Hellfire_1.tgs
Party Soul 0.5%,https://imperator-server.onrender.com/storage-proxy/gift_assets/models/Party_Soul_0.tgs
Chromatic 3%,https://imperator-server.onrender.com/storage-proxy/gift_assets/models/Chromatic_3.tgs
Clockwork 0.5%,https://imperator-server.onrender.com/storage-proxy/gift_assets/models/Clockwork_0.tgs
Starman 0.5%,https://imperator-server.onrender.com/storage-proxy/gift_assets/models/Starman_0.tgs
Polka Dead 1.5%,https://imperator-server.onrender.com/storage-proxy/gift_assets/models/Polka_Dead_1.tgs
Terminator 0.3%,https://imperator-server.onrender.com/storage-proxy/gift_assets/models/Terminator_0.tgs
Nightmare 0.3%,https://imperator-server.onrender.com/storage-proxy/gift_assets/models/Nightmare_0.tgs
Bad Fortune 0.3%,https://imperator-server.onrender.com/storage-proxy/gift_assets/models/Bad_Fortune_0.tgs
Pop Art 1.5%,https://imperator-server.onrender.com/storage-proxy/gift_assets/models/Pop_Art_1.tgs
Indiglow 1.5%,https://imperator-server.onrender.com/storage-proxy/gift_assets/models/Indiglow_1.tgs
My Precious 1.5%,https://imperator-server.onrender.com/storage-proxy/gift_assets/models/My_Precious_1.tgs
Blue Steel 1.5%,https://imperator-server.onrender.com/storage-proxy/gift_assets/models/Blue_Steel_1.tgs
Neroli Noir 1.5%,https://imperator-server.onrender.com/storage-proxy/gift_assets/models/Neroli_Noir_1.tgs
Purple Wave 1.5%,https://imperator-server.onrender.com/storage-proxy/gift_assets/models/Purple_Wave_1.tgs
Gold Stars 1%,https://imperator-server.onrender.com/storage-proxy/gift_assets/models/Gold_Stars_1.tgs
Love Dreams 1%,https://imperator-server.onrender.com/storage-proxy/gift_assets/models/Love_Dreams_1.tgs
Cranberry 1.5%,https://imperator-server.onrender.com/storage-proxy/gift_assets/models/Cranberry_1.tgs
First Dawn 1.5%,https://imperator-server.onrender.com/storage-proxy/gift_assets/models/First_Dawn_1.tgs
Wolfsbane 1.5%,https://imperator-server.onrender.com/storage-proxy/gift_assets/models/Wolfsbane_1.tgs
Serenity 1.5%,https://imperator-server.onrender.com/storage-proxy/gift_assets/models/Serenity_1.tgs
White Ash 1.5%,https://imperator-server.onrender.com/storage-proxy/gift_assets/models/White_Ash_1.tgs
Spiced Apple 1.5%,https://imperator-server.onrender.com/storage-proxy/gift_assets/models/Spiced_Apple_1.tgs
Coastal Cove 1.5%,https://imperator-server.onrender.com/storage-proxy/gift_assets/models/Coastal_Cove_1.tgs
Warm Embrace 1.5%,https://imperator-server.onrender.com/storage-proxy/gift_assets/models/Warm_Embrace_1.tgs
Pearl Clam 1%,https://imperator-server.onrender.com/storage-proxy/gift_assets/models/Pearl_Clam_1.tgs
Red Melter 1.5%,https://imperator-server.onrender.com/storage-proxy/gift_assets/models/Red_Melter_1.tgs
Half Moon 1.5%,https://imperator-server.onrender.com/storage-proxy/gift_assets/models/Half_Moon_1.tgs
Yellow Gold 1.5%,https://imperator-server.onrender.com/storage-proxy/gift_assets/models/Yellow_Gold_1.tgs
Witch’s Candle 1.5%,https://imperator-server.onrender.com/storage-proxy/gift_assets/models/Witchs_Candle_1.tgs
Sacred Lotus 1%,https://imperator-server.onrender.com/storage-proxy/gift_assets/models/Sacred_Lotus_1.tgs
Jasmine 1.5%,https://imperator-server.onrender.com/storage-proxy/gift_assets/models/Jasmine_1.tgs
Cool Metal 1.5%,https://imperator-server.onrender.com/storage-proxy/gift_assets/models/Cool_Metal_1.tgs
Blue Beam 1.5%,https://imperator-server.onrender.com/storage-proxy/gift_assets/models/Blue_Beam_1.tgs
Sugar Skull 1%,https://imperator-server.onrender.com/storage-proxy/gift_assets/models/Sugar_Skull_1.tgs
Supernova 1.5%,https://imperator-server.onrender.com/storage-proxy/gift_assets/models/Supernova_1.tgs
Citrus Burst 1.5%,https://imperator-server.onrender.com/storage-proxy/gift_assets/models/Citrus_Burst_1.tgs
Late Dusk 1.5%,https://imperator-server.onrender.com/storage-proxy/gift_assets/models/Late_Dusk_1.tgs
Saturated 1.5%,https://imperator-server.onrender.com/storage-proxy/gift_assets/models/Saturated_1.tgs
Hot Kiss 1%,https://imperator-server.onrender.com/storage-proxy/gift_assets/models/Hot_Kiss_1.tgs
Hydrangea 1.5%,https://imperator-server.onrender.com/storage-proxy/gift_assets/models/Hydrangea_1.tgs
Thick Honey 1.5%,https://imperator-server.onrender.com/storage-proxy/gift_assets/models/Thick_Honey_1.tgs
Rose Tea 1%,https://imperator-server.onrender.com/storage-proxy/gift_assets/models/Rose_Tea_1.tgs
Frosted Glass 1.5%,https://imperator-server.onrender.com/storage-proxy/gift_assets/models/Frosted_Glass_1.tgs
Sequin 0.5%,https://imperator-server.onrender.com/storage-proxy/gift_assets/models/Sequin_0.tgs
Spring Bloom 1%,https://imperator-server.onrender.com/storage-proxy/gift_assets/models/Spring_Bloom_1.tgs
Iceberg 1%,https://imperator-server.onrender.com/storage-proxy/gift_assets/models/Iceberg_1.tgs
Horoscope 1%,https://imperator-server.onrender.com/storage-proxy/gift_assets/models/Horoscope_1.tgs
Tortuga 1%,https://imperator-server.onrender.com/storage-proxy/gift_assets/models/Tortuga_1.tgs
Proposal 1%,https://imperator-server.onrender.com/storage-proxy/gift_assets/models/Proposal_1.tgs
Poison Ivy 1%,https://imperator-server.onrender.com/storage-proxy/gift_assets/models/Poison_Ivy_1.tgs
Ephemeral 1.5%,https://imperator-server.onrender.com/storage-proxy/gift_assets/models/Ephemeral_1.tgs
Two-Tone 1.5%,https://imperator-server.onrender.com/storage-proxy/gift_assets/models/Two-Tone_1.tgs
Evening Star 1.5%,https://imperator-server.onrender.com/storage-proxy/gift_assets/models/Evening_Star_1.tgs
Floral Scent 1%,https://imperator-server.onrender.com/storage-proxy/gift_assets/models/Floral_Scent_1.tgs
Snake Skin 0.5%,https://imperator-server.onrender.com/storage-proxy/gift_assets/models/Snake_Skin_0.tgs
Unicorn 1.5%,https://imperator-server.onrender.com/storage-proxy/gift_assets/models/Unicorn_1.tgs
Rare Jewels 0.5%,https://imperator-server.onrender.com/storage-proxy/gift_assets/models/Rare_Jewels_0.tgs
Vanilla Oasis 1.5%,https://imperator-server.onrender.com/storage-proxy/gift_assets/models/Vanilla_Oasis_1.tgs
Winter Mist 1.5%,https://imperator-server.onrender.com/storage-proxy/gift_assets/models/Winter_Mist_1.tgs
Candyman 1.5%,https://imperator-server.onrender.com/storage-proxy/gift_assets/models/Candyman_1.tgs
Deep Sea 1.5%,https://imperator-server.onrender.com/storage-proxy/gift_assets/models/Deep_Sea_1.tgs
Dreamscape 1.5%,https://imperator-server.onrender.com/storage-proxy/gift_assets/models/Dreamscape_1.tgs
Gradient Wax 1.5%,https://imperator-server.onrender.com/storage-proxy/gift_assets/models/Gradient_Wax_1.tgs
Bubble Bath 0.5%,https://imperator-server.onrender.com/storage-proxy/gift_assets/models/Bubble_Bath_0.tgs
Burnt Amber 1.5%,https://imperator-server.onrender.com/storage-proxy/gift_assets/models/Burnt_Amber_1.tgs
Dark Desire 1.5%,https://imperator-server.onrender.com/storage-proxy/gift_assets/models/Dark_Desire_1.tgs
Carnation 1.5%,https://imperator-server.onrender.com/storage-proxy/gift_assets/models/Carnation_1.tgs
Cult Candle 1%,https://imperator-server.onrender.com/storage-proxy/gift_assets/models/Cult_Candle_1.tgs
Wildflowers 0.5%,https://imperator-server.onrender.com/storage-proxy/gift_assets/models/Wildflowers_0.tgs
Twilight 1.5%,https://imperator-server.onrender.com/storage-proxy/gift_assets/models/Twilight_1.tgs
Hot Cocoa 0.5%,https://imperator-server.onrender.com/storage-proxy/gift_assets/models/Hot_Cocoa_0.tgs
Mermaid 1.5%,https://imperator-server.onrender.com/storage-proxy/gift_assets/models/Mermaid_1.tgs
Toxic Smoke 1.5%,https://imperator-server.onrender.com/storage-proxy/gift_assets/models/Toxic_Smoke_1.tgs
Satin Bow 0.5%,https://imperator-server.onrender.com/storage-proxy/gift_assets/models/Satin_Bow_0.tgs
Hot Emerald 1.5%,https://imperator-server.onrender.com/storage-proxy/gift_assets/models/Hot_Emerald_1.tgs
Silver Spark 1.5%,https://imperator-server.onrender.com/storage-proxy/gift_assets/models/Silver_Spark_1.tgs
Mirkwood 1%,https://imperator-server.onrender.com/storage-proxy/gift_assets/models/Mirkwood_1.tgs
Cherry Burn 0.5%,https://imperator-server.onrender.com/storage-proxy/gift_assets/models/Cherry_Burn_0.tgs
Baphomet 1%,https://imperator-server.onrender.com/storage-proxy/gift_assets/models/Baphomet_1.tgs
Healing Mist 0.5%,https://imperator-server.onrender.com/storage-proxy/gift_assets/models/Healing_Mist_0.tgs
Pinstripe 1.5%,https://imperator-server.onrender.com/storage-proxy/gift_assets/models/Pinstripe_1.tgs
Krakatoa 1%,https://imperator-server.onrender.com/storage-proxy/gift_assets/models/Krakatoa_1.tgs
Bronze Rose 1.5%,https://imperator-server.onrender.com/storage-proxy/gift_assets/models/Bronze_Rose_1.tgs
Gruyere 1%,https://imperator-server.onrender.com/storage-proxy/gift_assets/models/Gruyere_1.tgs
Moonstone 2.2%,https://imperator-server.onrender.com/storage-proxy/gift_assets/models/Moonstone_2.tgs
Silver Flower 1.9%,https://imperator-server.onrender.com/storage-proxy/gift_assets/models/Silver_Flower_1.tgs
Sunset Jewel 2.5%,https://imperator-server.onrender.com/storage-proxy/gift_assets/models/Sunset_Jewel_2.tgs
Midnight Glow 2.5%,https://imperator-server.onrender.com/storage-proxy/gift_assets/models/Midnight_Glow_2.tgs
Golden Lock 1.3%,https://imperator-server.onrender.com/storage-proxy/gift_assets/models/Golden_Lock_1.tgs
Gentle Magic 2.5%,https://imperator-server.onrender.com/storage-proxy/gift_assets/models/Gentle_Magic_2.tgs
Silent Bloom 2.2%,https://imperator-server.onrender.com/storage-proxy/gift_assets/models/Silent_Bloom_2.tgs
Twilight Mist 2.5%,https://imperator-server.onrender.com/storage-proxy/gift_assets/models/Twilight_Mist_2.tgs
Fallout 2.5%,https://imperator-server.onrender.com/storage-proxy/gift_assets/models/Fallout_2.tgs
Golden Shine 1.9%,https://imperator-server.onrender.com/storage-proxy/gift_assets/models/Golden_Shine_1.tgs
Addams 1.9%,https://imperator-server.onrender.com/storage-proxy/gift_assets/models/Addams_1.tgs
Celestial Bud 2.5%,https://imperator-server.onrender.com/storage-proxy/gift_assets/models/Celestial_Bud_2.tgs
Paper Bloom 1.9%,https://imperator-server.onrender.com/storage-proxy/gift_assets/models/Paper_Bloom_1.tgs
Winter 1.3%,https://imperator-server.onrender.com/storage-proxy/gift_assets/models/Winter_1.tgs
Ink Blaze 1.9%,https://imperator-server.onrender.com/storage-proxy/gift_assets/models/Ink_Blaze_1.tgs
Solar Flare 2.5%,https://imperator-server.onrender.com/storage-proxy/gift_assets/models/Solar_Flare_2.tgs
Fracture 1.3%,https://imperator-server.onrender.com/storage-proxy/gift_assets/models/Fracture_1.tgs
Halftone 1.9%,https://imperator-server.onrender.com/storage-proxy/gift_assets/models/Halftone_1.tgs
Thor-ny 1.3%,https://imperator-server.onrender.com/storage-proxy/gift_assets/models/Thor-ny_1.tgs
Lunar Charm 2.2%,https://imperator-server.onrender.com/storage-proxy/gift_assets/models/Lunar_Charm_2.tgs
3D Glow 1.9%,https://imperator-server.onrender.com/storage-proxy/gift_assets/models/3D_Glow_1.tgs
Mirage 2.2%,https://imperator-server.onrender.com/storage-proxy/gift_assets/models/Mirage_2.tgs
Mystic Frost 2.5%,https://imperator-server.onrender.com/storage-proxy/gift_assets/models/Mystic_Frost_2.tgs
Phantom Glow 2.2%,https://imperator-server.onrender.com/storage-proxy/gift_assets/models/Phantom_Glow_2.tgs
Opal Dream 2.2%,https://imperator-server.onrender.com/storage-proxy/gift_assets/models/Opal_Dream_2.tgs
Mystic Ink 1.9%,https://imperator-server.onrender.com/storage-proxy/gift_assets/models/Mystic_Ink_1.tgs
Sketchy 1.9%,https://imperator-server.onrender.com/storage-proxy/gift_assets/models/Sketchy_1.tgs
Gilded Petal 2.5%,https://imperator-server.onrender.com/storage-proxy/gift_assets/models/Gilded_Petal_2.tgs
Lilac Relic 2.5%,https://imperator-server.onrender.com/storage-proxy/gift_assets/models/Lilac_Relic_2.tgs
Smooch 1.9%,https://imperator-server.onrender.com/storage-proxy/gift_assets/models/Smooch_1.tgs
Jade Bloom 2.5%,https://imperator-server.onrender.com/storage-proxy/gift_assets/models/Jade_Bloom_2.tgs
Vampire 1.9%,https://imperator-server.onrender.com/storage-proxy/gift_assets/models/Vampire_1.tgs
Quantum 0.8%,https://imperator-server.onrender.com/storage-proxy/gift_assets/models/Quantum_0.tgs
Poison Ivy 2.2%,https://imperator-server.onrender.com/storage-proxy/gift_assets/models/Poison_Ivy_2.tgs
Glitchy Spell 1.3%,https://imperator-server.onrender.com/storage-proxy/gift_assets/models/Glitchy_Spell_1.tgs
Prism 2.5%,https://imperator-server.onrender.com/storage-proxy/gift_assets/models/Prism_2.tgs
Fireflies 2.5%,https://imperator-server.onrender.com/storage-proxy/gift_assets/models/Fireflies_2.tgs
Nightfall 2.2%,https://imperator-server.onrender.com/storage-proxy/gift_assets/models/Nightfall_2.tgs
Aurora Veil 2.2%,https://imperator-server.onrender.com/storage-proxy/gift_assets/models/Aurora_Veil_2.tgs
Purple Bloom 2.5%,https://imperator-server.onrender.com/storage-proxy/gift_assets/models/Purple_Bloom_2.tgs
Ember Spark 2.2%,https://imperator-server.onrender.com/storage-proxy/gift_assets/models/Ember_Spark_2.tgs
Vivid Prize 0.8%,https://imperator-server.onrender.com/storage-proxy/gift_assets/models/Vivid_Prize_0.tgs
Pop Petal 1.9%,https://imperator-server.onrender.com/storage-proxy/gift_assets/models/Pop_Petal_1.tgs
Rainglow 1.9%,https://imperator-server.onrender.com/storage-proxy/gift_assets/models/Rainglow_1.tgs
Bronze Sparkle 1.9%,https://imperator-server.onrender.com/storage-proxy/gift_assets/models/Bronze_Sparkle_1.tgs
Ice Artifact 1.9%,https://imperator-server.onrender.com/storage-proxy/gift_assets/models/Ice_Artifact_1.tgs
Inferno 1.3%,https://imperator-server.onrender.com/storage-proxy/gift_assets/models/Inferno_1.tgs
Cobalt Magic 2.5%,https://imperator-server.onrender.com/storage-proxy/gift_assets/models/Cobalt_Magic_2.tgs
Stolen Bloom 1.3%,https://imperator-server.onrender.com/storage-proxy/gift_assets/models/Stolen_Bloom_1.tgs
Atlantis 1.3%,https://imperator-server.onrender.com/storage-proxy/gift_assets/models/Atlantis_1.tgs
Ice Sight 0.5%,https://imperator-server.onrender.com/storage-proxy/gift_assets/models/Ice_Sight_0.tgs
Red Ring 1.5%,https://imperator-server.onrender.com/storage-proxy/gift_assets/models/Red_Ring_1.tgs
Outbreak 2.5%,https://imperator-server.onrender.com/storage-proxy/gift_assets/models/Outbreak_2.tgs
Direct Current 2.5%,https://imperator-server.onrender.com/storage-proxy/gift_assets/models/Direct_Current_2.tgs
Monochrome 1.5%,https://imperator-server.onrender.com/storage-proxy/gift_assets/models/Monochrome_1.tgs
Monster Mash 2.5%,https://imperator-server.onrender.com/storage-proxy/gift_assets/models/Monster_Mash_2.tgs
Succubus 3%,https://imperator-server.onrender.com/storage-proxy/gift_assets/models/Succubus_3.tgs
Submarine 3%,https://imperator-server.onrender.com/storage-proxy/gift_assets/models/Submarine_3.tgs
Baltic Amber 3%,https://imperator-server.onrender.com/storage-proxy/gift_assets/models/Baltic_Amber_3.tgs
8 Ball 3%,https://imperator-server.onrender.com/storage-proxy/gift_assets/models/8_Ball_3.tgs
Canceled 1.5%,https://imperator-server.onrender.com/storage-proxy/gift_assets/models/Canceled_1.tgs
Grinch Gaze 3%,https://imperator-server.onrender.com/storage-proxy/gift_assets/models/Grinch_Gaze_3.tgs
Golden Gleam 1%,https://imperator-server.onrender.com/storage-proxy/gift_assets/models/Golden_Gleam_1.tgs
Grayscale 3%,https://imperator-server.onrender.com/storage-proxy/gift_assets/models/Grayscale_3.tgs
True North 1.5%,https://imperator-server.onrender.com/storage-proxy/gift_assets/models/True_North_1.tgs
Cirrus 3%,https://imperator-server.onrender.com/storage-proxy/gift_assets/models/Cirrus_3.tgs
Seeing Stars 0.5%,https://imperator-server.onrender.com/storage-proxy/gift_assets/models/Seeing_Stars_0.tgs
Deep Purple 2.5%,https://imperator-server.onrender.com/storage-proxy/gift_assets/models/Deep_Purple_2.tgs
Cybernetic 3%,https://imperator-server.onrender.com/storage-proxy/gift_assets/models/Cybernetic_3.tgs
Blue Period 2.5%,https://imperator-server.onrender.com/storage-proxy/gift_assets/models/Blue_Period_2.tgs
Tesla Coil 0.5%,https://imperator-server.onrender.com/storage-proxy/gift_assets/models/Tesla_Coil_0.tgs
Output Error 0.5%,https://imperator-server.onrender.com/storage-proxy/gift_assets/models/Output_Error_0.tgs
Periwinkle 3%,https://imperator-server.onrender.com/storage-proxy/gift_assets/models/Periwinkle_3.tgs
Dragonborn 3%,https://imperator-server.onrender.com/storage-proxy/gift_assets/models/Dragonborn_3.tgs
Blink 3%,https://imperator-server.onrender.com/storage-proxy/gift_assets/models/Blink_3.tgs
Radioactive 3%,https://imperator-server.onrender.com/storage-proxy/gift_assets/models/Radioactive_3.tgs
Visible Spectrum 2.5%,https://imperator-server.onrender.com/storage-proxy/gift_assets/models/Visible_Spectrum_2.tgs
Green Lantern 3%,https://imperator-server.onrender.com/storage-proxy/gift_assets/models/Green_Lantern_3.tgs
Pink Eye 3%,https://imperator-server.onrender.com/storage-proxy/gift_assets/models/Pink_Eye_3.tgs
Jarvis 0.5%,https://imperator-server.onrender.com/storage-proxy/gift_assets/models/Jarvis_0.tgs
Bloodshot 3%,https://imperator-server.onrender.com/storage-proxy/gift_assets/models/Bloodshot_3.tgs
Silver Glass 1.5%,https://imperator-server.onrender.com/storage-proxy/gift_assets/models/Silver_Glass_1.tgs
Solar Flare 3%,https://imperator-server.onrender.com/storage-proxy/gift_assets/models/Solar_Flare_3.tgs
Dark Secret 3%,https://imperator-server.onrender.com/storage-proxy/gift_assets/models/Dark_Secret_3.tgs
Poison Plus 1.5%,https://imperator-server.onrender.com/storage-proxy/gift_assets/models/Poison_Plus_1.tgs
HAL 9000 1.5%,https://imperator-server.onrender.com/storage-proxy/gift_assets/models/HAL_9000_1.tgs
Blue Flame 0.5%,https://imperator-server.onrender.com/storage-proxy/gift_assets/models/Blue_Flame_0.tgs
Concentric Circles 1.5%,https://imperator-server.onrender.com/storage-proxy/gift_assets/models/Concentric_Circles_1.tgs
Transparency 1%,https://imperator-server.onrender.com/storage-proxy/gift_assets/models/Transparency_1.tgs
Pale Palette 3%,https://imperator-server.onrender.com/storage-proxy/gift_assets/models/Pale_Palette_3.tgs
Do Not Disturb 3%,https://imperator-server.onrender.com/storage-proxy/gift_assets/models/Do_Not_Disturb_3.tgs
Hypnosis 1.5%,https://imperator-server.onrender.com/storage-proxy/gift_assets/models/Hypnosis_1.tgs
Eye Bone 1.5%,https://imperator-server.onrender.com/storage-proxy/gift_assets/models/Eye_Bone_1.tgs
Apex Predator 1.5%,https://imperator-server.onrender.com/storage-proxy/gift_assets/models/Apex_Predator_1.tgs
Press Play 1.5%,https://imperator-server.onrender.com/storage-proxy/gift_assets/models/Press_Play_1.tgs
First Sight 1%,https://imperator-server.onrender.com/storage-proxy/gift_assets/models/First_Sight_1.tgs
Inverted 1.5%,https://imperator-server.onrender.com/storage-proxy/gift_assets/models/Inverted_1.tgs
Event Horizon 0.5%,https://imperator-server.onrender.com/storage-proxy/gift_assets/models/Event_Horizon_0.tgs
Starlight 1.5%,https://imperator-server.onrender.com/storage-proxy/gift_assets/models/Starlight_1.tgs
Morphing 0.5%,https://imperator-server.onrender.com/storage-proxy/gift_assets/models/Morphing_0.tgs
Serenity 2%,https://imperator-server.onrender.com/storage-proxy/gift_assets/models/Serenity_2.tgs
Eternal Light 1%,https://imperator-server.onrender.com/storage-proxy/gift_assets/models/Eternal_Light_1.tgs
Aurora 2.5%,https://imperator-server.onrender.com/storage-proxy/gift_assets/models/Aurora_2.tgs
Lilac Dream 2.5%,https://imperator-server.onrender.com/storage-proxy/gift_assets/models/Lilac_Dream_2.tgs
Lunar Veil 3%,https://imperator-server.onrender.com/storage-proxy/gift_assets/models/Lunar_Veil_3.tgs
Moonlight 1.5%,https://imperator-server.onrender.com/storage-proxy/gift_assets/models/Moonlight_1.tgs
Purple Dunes 2%,https://imperator-server.onrender.com/storage-proxy/gift_assets/models/Purple_Dunes_2.tgs
Silver Gold 2.5%,https://imperator-server.onrender.com/storage-proxy/gift_assets/models/Silver_Gold_2.tgs
Moon Gem 2%,https://imperator-server.onrender.com/storage-proxy/gift_assets/models/Moon_Gem_2.tgs
Shiny Silk 2.5%,https://imperator-server.onrender.com/storage-proxy/gift_assets/models/Shiny_Silk_2.tgs
Velvet Dusk 2.5%,https://imperator-server.onrender.com/storage-proxy/gift_assets/models/Velvet_Dusk_2.tgs
Miracle 1%,https://imperator-server.onrender.com/storage-proxy/gift_assets/models/Miracle_1.tgs
Crystal Leaf 3%,https://imperator-server.onrender.com/storage-proxy/gift_assets/models/Crystal_Leaf_3.tgs
Starlace 2%,https://imperator-server.onrender.com/storage-proxy/gift_assets/models/Starlace_2.tgs
Morning Dew 2.5%,https://imperator-server.onrender.com/storage-proxy/gift_assets/models/Morning_Dew_2.tgs
Luminous 2.5%,https://imperator-server.onrender.com/storage-proxy/gift_assets/models/Luminous_2.tgs
Azure Glow 2.5%,https://imperator-server.onrender.com/storage-proxy/gift_assets/models/Azure_Glow_2.tgs
Starry Eve 1.5%,https://imperator-server.onrender.com/storage-proxy/gift_assets/models/Starry_Eve_1.tgs
Radiance 2%,https://imperator-server.onrender.com/storage-proxy/gift_assets/models/Radiance_2.tgs
Frosty Night 2.5%,https://imperator-server.onrender.com/storage-proxy/gift_assets/models/Frosty_Night_2.tgs
Lavender 2.5%,https://imperator-server.onrender.com/storage-proxy/gift_assets/models/Lavender_2.tgs
Ethereal 2%,https://imperator-server.onrender.com/storage-proxy/gift_assets/models/Ethereal_2.tgs
Silver Charm 2.5%,https://imperator-server.onrender.com/storage-proxy/gift_assets/models/Silver_Charm_2.tgs
Ruby Drop 0.5%,https://imperator-server.onrender.com/storage-proxy/gift_assets/models/Ruby_Drop_0.tgs
Secret Bloom 1%,https://imperator-server.onrender.com/storage-proxy/gift_assets/models/Secret_Bloom_1.tgs
Rose Gold 3%,https://imperator-server.onrender.com/storage-proxy/gift_assets/models/Rose_Gold_3.tgs
Soft Whisper 1.5%,https://imperator-server.onrender.com/storage-proxy/gift_assets/models/Soft_Whisper_1.tgs
Sunset Gem 1.5%,https://imperator-server.onrender.com/storage-proxy/gift_assets/models/Sunset_Gem_1.tgs
Celestial Gem 2.5%,https://imperator-server.onrender.com/storage-proxy/gift_assets/models/Celestial_Gem_2.tgs
Greenstone 2.5%,https://imperator-server.onrender.com/storage-proxy/gift_assets/models/Greenstone_2.tgs
Rose Pearl 3%,https://imperator-server.onrender.com/storage-proxy/gift_assets/models/Rose_Pearl_3.tgs
Midnight 1.5%,https://imperator-server.onrender.com/storage-proxy/gift_assets/models/Midnight_1.tgs
Constellation 3%,https://imperator-server.onrender.com/storage-proxy/gift_assets/models/Constellation_3.tgs
Sunny Mosaic 2%,https://imperator-server.onrender.com/storage-proxy/gift_assets/models/Sunny_Mosaic_2.tgs
Bronze Tower 3%,https://imperator-server.onrender.com/storage-proxy/gift_assets/models/Bronze_Tower_3.tgs
Winter 1.5%,https://imperator-server.onrender.com/storage-proxy/gift_assets/models/Winter_1.tgs
Emerald 2%,https://imperator-server.onrender.com/storage-proxy/gift_assets/models/Emerald_2.tgs
Royal Green 2.5%,https://imperator-server.onrender.com/storage-proxy/gift_assets/models/Royal_Green_2.tgs
Mystic Tide 3%,https://imperator-server.onrender.com/storage-proxy/gift_assets/models/Mystic_Tide_3.tgs
Twilight Rose 2.5%,https://imperator-server.onrender.com/storage-proxy/gift_assets/models/Twilight_Rose_2.tgs
Sunrise 2.5%,https://imperator-server.onrender.com/storage-proxy/gift_assets/models/Sunrise_2.tgs
Cool Breeze 2%,https://imperator-server.onrender.com/storage-proxy/gift_assets/models/Cool_Breeze_2.tgs
Dark Night 1%,https://imperator-server.onrender.com/storage-proxy/gift_assets/models/Dark_Night_1.tgs
Princess 1.5%,https://imperator-server.onrender.com/storage-proxy/gift_assets/models/Princess_1.tgs
Lightwoven 1%,https://imperator-server.onrender.com/storage-proxy/gift_assets/models/Lightwoven_1.tgs
Ocean Glass 0.5%,https://imperator-server.onrender.com/storage-proxy/gift_assets/models/Ocean_Glass_0.tgs
Golden Lace 0.5%,https://imperator-server.onrender.com/storage-proxy/gift_assets/models/Golden_Lace_0.tgs
Obsidian 1.5%,https://imperator-server.onrender.com/storage-proxy/gift_assets/models/Obsidian_1.tgs
Gold Night 0.5%,https://imperator-server.onrender.com/storage-proxy/gift_assets/models/Gold_Night_0.tgs
Rosy Rocket 2.5%,https://imperator-server.onrender.com/storage-proxy/gift_assets/models/Rosy_Rocket_2.tgs
Pink Plume 2.5%,https://imperator-server.onrender.com/storage-proxy/gift_assets/models/Pink_Plume_2.tgs
Green Machine 2.5%,https://imperator-server.onrender.com/storage-proxy/gift_assets/models/Green_Machine_2.tgs
Butterflight 1.5%,https://imperator-server.onrender.com/storage-proxy/gift_assets/models/Butterflight_1.tgs
Dusk Duster 2.5%,https://imperator-server.onrender.com/storage-proxy/gift_assets/models/Dusk_Duster_2.tgs
Stealth Sweep 2.5%,https://imperator-server.onrender.com/storage-proxy/gift_assets/models/Stealth_Sweep_2.tgs
Sleep Sweeper 2%,https://imperator-server.onrender.com/storage-proxy/gift_assets/models/Sleep_Sweeper_2.tgs
Chroma 2%,https://imperator-server.onrender.com/storage-proxy/gift_assets/models/Chroma_2.tgs
Vineyard 2%,https://imperator-server.onrender.com/storage-proxy/gift_assets/models/Vineyard_2.tgs
Hufflepuff 1.5%,https://imperator-server.onrender.com/storage-proxy/gift_assets/models/Hufflepuff_1.tgs
Unreliable 1.5%,https://imperator-server.onrender.com/storage-proxy/gift_assets/models/Unreliable_1.tgs
Lightspeed 1.5%,https://imperator-server.onrender.com/storage-proxy/gift_assets/models/Lightspeed_1.tgs
Nimbus 2.5%,https://imperator-server.onrender.com/storage-proxy/gift_assets/models/Nimbus_2.tgs
Colorless 2.5%,https://imperator-server.onrender.com/storage-proxy/gift_assets/models/Colorless_2.tgs
Graveyard 2%,https://imperator-server.onrender.com/storage-proxy/gift_assets/models/Graveyard_2.tgs
Warm Oak 2.5%,https://imperator-server.onrender.com/storage-proxy/gift_assets/models/Warm_Oak_2.tgs
Scribbler 2%,https://imperator-server.onrender.com/storage-proxy/gift_assets/models/Scribbler_2.tgs
Dark Pine 2.5%,https://imperator-server.onrender.com/storage-proxy/gift_assets/models/Dark_Pine_2.tgs
Santa’s Stick 2%,https://imperator-server.onrender.com/storage-proxy/gift_assets/models/Santas_Stick_2.tgs
RGB Branch 2%,https://imperator-server.onrender.com/storage-proxy/gift_assets/models/RGB_Branch_2.tgs
Zig-Zag 2%,https://imperator-server.onrender.com/storage-proxy/gift_assets/models/Zig-Zag_2.tgs
Color Shift 2.5%,https://imperator-server.onrender.com/storage-proxy/gift_assets/models/Color_Shift_2.tgs
Thunder 1.5%,https://imperator-server.onrender.com/storage-proxy/gift_assets/models/Thunder_1.tgs
Red Rotation 2%,https://imperator-server.onrender.com/storage-proxy/gift_assets/models/Red_Rotation_2.tgs
Sub-Zero 1.5%,https://imperator-server.onrender.com/storage-proxy/gift_assets/models/Sub-Zero_1.tgs
Emergency 1.5%,https://imperator-server.onrender.com/storage-proxy/gift_assets/models/Emergency_1.tgs
Hextech 2.5%,https://imperator-server.onrender.com/storage-proxy/gift_assets/models/Hextech_2.tgs
Hulk Juice 1.5%,https://imperator-server.onrender.com/storage-proxy/gift_assets/models/Hulk_Juice_1.tgs
Mint Sprint 2%,https://imperator-server.onrender.com/storage-proxy/gift_assets/models/Mint_Sprint_2.tgs
Ravenclaw 1.5%,https://imperator-server.onrender.com/storage-proxy/gift_assets/models/Ravenclaw_1.tgs
Finish Line 2%,https://imperator-server.onrender.com/storage-proxy/gift_assets/models/Finish_Line_2.tgs
Glitch Witch 2%,https://imperator-server.onrender.com/storage-proxy/gift_assets/models/Glitch_Witch_2.tgs
Pearl Whirl 2.5%,https://imperator-server.onrender.com/storage-proxy/gift_assets/models/Pearl_Whirl_2.tgs
Zippy Hearts 1.5%,https://imperator-server.onrender.com/storage-proxy/gift_assets/models/Zippy_Hearts_1.tgs
Bronze Dash 2.5%,https://imperator-server.onrender.com/storage-proxy/gift_assets/models/Bronze_Dash_2.tgs
Slime Time 2%,https://imperator-server.onrender.com/storage-proxy/gift_assets/models/Slime_Time_2.tgs
Tokyo Torch 2.5%,https://imperator-server.onrender.com/storage-proxy/gift_assets/models/Tokyo_Torch_2.tgs
Bubble Broom 2%,https://imperator-server.onrender.com/storage-proxy/gift_assets/models/Bubble_Broom_2.tgs
Yellowtail 2.5%,https://imperator-server.onrender.com/storage-proxy/gift_assets/models/Yellowtail_2.tgs
Magic Mop 2.5%,https://imperator-server.onrender.com/storage-proxy/gift_assets/models/Magic_Mop_2.tgs
Berry Blaster 2%,https://imperator-server.onrender.com/storage-proxy/gift_assets/models/Berry_Blaster_2.tgs
Green Dragon 2%,https://imperator-server.onrender.com/storage-proxy/gift_assets/models/Green_Dragon_2.tgs
Visionary 1.5%,https://imperator-server.onrender.com/storage-proxy/gift_assets/models/Visionary_1.tgs
Pop Art 2%,https://imperator-server.onrender.com/storage-proxy/gift_assets/models/Pop_Art_2.tgs
Bunsen Burner 1.5%,https://imperator-server.onrender.com/storage-proxy/gift_assets/models/Bunsen_Burner_1.tgs
Slytherin 1.5%,https://imperator-server.onrender.com/storage-proxy/gift_assets/models/Slytherin_1.tgs
Emoji Engine 1.5%,https://imperator-server.onrender.com/storage-proxy/gift_assets/models/Emoji_Engine_1.tgs
Fire Flight 1.5%,https://imperator-server.onrender.com/storage-proxy/gift_assets/models/Fire_Flight_1.tgs
Bunny Broom 2%,https://imperator-server.onrender.com/storage-proxy/gift_assets/models/Bunny_Broom_2.tgs
Render 3%,https://imperator-server.onrender.com/storage-proxy/gift_assets/models/Render_3.tgs
Tanzanite 4%,https://imperator-server.onrender.com/storage-proxy/gift_assets/models/Tanzanite_4.tgs
Malibu Pink 4%,https://imperator-server.onrender.com/storage-proxy/gift_assets/models/Malibu_Pink_4.tgs
Ogre’s Kiss 4%,https://imperator-server.onrender.com/storage-proxy/gift_assets/models/Ogres_Kiss_4.tgs
Sapphire 4%,https://imperator-server.onrender.com/storage-proxy/gift_assets/models/Sapphire_4.tgs
Brass Zircon 3.5%,https://imperator-server.onrender.com/storage-proxy/gift_assets/models/Brass_Zircon_3.tgs
Bloodstone 2%,https://imperator-server.onrender.com/storage-proxy/gift_assets/models/Bloodstone_2.tgs
Snake Ruby 4%,https://imperator-server.onrender.com/storage-proxy/gift_assets/models/Snake_Ruby_4.tgs
Moonstone 4%,https://imperator-server.onrender.com/storage-proxy/gift_assets/models/Moonstone_4.tgs
Black Lotus 1.5%,https://imperator-server.onrender.com/storage-proxy/gift_assets/models/Black_Lotus_1.tgs
Green Beryl 4.2%,https://imperator-server.onrender.com/storage-proxy/gift_assets/models/Green_Beryl_4.tgs
Malachite 4%,https://imperator-server.onrender.com/storage-proxy/gift_assets/models/Malachite_4.tgs
Sentry Turret 1.5%,https://imperator-server.onrender.com/storage-proxy/gift_assets/models/Sentry_Turret_1.tgs
Pink Quartz 4%,https://imperator-server.onrender.com/storage-proxy/gift_assets/models/Pink_Quartz_4.tgs
Old Bronze 3.5%,https://imperator-server.onrender.com/storage-proxy/gift_assets/models/Old_Bronze_3.tgs
Fleur de Mer 4.2%,https://imperator-server.onrender.com/storage-proxy/gift_assets/models/Fleur_de_Mer_4.tgs
Silver Gold 4%,https://imperator-server.onrender.com/storage-proxy/gift_assets/models/Silver_Gold_4.tgs
Helios 5%,https://imperator-server.onrender.com/storage-proxy/gift_assets/models/Helios_5.tgs
Timekeeper 0.5%,https://imperator-server.onrender.com/storage-proxy/gift_assets/models/Timekeeper_0.tgs
Nuclear Core 4%,https://imperator-server.onrender.com/storage-proxy/gift_assets/models/Nuclear_Core_4.tgs
Blood Opal 1.5%,https://imperator-server.onrender.com/storage-proxy/gift_assets/models/Blood_Opal_1.tgs
Dark Violet 4%,https://imperator-server.onrender.com/storage-proxy/gift_assets/models/Dark_Violet_4.tgs
Death Star 1.5%,https://imperator-server.onrender.com/storage-proxy/gift_assets/models/Death_Star_1.tgs
Night King 0.2%,https://imperator-server.onrender.com/storage-proxy/gift_assets/models/Night_King_0.tgs
Amethyst 4%,https://imperator-server.onrender.com/storage-proxy/gift_assets/models/Amethyst_4.tgs
Elven Shade 4%,https://imperator-server.onrender.com/storage-proxy/gift_assets/models/Elven_Shade_4.tgs
Jet Black 3%,https://imperator-server.onrender.com/storage-proxy/gift_assets/models/Jet_Black_3.tgs
Cold Flame 0.2%,https://imperator-server.onrender.com/storage-proxy/gift_assets/models/Cold_Flame_0.tgs
Water Lily 0.3%,https://imperator-server.onrender.com/storage-proxy/gift_assets/models/Water_Lily_0.tgs
Feral Rage 1.5%,https://imperator-server.onrender.com/storage-proxy/gift_assets/models/Feral_Rage_1.tgs
Eternal Life 0.2%,https://imperator-server.onrender.com/storage-proxy/gift_assets/models/Eternal_Life_0.tgs
Pearl Eye 0.5%,https://imperator-server.onrender.com/storage-proxy/gift_assets/models/Pearl_Eye_0.tgs
Dragon Soul 0.3%,https://imperator-server.onrender.com/storage-proxy/gift_assets/models/Dragon_Soul_0.tgs
Neon Signet 3%,https://imperator-server.onrender.com/storage-proxy/gift_assets/models/Neon_Signet_3.tgs
8 Bit Diamond 0.3%,https://imperator-server.onrender.com/storage-proxy/gift_assets/models/8_Bit_Diamond_0.tgs
Hot Cherry 0.5%,https://imperator-server.onrender.com/storage-proxy/gift_assets/models/Hot_Cherry_0.tgs
Pixel Emerald 0.3%,https://imperator-server.onrender.com/storage-proxy/gift_assets/models/Pixel_Emerald_0.tgs
Arc Reactor 1.2%,https://imperator-server.onrender.com/storage-proxy/gift_assets/models/Arc_Reactor_1.tgs
El Dorado 0.5%,https://imperator-server.onrender.com/storage-proxy/gift_assets/models/El_Dorado_0.tgs
Fading Crown 1.5%,https://imperator-server.onrender.com/storage-proxy/gift_assets/models/Fading_Crown_1.tgs
Love Seal 0.2%,https://imperator-server.onrender.com/storage-proxy/gift_assets/models/Love_Seal_0.tgs
Arabica 0.5%,https://imperator-server.onrender.com/storage-proxy/gift_assets/models/Arabica_0.tgs
Sunstone 0.3%,https://imperator-server.onrender.com/storage-proxy/gift_assets/models/Sunstone_0.tgs
Fire Stone 0.2%,https://imperator-server.onrender.com/storage-proxy/gift_assets/models/Fire_Stone_0.tgs
Paper Topaz 0.3%,https://imperator-server.onrender.com/storage-proxy/gift_assets/models/Paper_Topaz_0.tgs
Bubble Queen 0.2%,https://imperator-server.onrender.com/storage-proxy/gift_assets/models/Bubble_Queen_0.tgs
Atomic Bomb 0.2%,https://imperator-server.onrender.com/storage-proxy/gift_assets/models/Atomic_Bomb_0.tgs
Tea Time 0.5%,https://imperator-server.onrender.com/storage-proxy/gift_assets/models/Tea_Time_0.tgs
Mystic Aura 3%,https://imperator-server.onrender.com/storage-proxy/gift_assets/models/Mystic_Aura_3.tgs
Red Devil 3%,https://imperator-server.onrender.com/storage-proxy/gift_assets/models/Red_Devil_3.tgs
Lost Souls 1%,https://imperator-server.onrender.com/storage-proxy/gift_assets/models/Lost_Souls_1.tgs
Red Sketch 3%,https://imperator-server.onrender.com/storage-proxy/gift_assets/models/Red_Sketch_3.tgs
Blue Neon 2%,https://imperator-server.onrender.com/storage-proxy/gift_assets/models/Blue_Neon_2.tgs
Cat Spirit 0.5%,https://imperator-server.onrender.com/storage-proxy/gift_assets/models/Cat_Spirit_0.tgs
Arabian Night 3%,https://imperator-server.onrender.com/storage-proxy/gift_assets/models/Arabian_Night_3.tgs
Dark Silver 3%,https://imperator-server.onrender.com/storage-proxy/gift_assets/models/Dark_Silver_3.tgs
Jade Lantern 3%,https://imperator-server.onrender.com/storage-proxy/gift_assets/models/Jade_Lantern_3.tgs
Eternal Smoke 3%,https://imperator-server.onrender.com/storage-proxy/gift_assets/models/Eternal_Smoke_3.tgs
Blueprint 3%,https://imperator-server.onrender.com/storage-proxy/gift_assets/models/Blueprint_3.tgs
Lime Art 3%,https://imperator-server.onrender.com/storage-proxy/gift_assets/models/Lime_Art_3.tgs
Bronze Dust 3%,https://imperator-server.onrender.com/storage-proxy/gift_assets/models/Bronze_Dust_3.tgs
Enigma 3%,https://imperator-server.onrender.com/storage-proxy/gift_assets/models/Enigma_3.tgs
Herbal Wind 1%,https://imperator-server.onrender.com/storage-proxy/gift_assets/models/Herbal_Wind_1.tgs
Thunder 1%,https://imperator-server.onrender.com/storage-proxy/gift_assets/models/Thunder_1.tgs
Moonlight 3%,https://imperator-server.onrender.com/storage-proxy/gift_assets/models/Moonlight_3.tgs
Chrome 3.5%,https://imperator-server.onrender.com/storage-proxy/gift_assets/models/Chrome_3.tgs
White Sprite 3%,https://imperator-server.onrender.com/storage-proxy/gift_assets/models/White_Sprite_3.tgs
Sunset Rays 3%,https://imperator-server.onrender.com/storage-proxy/gift_assets/models/Sunset_Rays_3.tgs
Love Thirst 2%,https://imperator-server.onrender.com/storage-proxy/gift_assets/models/Love_Thirst_2.tgs
Sahara 3.5%,https://imperator-server.onrender.com/storage-proxy/gift_assets/models/Sahara_3.tgs
Crypto Dream 2%,https://imperator-server.onrender.com/storage-proxy/gift_assets/models/Crypto_Dream_2.tgs
Gold Tarnish 3.5%,https://imperator-server.onrender.com/storage-proxy/gift_assets/models/Gold_Tarnish_3.tgs
Meowgical 2%,https://imperator-server.onrender.com/storage-proxy/gift_assets/models/Meowgical_2.tgs
Persian Dawn 3.5%,https://imperator-server.onrender.com/storage-proxy/gift_assets/models/Persian_Dawn_3.tgs
Aladdin 0.2%,https://imperator-server.onrender.com/storage-proxy/gift_assets/models/Aladdin_0.tgs
Night’s Wish 2%,https://imperator-server.onrender.com/storage-proxy/gift_assets/models/Nights_Wish_2.tgs
Arctic Winds 1%,https://imperator-server.onrender.com/storage-proxy/gift_assets/models/Arctic_Winds_1.tgs
Liquid Cat 1%,https://imperator-server.onrender.com/storage-proxy/gift_assets/models/Liquid_Cat_1.tgs
Witch’s Secret 1.3%,https://imperator-server.onrender.com/storage-proxy/gift_assets/models/Witchs_Secret_1.tgs
Golden Flame 3.5%,https://imperator-server.onrender.com/storage-proxy/gift_assets/models/Golden_Flame_3.tgs
Copper Pot 3%,https://imperator-server.onrender.com/storage-proxy/gift_assets/models/Copper_Pot_3.tgs
Inflated 1.5%,https://imperator-server.onrender.com/storage-proxy/gift_assets/models/Inflated_1.tgs
Sunshine 3%,https://imperator-server.onrender.com/storage-proxy/gift_assets/models/Sunshine_3.tgs
Monstrous 1.5%,https://imperator-server.onrender.com/storage-proxy/gift_assets/models/Monstrous_1.tgs
To The Moon 1.5%,https://imperator-server.onrender.com/storage-proxy/gift_assets/models/To_The_Moon_1.tgs
Star Dust 1%,https://imperator-server.onrender.com/storage-proxy/gift_assets/models/Star_Dust_1.tgs
Flammable 1.5%,https://imperator-server.onrender.com/storage-proxy/gift_assets/models/Flammable_1.tgs
Lava Lamp 0.5%,https://imperator-server.onrender.com/storage-proxy/gift_assets/models/Lava_Lamp_0.tgs
Star Power 2%,https://imperator-server.onrender.com/storage-proxy/gift_assets/models/Star_Power_2.tgs
Astral Planes 2%,https://imperator-server.onrender.com/storage-proxy/gift_assets/models/Astral_Planes_2.tgs
Piggy Bank 1.5%,https://imperator-server.onrender.com/storage-proxy/gift_assets/models/Piggy_Bank_1.tgs
Goldfish 1%,https://imperator-server.onrender.com/storage-proxy/gift_assets/models/Goldfish_1.tgs
Snow Globe 0.5%,https://imperator-server.onrender.com/storage-proxy/gift_assets/models/Snow_Globe_0.tgs
Lightning 0.5%,https://imperator-server.onrender.com/storage-proxy/gift_assets/models/Lightning_0.tgs
Sweet Desire 1%,https://imperator-server.onrender.com/storage-proxy/gift_assets/models/Sweet_Desire_1.tgs
Space Travel 0.5%,https://imperator-server.onrender.com/storage-proxy/gift_assets/models/Space_Travel_0.tgs
Truffle 1.7%,https://imperator-server.onrender.com/storage-proxy/gift_assets/models/Truffle_1.tgs
Cinnamon 1.7%,https://imperator-server.onrender.com/storage-proxy/gift_assets/models/Cinnamon_1.tgs
Rubber Duck 1.7%,https://imperator-server.onrender.com/storage-proxy/gift_assets/models/Rubber_Duck_1.tgs
Dark Almond 1.2%,https://imperator-server.onrender.com/storage-proxy/gift_assets/models/Dark_Almond_1.tgs
Waffle 1.5%,https://imperator-server.onrender.com/storage-proxy/gift_assets/models/Waffle_1.tgs
Frozen Dough 1.6%,https://imperator-server.onrender.com/storage-proxy/gift_assets/models/Frozen_Dough_1.tgs
Champagne 1.6%,https://imperator-server.onrender.com/storage-proxy/gift_assets/models/Champagne_1.tgs
Choco Glazed 1.2%,https://imperator-server.onrender.com/storage-proxy/gift_assets/models/Choco_Glazed_1.tgs
Marzipan 1.7%,https://imperator-server.onrender.com/storage-proxy/gift_assets/models/Marzipan_1.tgs
Brownie 1.2%,https://imperator-server.onrender.com/storage-proxy/gift_assets/models/Brownie_1.tgs
Bordeaux 1.7%,https://imperator-server.onrender.com/storage-proxy/gift_assets/models/Bordeaux_1.tgs
Matrix 1.4%,https://imperator-server.onrender.com/storage-proxy/gift_assets/models/Matrix_1.tgs
Toffee 1.7%,https://imperator-server.onrender.com/storage-proxy/gift_assets/models/Toffee_1.tgs
Glowberry 1.5%,https://imperator-server.onrender.com/storage-proxy/gift_assets/models/Glowberry_1.tgs
Johnny Ash 1.5%,https://imperator-server.onrender.com/storage-proxy/gift_assets/models/Johnny_Ash_1.tgs
Rose Water 1.7%,https://imperator-server.onrender.com/storage-proxy/gift_assets/models/Rose_Water_1.tgs
Eve 0.6%,https://imperator-server.onrender.com/storage-proxy/gift_assets/models/Eve_0.tgs
Sugar Star 0.2%,https://imperator-server.onrender.com/storage-proxy/gift_assets/models/Sugar_Star_0.tgs
Paprika 0.3%,https://imperator-server.onrender.com/storage-proxy/gift_assets/models/Paprika_0.tgs
Marshmallow 1.5%,https://imperator-server.onrender.com/storage-proxy/gift_assets/models/Marshmallow_1.tgs
Icing Sugar 1.6%,https://imperator-server.onrender.com/storage-proxy/gift_assets/models/Icing_Sugar_1.tgs
Madagascar 1.2%,https://imperator-server.onrender.com/storage-proxy/gift_assets/models/Madagascar_1.tgs
Pink Molasses 1.2%,https://imperator-server.onrender.com/storage-proxy/gift_assets/models/Pink_Molasses_1.tgs
Strawberry 1.7%,https://imperator-server.onrender.com/storage-proxy/gift_assets/models/Strawberry_1.tgs
Bio Glow 1.2%,https://imperator-server.onrender.com/storage-proxy/gift_assets/models/Bio_Glow_1.tgs
Vanilla 1.7%,https://imperator-server.onrender.com/storage-proxy/gift_assets/models/Vanilla_1.tgs
Mint Fringe 0.9%,https://imperator-server.onrender.com/storage-proxy/gift_assets/models/Mint_Fringe_0.tgs
Ice Latte 1.7%,https://imperator-server.onrender.com/storage-proxy/gift_assets/models/Ice_Latte_1.tgs
Periwinkle 1.6%,https://imperator-server.onrender.com/storage-proxy/gift_assets/models/Periwinkle_1.tgs
Royal Sundae 1.2%,https://imperator-server.onrender.com/storage-proxy/gift_assets/models/Royal_Sundae_1.tgs
Reel Cookie 0.8%,https://imperator-server.onrender.com/storage-proxy/gift_assets/models/Reel_Cookie_0.tgs
Banana Bread 1.6%,https://imperator-server.onrender.com/storage-proxy/gift_assets/models/Banana_Bread_1.tgs
Pika Pika 0.2%,https://imperator-server.onrender.com/storage-proxy/gift_assets/models/Pika_Pika_0.tgs
Toblerone 1.2%,https://imperator-server.onrender.com/storage-proxy/gift_assets/models/Toblerone_1.tgs
Pistachio 1.7%,https://imperator-server.onrender.com/storage-proxy/gift_assets/models/Pistachio_1.tgs
Ginger Grape 1.7%,https://imperator-server.onrender.com/storage-proxy/gift_assets/models/Ginger_Grape_1.tgs
Frosty 1.5%,https://imperator-server.onrender.com/storage-proxy/gift_assets/models/Frosty_1.tgs
Faint Blush 1.5%,https://imperator-server.onrender.com/storage-proxy/gift_assets/models/Faint_Blush_1.tgs
Herb Garden 0.8%,https://imperator-server.onrender.com/storage-proxy/gift_assets/models/Herb_Garden_0.tgs
Dandy Candy 0.9%,https://imperator-server.onrender.com/storage-proxy/gift_assets/models/Dandy_Candy_0.tgs
Mr. Biscuit 1.7%,https://imperator-server.onrender.com/storage-proxy/gift_assets/models/Mr._Biscuit_1.tgs
Silver 0.6%,https://imperator-server.onrender.com/storage-proxy/gift_assets/models/Silver_0.tgs
Red Scarf 0.8%,https://imperator-server.onrender.com/storage-proxy/gift_assets/models/Red_Scarf_0.tgs
Cocoa Powder 1.2%,https://imperator-server.onrender.com/storage-proxy/gift_assets/models/Cocoa_Powder_1.tgs
Crunched 0.7%,https://imperator-server.onrender.com/storage-proxy/gift_assets/models/Crunched_0.tgs
Sunspot 1.7%,https://imperator-server.onrender.com/storage-proxy/gift_assets/models/Sunspot_1.tgs
Candy Bar 1.7%,https://imperator-server.onrender.com/storage-proxy/gift_assets/models/Candy_Bar_1.tgs
Raspberry 1.2%,https://imperator-server.onrender.com/storage-proxy/gift_assets/models/Raspberry_1.tgs
Adam 0.6%,https://imperator-server.onrender.com/storage-proxy/gift_assets/models/Adam_0.tgs
Eskimo 1.3%,https://imperator-server.onrender.com/storage-proxy/gift_assets/models/Eskimo_1.tgs
Shanker 0.6%,https://imperator-server.onrender.com/storage-proxy/gift_assets/models/Shanker_0.tgs
Amaretto 0.6%,https://imperator-server.onrender.com/storage-proxy/gift_assets/models/Amaretto_0.tgs
Melonius 0.7%,https://imperator-server.onrender.com/storage-proxy/gift_assets/models/Melonius_0.tgs
Santa Claus 0.7%,https://imperator-server.onrender.com/storage-proxy/gift_assets/models/Santa_Claus_0.tgs
Template 1.5%,https://imperator-server.onrender.com/storage-proxy/gift_assets/models/Template_1.tgs
Gentleman 1.6%,https://imperator-server.onrender.com/storage-proxy/gift_assets/models/Gentleman_1.tgs
Lil Ginger 0.9%,https://imperator-server.onrender.com/storage-proxy/gift_assets/models/Lil_Ginger_0.tgs
Hazel Bezel 0.7%,https://imperator-server.onrender.com/storage-proxy/gift_assets/models/Hazel_Bezel_0.tgs
Candy Cane 0.7%,https://imperator-server.onrender.com/storage-proxy/gift_assets/models/Candy_Cane_0.tgs
Cardamom 1.6%,https://imperator-server.onrender.com/storage-proxy/gift_assets/models/Cardamom_1.tgs
Unicorn 1.2%,https://imperator-server.onrender.com/storage-proxy/gift_assets/models/Unicorn_1.tgs
Choco Swirl 0.9%,https://imperator-server.onrender.com/storage-proxy/gift_assets/models/Choco_Swirl_0.tgs
Snowman 1.7%,https://imperator-server.onrender.com/storage-proxy/gift_assets/models/Snowman_1.tgs
Cheesecake 1.7%,https://imperator-server.onrender.com/storage-proxy/gift_assets/models/Cheesecake_1.tgs
Cop Cake 0.6%,https://imperator-server.onrender.com/storage-proxy/gift_assets/models/Cop_Cake_0.tgs
Dracula 0.3%,https://imperator-server.onrender.com/storage-proxy/gift_assets/models/Dracula_0.tgs
Red Velvet 1.2%,https://imperator-server.onrender.com/storage-proxy/gift_assets/models/Red_Velvet_1.tgs
Moon Dust 1.6%,https://imperator-server.onrender.com/storage-proxy/gift_assets/models/Moon_Dust_1.tgs
Berry Button 0.7%,https://imperator-server.onrender.com/storage-proxy/gift_assets/models/Berry_Button_0.tgs
Black Beard 0.6%,https://imperator-server.onrender.com/storage-proxy/gift_assets/models/Black_Beard_0.tgs
Headless 0.3%,https://imperator-server.onrender.com/storage-proxy/gift_assets/models/Headless_0.tgs
Coffee Break 0.7%,https://imperator-server.onrender.com/storage-proxy/gift_assets/models/Coffee_Break_0.tgs
Cooking... 1.1%,https://imperator-server.onrender.com/storage-proxy/gift_assets/models/Cooking..._1.tgs
Lebkuchen 0.6%,https://imperator-server.onrender.com/storage-proxy/gift_assets/models/Lebkuchen_0.tgs
Shortbread 0.3%,https://imperator-server.onrender.com/storage-proxy/gift_assets/models/Shortbread_0.tgs
Ginger Geek 0.7%,https://imperator-server.onrender.com/storage-proxy/gift_assets/models/Ginger_Geek_0.tgs
Hulking 1.7%,https://imperator-server.onrender.com/storage-proxy/gift_assets/models/Hulking_1.tgs
Sweetheart 0.9%,https://imperator-server.onrender.com/storage-proxy/gift_assets/models/Sweetheart_0.tgs
Le Biscuit 0.6%,https://imperator-server.onrender.com/storage-proxy/gift_assets/models/Le_Biscuit_0.tgs
Sprinkles 0.3%,https://imperator-server.onrender.com/storage-proxy/gift_assets/models/Sprinkles_0.tgs
Opposite 1.5%,https://imperator-server.onrender.com/storage-proxy/gift_assets/models/Opposite_1.tgs
Rose Gold 0.2%,https://imperator-server.onrender.com/storage-proxy/gift_assets/models/Rose_Gold_0.tgs
Hello Cookie 0.2%,https://imperator-server.onrender.com/storage-proxy/gift_assets/models/Hello_Cookie_0.tgs
Bone Appétit 0.6%,https://imperator-server.onrender.com/storage-proxy/gift_assets/models/Bone_Appétit_0.tgs
Bavarian 0.9%,https://imperator-server.onrender.com/storage-proxy/gift_assets/models/Bavarian_0.tgs
Platinum 0.2%,https://imperator-server.onrender.com/storage-proxy/gift_assets/models/Platinum_0.tgs
Jolly Roger 0.6%,https://imperator-server.onrender.com/storage-proxy/gift_assets/models/Jolly_Roger_0.tgs
Galleta 0.6%,https://imperator-server.onrender.com/storage-proxy/gift_assets/models/Galleta_0.tgs
White Gold 0.2%,https://imperator-server.onrender.com/storage-proxy/gift_assets/models/White_Gold_0.tgs
Cookie Claus 0.3%,https://imperator-server.onrender.com/storage-proxy/gift_assets/models/Cookie_Claus_0.tgs
Telegram 0.2%,https://imperator-server.onrender.com/storage-proxy/gift_assets/models/Telegram_0.tgs
Bronze 0.6%,https://imperator-server.onrender.com/storage-proxy/gift_assets/models/Bronze_0.tgs
Pepe Pryanik 0.6%,https://imperator-server.onrender.com/storage-proxy/gift_assets/models/Pepe_Pryanik_0.tgs
Tied Up 0.2%,https://imperator-server.onrender.com/storage-proxy/gift_assets/models/Tied_Up_0.tgs
Brand New 0.2%,https://imperator-server.onrender.com/storage-proxy/gift_assets/models/Brand_New_0.tgs
Frostbite 0.2%,https://imperator-server.onrender.com/storage-proxy/gift_assets/models/Frostbite_0.tgs
Pun-Cake 0.2%,https://imperator-server.onrender.com/storage-proxy/gift_assets/models/Pun-Cake_0.tgs
Beach Party 0.3%,https://imperator-server.onrender.com/storage-proxy/gift_assets/models/Beach_Party_0.tgs
Golden Boy 0.2%,https://imperator-server.onrender.com/storage-proxy/gift_assets/models/Golden_Boy_0.tgs
Tropicana 1.5%,https://imperator-server.onrender.com/storage-proxy/gift_assets/models/Tropicana_1.tgs
Cosmic Blue 1.4%,https://imperator-server.onrender.com/storage-proxy/gift_assets/models/Cosmic_Blue_1.tgs
Starline 1.4%,https://imperator-server.onrender.com/storage-proxy/gift_assets/models/Starline_1.tgs
Flicker 1.4%,https://imperator-server.onrender.com/storage-proxy/gift_assets/models/Flicker_1.tgs
Harlequin 1.4%,https://imperator-server.onrender.com/storage-proxy/gift_assets/models/Harlequin_1.tgs
Samurai 1.4%,https://imperator-server.onrender.com/storage-proxy/gift_assets/models/Samurai_1.tgs
Purple Pants 1.4%,https://imperator-server.onrender.com/storage-proxy/gift_assets/models/Purple_Pants_1.tgs
Playlist 1.1%,https://imperator-server.onrender.com/storage-proxy/gift_assets/models/Playlist_1.tgs
Magma 0.6%,https://imperator-server.onrender.com/storage-proxy/gift_assets/models/Magma_0.tgs
Eggshell 1.5%,https://imperator-server.onrender.com/storage-proxy/gift_assets/models/Eggshell_1.tgs
Bubble Gum 1.5%,https://imperator-server.onrender.com/storage-proxy/gift_assets/models/Bubble_Gum_1.tgs
Advice Dog 0.6%,https://imperator-server.onrender.com/storage-proxy/gift_assets/models/Advice_Dog_0.tgs
Greench 1.4%,https://imperator-server.onrender.com/storage-proxy/gift_assets/models/Greench_1.tgs
Telegram 1.1%,https://imperator-server.onrender.com/storage-proxy/gift_assets/models/Telegram_1.tgs
Switch 1.1%,https://imperator-server.onrender.com/storage-proxy/gift_assets/models/Switch_1.tgs
Minion 0.8%,https://imperator-server.onrender.com/storage-proxy/gift_assets/models/Minion_0.tgs
Poached Egg 1.4%,https://imperator-server.onrender.com/storage-proxy/gift_assets/models/Poached_Egg_1.tgs
Aurora 0.4%,https://imperator-server.onrender.com/storage-proxy/gift_assets/models/Aurora_0.tgs
United States 0.6%,https://imperator-server.onrender.com/storage-proxy/gift_assets/models/United_States_0.tgs
Scarlet Joy 1.4%,https://imperator-server.onrender.com/storage-proxy/gift_assets/models/Scarlet_Joy_1.tgs
Cucumber 1.1%,https://imperator-server.onrender.com/storage-proxy/gift_assets/models/Cucumber_1.tgs
Bright Geode 1.4%,https://imperator-server.onrender.com/storage-proxy/gift_assets/models/Bright_Geode_1.tgs
Beach Ball 1.1%,https://imperator-server.onrender.com/storage-proxy/gift_assets/models/Beach_Ball_1.tgs
Tarnished 1.1%,https://imperator-server.onrender.com/storage-proxy/gift_assets/models/Tarnished_1.tgs
Gold Star 0.4%,https://imperator-server.onrender.com/storage-proxy/gift_assets/models/Gold_Star_0.tgs
Premium 1.1%,https://imperator-server.onrender.com/storage-proxy/gift_assets/models/Premium_1.tgs
Christmas 0.8%,https://imperator-server.onrender.com/storage-proxy/gift_assets/models/Christmas_0.tgs
Red Costume 1.4%,https://imperator-server.onrender.com/storage-proxy/gift_assets/models/Red_Costume_1.tgs
Flame Boy 0.6%,https://imperator-server.onrender.com/storage-proxy/gift_assets/models/Flame_Boy_0.tgs
Color Point 1.4%,https://imperator-server.onrender.com/storage-proxy/gift_assets/models/Color_Point_1.tgs
Gingerbread 0.8%,https://imperator-server.onrender.com/storage-proxy/gift_assets/models/Gingerbread_0.tgs
Rainbow 0.8%,https://imperator-server.onrender.com/storage-proxy/gift_assets/models/Rainbow_0.tgs
Crystalline 1.4%,https://imperator-server.onrender.com/storage-proxy/gift_assets/models/Crystalline_1.tgs
Milkshake 1.5%,https://imperator-server.onrender.com/storage-proxy/gift_assets/models/Milkshake_1.tgs
Patrick 0.6%,https://imperator-server.onrender.com/storage-proxy/gift_assets/models/Patrick_0.tgs
Rock Star 0.8%,https://imperator-server.onrender.com/storage-proxy/gift_assets/models/Rock_Star_0.tgs
Limonello 1.5%,https://imperator-server.onrender.com/storage-proxy/gift_assets/models/Limonello_1.tgs
Peacock 1.4%,https://imperator-server.onrender.com/storage-proxy/gift_assets/models/Peacock_1.tgs
Sweden 1.1%,https://imperator-server.onrender.com/storage-proxy/gift_assets/models/Sweden_1.tgs
Сarambola 1.5%,https://imperator-server.onrender.com/storage-proxy/gift_assets/models/Сarambola_1.tgs
You Tried... 0.3%,https://imperator-server.onrender.com/storage-proxy/gift_assets/models/You_Tried..._0.tgs
Pinkman 1.4%,https://imperator-server.onrender.com/storage-proxy/gift_assets/models/Pinkman_1.tgs
Glacier 1.5%,https://imperator-server.onrender.com/storage-proxy/gift_assets/models/Glacier_1.tgs
Sour Cherry 1.1%,https://imperator-server.onrender.com/storage-proxy/gift_assets/models/Sour_Cherry_1.tgs
Verified 1.4%,https://imperator-server.onrender.com/storage-proxy/gift_assets/models/Verified_1.tgs
Ultraviolet 1.4%,https://imperator-server.onrender.com/storage-proxy/gift_assets/models/Ultraviolet_1.tgs
Play Button 1.1%,https://imperator-server.onrender.com/storage-proxy/gift_assets/models/Play_Button_1.tgs
Sea Glass 1.4%,https://imperator-server.onrender.com/storage-proxy/gift_assets/models/Sea_Glass_1.tgs
Purple Suit 1.4%,https://imperator-server.onrender.com/storage-proxy/gift_assets/models/Purple_Suit_1.tgs
Hot Spring 1.4%,https://imperator-server.onrender.com/storage-proxy/gift_assets/models/Hot_Spring_1.tgs
Passionfruit 1.5%,https://imperator-server.onrender.com/storage-proxy/gift_assets/models/Passionfruit_1.tgs
Europe 0.6%,https://imperator-server.onrender.com/storage-proxy/gift_assets/models/Europe_0.tgs
Snowman 1.1%,https://imperator-server.onrender.com/storage-proxy/gift_assets/models/Snowman_1.tgs
Venice 0.8%,https://imperator-server.onrender.com/storage-proxy/gift_assets/models/Venice_0.tgs
Solar Flair 1.4%,https://imperator-server.onrender.com/storage-proxy/gift_assets/models/Solar_Flair_1.tgs
Petit Louis 0.8%,https://imperator-server.onrender.com/storage-proxy/gift_assets/models/Petit_Louis_0.tgs
Eclipse 1.4%,https://imperator-server.onrender.com/storage-proxy/gift_assets/models/Eclipse_1.tgs
Like Button 1.1%,https://imperator-server.onrender.com/storage-proxy/gift_assets/models/Like_Button_1.tgs
Polka Dot 1.4%,https://imperator-server.onrender.com/storage-proxy/gift_assets/models/Polka_Dot_1.tgs
Thread 1.4%,https://imperator-server.onrender.com/storage-proxy/gift_assets/models/Thread_1.tgs
Spotlight 0.4%,https://imperator-server.onrender.com/storage-proxy/gift_assets/models/Spotlight_0.tgs
Seeing Stars 1.1%,https://imperator-server.onrender.com/storage-proxy/gift_assets/models/Seeing_Stars_1.tgs
Super Star 0.8%,https://imperator-server.onrender.com/storage-proxy/gift_assets/models/Super_Star_0.tgs
Fusion 1.4%,https://imperator-server.onrender.com/storage-proxy/gift_assets/models/Fusion_1.tgs
Azure Lagoon 1.4%,https://imperator-server.onrender.com/storage-proxy/gift_assets/models/Azure_Lagoon_1.tgs
Surf Sand 1.1%,https://imperator-server.onrender.com/storage-proxy/gift_assets/models/Surf_Sand_1.tgs
Spotty 1.4%,https://imperator-server.onrender.com/storage-proxy/gift_assets/models/Spotty_1.tgs
Sheriff 0.6%,https://imperator-server.onrender.com/storage-proxy/gift_assets/models/Sheriff_0.tgs
Champion 0.4%,https://imperator-server.onrender.com/storage-proxy/gift_assets/models/Champion_0.tgs
Chromie 0.4%,https://imperator-server.onrender.com/storage-proxy/gift_assets/models/Chromie_0.tgs
Lilac Split 1.1%,https://imperator-server.onrender.com/storage-proxy/gift_assets/models/Lilac_Split_1.tgs
Hollywood 1.1%,https://imperator-server.onrender.com/storage-proxy/gift_assets/models/Hollywood_1.tgs
Catalan 0.8%,https://imperator-server.onrender.com/storage-proxy/gift_assets/models/Catalan_0.tgs
Pajamas 1.4%,https://imperator-server.onrender.com/storage-proxy/gift_assets/models/Pajamas_1.tgs
Zero Gravity 0.6%,https://imperator-server.onrender.com/storage-proxy/gift_assets/models/Zero_Gravity_0.tgs
Short Circuit 0.3%,https://imperator-server.onrender.com/storage-proxy/gift_assets/models/Short_Circuit_0.tgs
Circus 0.8%,https://imperator-server.onrender.com/storage-proxy/gift_assets/models/Circus_0.tgs
Forza Juve 0.8%,https://imperator-server.onrender.com/storage-proxy/gift_assets/models/Forza_Juve_0.tgs
Connecting 1.1%,https://imperator-server.onrender.com/storage-proxy/gift_assets/models/Connecting_1.tgs
Insane 0.3%,https://imperator-server.onrender.com/storage-proxy/gift_assets/models/Insane_0.tgs
Pink Wink 1.4%,https://imperator-server.onrender.com/storage-proxy/gift_assets/models/Pink_Wink_1.tgs
Rainbows 1.4%,https://imperator-server.onrender.com/storage-proxy/gift_assets/models/Rainbows_1.tgs
Astro Bot 0.8%,https://imperator-server.onrender.com/storage-proxy/gift_assets/models/Astro_Bot_0.tgs
Iridium 0.4%,https://imperator-server.onrender.com/storage-proxy/gift_assets/models/Iridium_0.tgs
Pretty Angel 1.1%,https://imperator-server.onrender.com/storage-proxy/gift_assets/models/Pretty_Angel_1.tgs
Commando 0.6%,https://imperator-server.onrender.com/storage-proxy/gift_assets/models/Commando_0.tgs
Gray Sage 1.1%,https://imperator-server.onrender.com/storage-proxy/gift_assets/models/Gray_Sage_1.tgs
Explicit 0.8%,https://imperator-server.onrender.com/storage-proxy/gift_assets/models/Explicit_0.tgs
Black Hole 0.8%,https://imperator-server.onrender.com/storage-proxy/gift_assets/models/Black_Hole_0.tgs
Red Dwarf 1.4%,https://imperator-server.onrender.com/storage-proxy/gift_assets/models/Red_Dwarf_1.tgs
Honolulu 0.4%,https://imperator-server.onrender.com/storage-proxy/gift_assets/models/Honolulu_0.tgs
Skeleton 0.3%,https://imperator-server.onrender.com/storage-proxy/gift_assets/models/Skeleton_0.tgs
Bombastic 0.2%,https://imperator-server.onrender.com/storage-proxy/gift_assets/models/Bombastic_0.tgs
Comrade 0.6%,https://imperator-server.onrender.com/storage-proxy/gift_assets/models/Comrade_0.tgs
Shamrock 0.1%,https://imperator-server.onrender.com/storage-proxy/gift_assets/models/Shamrock_0.tgs
This Is Fine 0.3%,https://imperator-server.onrender.com/storage-proxy/gift_assets/models/This_Is_Fine_0.tgs
Art Supplies 2%,https://imperator-server.onrender.com/storage-proxy/gift_assets/models/Art_Supplies_2.tgs
Plunger 2.5%,https://imperator-server.onrender.com/storage-proxy/gift_assets/models/Plunger_2.tgs
Blobfish 2.5%,https://imperator-server.onrender.com/storage-proxy/gift_assets/models/Blobfish_2.tgs
Captain Flush 2.5%,https://imperator-server.onrender.com/storage-proxy/gift_assets/models/Captain_Flush_2.tgs
Rattlesnake 2.5%,https://imperator-server.onrender.com/storage-proxy/gift_assets/models/Rattlesnake_2.tgs
Shitty Coffee 2.5%,https://imperator-server.onrender.com/storage-proxy/gift_assets/models/Shitty_Coffee_2.tgs
Snowman 3%,https://imperator-server.onrender.com/storage-proxy/gift_assets/models/Snowman_3.tgs
Toilet Bot 2%,https://imperator-server.onrender.com/storage-proxy/gift_assets/models/Toilet_Bot_2.tgs
Holy Shit 1%,https://imperator-server.onrender.com/storage-proxy/gift_assets/models/Holy_Shit_1.tgs
Lucky Pin 2%,https://imperator-server.onrender.com/storage-proxy/gift_assets/models/Lucky_Pin_2.tgs
Unicorn 3%,https://imperator-server.onrender.com/storage-proxy/gift_assets/models/Unicorn_3.tgs
Balloon 2.5%,https://imperator-server.onrender.com/storage-proxy/gift_assets/models/Balloon_2.tgs
Stool Sample 2%,https://imperator-server.onrender.com/storage-proxy/gift_assets/models/Stool_Sample_2.tgs
Solid Waste 2%,https://imperator-server.onrender.com/storage-proxy/gift_assets/models/Solid_Waste_2.tgs
Slime 3%,https://imperator-server.onrender.com/storage-proxy/gift_assets/models/Slime_3.tgs
Wasteroid 2%,https://imperator-server.onrender.com/storage-proxy/gift_assets/models/Wasteroid_2.tgs
Brownwood 3%,https://imperator-server.onrender.com/storage-proxy/gift_assets/models/Brownwood_3.tgs
Cherry Cake 3%,https://imperator-server.onrender.com/storage-proxy/gift_assets/models/Cherry_Cake_3.tgs
Hot Shit 2%,https://imperator-server.onrender.com/storage-proxy/gift_assets/models/Hot_Shit_2.tgs
Amethyst 3%,https://imperator-server.onrender.com/storage-proxy/gift_assets/models/Amethyst_3.tgs
Huge Mess 1.5%,https://imperator-server.onrender.com/storage-proxy/gift_assets/models/Huge_Mess_1.tgs
Poocano 1.5%,https://imperator-server.onrender.com/storage-proxy/gift_assets/models/Poocano_1.tgs
Censored 3%,https://imperator-server.onrender.com/storage-proxy/gift_assets/models/Censored_3.tgs
Ice Cream 3%,https://imperator-server.onrender.com/storage-proxy/gift_assets/models/Ice_Cream_3.tgs
Pebbles 2.5%,https://imperator-server.onrender.com/storage-proxy/gift_assets/models/Pebbles_2.tgs
Deadpoo 2%,https://imperator-server.onrender.com/storage-proxy/gift_assets/models/Deadpoo_2.tgs
Octopoo 2%,https://imperator-server.onrender.com/storage-proxy/gift_assets/models/Octopoo_2.tgs
Sponge Boi 1.5%,https://imperator-server.onrender.com/storage-proxy/gift_assets/models/Sponge_Boi_1.tgs
Bubble Tea 3%,https://imperator-server.onrender.com/storage-proxy/gift_assets/models/Bubble_Tea_3.tgs
Dung Beetle 1.5%,https://imperator-server.onrender.com/storage-proxy/gift_assets/models/Dung_Beetle_1.tgs
Wrestler 2%,https://imperator-server.onrender.com/storage-proxy/gift_assets/models/Wrestler_2.tgs
Love Pootion 3%,https://imperator-server.onrender.com/storage-proxy/gift_assets/models/Love_Pootion_3.tgs
Alien 3%,https://imperator-server.onrender.com/storage-proxy/gift_assets/models/Alien_3.tgs
Cactus 3%,https://imperator-server.onrender.com/storage-proxy/gift_assets/models/Cactus_3.tgs
Winnie Poo 1.5%,https://imperator-server.onrender.com/storage-proxy/gift_assets/models/Winnie_Poo_1.tgs
Modern Art 0.2%,https://imperator-server.onrender.com/storage-proxy/gift_assets/models/Modern_Art_0.tgs
Mud King 1%,https://imperator-server.onrender.com/storage-proxy/gift_assets/models/Mud_King_1.tgs
Cat Scat 0.5%,https://imperator-server.onrender.com/storage-proxy/gift_assets/models/Cat_Scat_0.tgs
Cookie Monster 2.5%,https://imperator-server.onrender.com/storage-proxy/gift_assets/models/Cookie_Monster_2.tgs
Homer 1%,https://imperator-server.onrender.com/storage-proxy/gift_assets/models/Homer_1.tgs
Dirty Bomb 2.5%,https://imperator-server.onrender.com/storage-proxy/gift_assets/models/Dirty_Bomb_2.tgs
Smelly Yeti 2.5%,https://imperator-server.onrender.com/storage-proxy/gift_assets/models/Smelly_Yeti_2.tgs
Gold Nugget 0.5%,https://imperator-server.onrender.com/storage-proxy/gift_assets/models/Gold_Nugget_0.tgs
Golgothan 0.2%,https://imperator-server.onrender.com/storage-proxy/gift_assets/models/Golgothan_0.tgs
Kawaii 0.5%,https://imperator-server.onrender.com/storage-proxy/gift_assets/models/Kawaii_0.tgs
Raphael 0.5%,https://imperator-server.onrender.com/storage-proxy/gift_assets/models/Raphael_0.tgs
Poopy Dragon 1%,https://imperator-server.onrender.com/storage-proxy/gift_assets/models/Poopy_Dragon_1.tgs
Kinky Stinky 0.1%,https://imperator-server.onrender.com/storage-proxy/gift_assets/models/Kinky_Stinky_0.tgs
Venus 1.5%,https://imperator-server.onrender.com/storage-proxy/gift_assets/models/Venus_1.tgs
Ocean Star 1.5%,https://imperator-server.onrender.com/storage-proxy/gift_assets/models/Ocean_Star_1.tgs
Royal Heart 1.5%,https://imperator-server.onrender.com/storage-proxy/gift_assets/models/Royal_Heart_1.tgs
Vampire 2%,https://imperator-server.onrender.com/storage-proxy/gift_assets/models/Vampire_2.tgs
Reactor 2%,https://imperator-server.onrender.com/storage-proxy/gift_assets/models/Reactor_2.tgs
Disco 2.5%,https://imperator-server.onrender.com/storage-proxy/gift_assets/models/Disco_2.tgs
Comic Book 2.5%,https://imperator-server.onrender.com/storage-proxy/gift_assets/models/Comic_Book_2.tgs
Toy Joy 2%,https://imperator-server.onrender.com/storage-proxy/gift_assets/models/Toy_Joy_2.tgs
Shield of Sun 1.5%,https://imperator-server.onrender.com/storage-proxy/gift_assets/models/Shield_of_Sun_1.tgs
Shaman 1.5%,https://imperator-server.onrender.com/storage-proxy/gift_assets/models/Shaman_1.tgs
Heartwood 2%,https://imperator-server.onrender.com/storage-proxy/gift_assets/models/Heartwood_2.tgs
Trapped Heart 2%,https://imperator-server.onrender.com/storage-proxy/gift_assets/models/Trapped_Heart_2.tgs
Pluto 1.5%,https://imperator-server.onrender.com/storage-proxy/gift_assets/models/Pluto_1.tgs
Nightclub 2.5%,https://imperator-server.onrender.com/storage-proxy/gift_assets/models/Nightclub_2.tgs
Lady Bug 1.5%,https://imperator-server.onrender.com/storage-proxy/gift_assets/models/Lady_Bug_1.tgs
Mercury 1.5%,https://imperator-server.onrender.com/storage-proxy/gift_assets/models/Mercury_1.tgs
Sanctuary 1.5%,https://imperator-server.onrender.com/storage-proxy/gift_assets/models/Sanctuary_1.tgs
Soulkeeper 2%,https://imperator-server.onrender.com/storage-proxy/gift_assets/models/Soulkeeper_2.tgs
Luna 2%,https://imperator-server.onrender.com/storage-proxy/gift_assets/models/Luna_2.tgs
Hell Rise 2%,https://imperator-server.onrender.com/storage-proxy/gift_assets/models/Hell_Rise_2.tgs
Great Wave 1%,https://imperator-server.onrender.com/storage-proxy/gift_assets/models/Great_Wave_1.tgs
Lunar Grail 1.5%,https://imperator-server.onrender.com/storage-proxy/gift_assets/models/Lunar_Grail_1.tgs
Emocore 2%,https://imperator-server.onrender.com/storage-proxy/gift_assets/models/Emocore_2.tgs
Mars 1.5%,https://imperator-server.onrender.com/storage-proxy/gift_assets/models/Mars_1.tgs
Love Ring 2%,https://imperator-server.onrender.com/storage-proxy/gift_assets/models/Love_Ring_2.tgs
Casino Bugs 1.5%,https://imperator-server.onrender.com/storage-proxy/gift_assets/models/Casino_Bugs_1.tgs
Matryoshka 1.5%,https://imperator-server.onrender.com/storage-proxy/gift_assets/models/Matryoshka_1.tgs
Karaoke Bar 2%,https://imperator-server.onrender.com/storage-proxy/gift_assets/models/Karaoke_Bar_2.tgs
Pepperoni 2.5%,https://imperator-server.onrender.com/storage-proxy/gift_assets/models/Pepperoni_2.tgs
Rebellion 1.5%,https://imperator-server.onrender.com/storage-proxy/gift_assets/models/Rebellion_1.tgs
Tuxedo Mask 1%,https://imperator-server.onrender.com/storage-proxy/gift_assets/models/Tuxedo_Mask_1.tgs
Telegram 1.5%,https://imperator-server.onrender.com/storage-proxy/gift_assets/models/Telegram_1.tgs
Royal Flush 2.5%,https://imperator-server.onrender.com/storage-proxy/gift_assets/models/Royal_Flush_2.tgs
Mecha Love 1.5%,https://imperator-server.onrender.com/storage-proxy/gift_assets/models/Mecha_Love_1.tgs
Glam Furry 2%,https://imperator-server.onrender.com/storage-proxy/gift_assets/models/Glam_Furry_2.tgs
Neptune 1%,https://imperator-server.onrender.com/storage-proxy/gift_assets/models/Neptune_1.tgs
Synthwave 1.5%,https://imperator-server.onrender.com/storage-proxy/gift_assets/models/Synthwave_1.tgs
Fairy Dust 1.5%,https://imperator-server.onrender.com/storage-proxy/gift_assets/models/Fairy_Dust_1.tgs
Queen Bee 1.5%,https://imperator-server.onrender.com/storage-proxy/gift_assets/models/Queen_Bee_1.tgs
Angelic Pink 2%,https://imperator-server.onrender.com/storage-proxy/gift_assets/models/Angelic_Pink_2.tgs
Waffle Maker 2%,https://imperator-server.onrender.com/storage-proxy/gift_assets/models/Waffle_Maker_2.tgs
Black Hole 2%,https://imperator-server.onrender.com/storage-proxy/gift_assets/models/Black_Hole_2.tgs
Turtles 1%,https://imperator-server.onrender.com/storage-proxy/gift_assets/models/Turtles_1.tgs
Saturn 1.5%,https://imperator-server.onrender.com/storage-proxy/gift_assets/models/Saturn_1.tgs
Spider Web 1.5%,https://imperator-server.onrender.com/storage-proxy/gift_assets/models/Spider_Web_1.tgs
Sakura 2%,https://imperator-server.onrender.com/storage-proxy/gift_assets/models/Sakura_2.tgs
Acorn Hunter 1.5%,https://imperator-server.onrender.com/storage-proxy/gift_assets/models/Acorn_Hunter_1.tgs
Koi Pond 1.5%,https://imperator-server.onrender.com/storage-proxy/gift_assets/models/Koi_Pond_1.tgs
Compass 2%,https://imperator-server.onrender.com/storage-proxy/gift_assets/models/Compass_2.tgs
Satoru 2%,https://imperator-server.onrender.com/storage-proxy/gift_assets/models/Satoru_2.tgs
Golden 1%,https://imperator-server.onrender.com/storage-proxy/gift_assets/models/Golden_1.tgs
Jupiter 1.5%,https://imperator-server.onrender.com/storage-proxy/gift_assets/models/Jupiter_1.tgs
Gem Shards 1.5%,https://imperator-server.onrender.com/storage-proxy/gift_assets/models/Gem_Shards_1.tgs
Mirror 1%,https://imperator-server.onrender.com/storage-proxy/gift_assets/models/Mirror_1.tgs
White Wolf 1%,https://imperator-server.onrender.com/storage-proxy/gift_assets/models/White_Wolf_1.tgs
Cirque 1%,https://imperator-server.onrender.com/storage-proxy/gift_assets/models/Cirque_1.tgs
Uranus 1%,https://imperator-server.onrender.com/storage-proxy/gift_assets/models/Uranus_1.tgs
Stone Flower 1.5%,https://imperator-server.onrender.com/storage-proxy/gift_assets/models/Stone_Flower_1.tgs
King Leonidas 1.5%,https://imperator-server.onrender.com/storage-proxy/gift_assets/models/King_Leonidas_1.tgs
Mythic Green 2.5%,https://imperator-server.onrender.com/storage-proxy/gift_assets/models/Mythic_Green_2.tgs
Mercurial 2.5%,https://imperator-server.onrender.com/storage-proxy/gift_assets/models/Mercurial_2.tgs
Bengal Tiger 2.5%,https://imperator-server.onrender.com/storage-proxy/gift_assets/models/Bengal_Tiger_2.tgs
Atlantis 2%,https://imperator-server.onrender.com/storage-proxy/gift_assets/models/Atlantis_2.tgs
Ladybug 2%,https://imperator-server.onrender.com/storage-proxy/gift_assets/models/Ladybug_2.tgs
Happy Frog 2%,https://imperator-server.onrender.com/storage-proxy/gift_assets/models/Happy_Frog_2.tgs
Aphrodite 2.5%,https://imperator-server.onrender.com/storage-proxy/gift_assets/models/Aphrodite_2.tgs
Skeleton 2%,https://imperator-server.onrender.com/storage-proxy/gift_assets/models/Skeleton_2.tgs
Galea Alba 2%,https://imperator-server.onrender.com/storage-proxy/gift_assets/models/Galea_Alba_2.tgs
Equalizer 1%,https://imperator-server.onrender.com/storage-proxy/gift_assets/models/Equalizer_1.tgs
Bounty Hunter 1.5%,https://imperator-server.onrender.com/storage-proxy/gift_assets/models/Bounty_Hunter_1.tgs
Cyberpunk 1%,https://imperator-server.onrender.com/storage-proxy/gift_assets/models/Cyberpunk_1.tgs
Praetorian 2%,https://imperator-server.onrender.com/storage-proxy/gift_assets/models/Praetorian_2.tgs
Chainsaw 1.5%,https://imperator-server.onrender.com/storage-proxy/gift_assets/models/Chainsaw_1.tgs
Desert Camo 3%,https://imperator-server.onrender.com/storage-proxy/gift_assets/models/Desert_Camo_3.tgs
Hard Hat 2.5%,https://imperator-server.onrender.com/storage-proxy/gift_assets/models/Hard_Hat_2.tgs
Liberty 2.5%,https://imperator-server.onrender.com/storage-proxy/gift_assets/models/Liberty_2.tgs
Hard Rock 1%,https://imperator-server.onrender.com/storage-proxy/gift_assets/models/Hard_Rock_1.tgs
Hippotigris 2.5%,https://imperator-server.onrender.com/storage-proxy/gift_assets/models/Hippotigris_2.tgs
Nekonidas 1.5%,https://imperator-server.onrender.com/storage-proxy/gift_assets/models/Nekonidas_1.tgs
Aegean Sea 3%,https://imperator-server.onrender.com/storage-proxy/gift_assets/models/Aegean_Sea_3.tgs
Pale Guard 2%,https://imperator-server.onrender.com/storage-proxy/gift_assets/models/Pale_Guard_2.tgs
Chieftain 2.5%,https://imperator-server.onrender.com/storage-proxy/gift_assets/models/Chieftain_2.tgs
Quackus 2%,https://imperator-server.onrender.com/storage-proxy/gift_assets/models/Quackus_2.tgs
Pancake 2%,https://imperator-server.onrender.com/storage-proxy/gift_assets/models/Pancake_2.tgs
Son of Ares 2%,https://imperator-server.onrender.com/storage-proxy/gift_assets/models/Son_of_Ares_2.tgs
King Midas 2%,https://imperator-server.onrender.com/storage-proxy/gift_assets/models/King_Midas_2.tgs
Giraffe 2%,https://imperator-server.onrender.com/storage-proxy/gift_assets/models/Giraffe_2.tgs
Ancient Gold 3%,https://imperator-server.onrender.com/storage-proxy/gift_assets/models/Ancient_Gold_3.tgs
Gladiator 2.5%,https://imperator-server.onrender.com/storage-proxy/gift_assets/models/Gladiator_2.tgs
Spartan 2.5%,https://imperator-server.onrender.com/storage-proxy/gift_assets/models/Spartan_2.tgs
Neon Legion 1.5%,https://imperator-server.onrender.com/storage-proxy/gift_assets/models/Neon_Legion_1.tgs
Black Thorn 2%,https://imperator-server.onrender.com/storage-proxy/gift_assets/models/Black_Thorn_2.tgs
Blue Parrot 2%,https://imperator-server.onrender.com/storage-proxy/gift_assets/models/Blue_Parrot_2.tgs
Pickelhaube 1%,https://imperator-server.onrender.com/storage-proxy/gift_assets/models/Pickelhaube_1.tgs
Athena 3%,https://imperator-server.onrender.com/storage-proxy/gift_assets/models/Athena_3.tgs
Old Leather 2.5%,https://imperator-server.onrender.com/storage-proxy/gift_assets/models/Old_Leather_2.tgs
Phoenix 2.5%,https://imperator-server.onrender.com/storage-proxy/gift_assets/models/Phoenix_2.tgs
Frozen Aegis 1%,https://imperator-server.onrender.com/storage-proxy/gift_assets/models/Frozen_Aegis_1.tgs
Biker Warrior 2%,https://imperator-server.onrender.com/storage-proxy/gift_assets/models/Biker_Warrior_2.tgs
Inferno 1.5%,https://imperator-server.onrender.com/storage-proxy/gift_assets/models/Inferno_1.tgs
Dynamo 1%,https://imperator-server.onrender.com/storage-proxy/gift_assets/models/Dynamo_1.tgs
Milk Legend 2.5%,https://imperator-server.onrender.com/storage-proxy/gift_assets/models/Milk_Legend_2.tgs
Steampunk 2%,https://imperator-server.onrender.com/storage-proxy/gift_assets/models/Steampunk_2.tgs
Maya Warrior 1.5%,https://imperator-server.onrender.com/storage-proxy/gift_assets/models/Maya_Warrior_1.tgs
Centurion 2.5%,https://imperator-server.onrender.com/storage-proxy/gift_assets/models/Centurion_2.tgs
Punk Skull 1%,https://imperator-server.onrender.com/storage-proxy/gift_assets/models/Punk_Skull_1.tgs
Neon 0.8%,https://imperator-server.onrender.com/storage-proxy/gift_assets/models/Neon_0.tgs
Firefly 1%,https://imperator-server.onrender.com/storage-proxy/gift_assets/models/Firefly_1.tgs
Pikabrew 0.3%,https://imperator-server.onrender.com/storage-proxy/gift_assets/models/Pikabrew_0.tgs
Vermilion 2.5%,https://imperator-server.onrender.com/storage-proxy/gift_assets/models/Vermilion_2.tgs
Halloween Brew 0.8%,https://imperator-server.onrender.com/storage-proxy/gift_assets/models/Halloween_Brew_0.tgs
Indigo Storm 2.5%,https://imperator-server.onrender.com/storage-proxy/gift_assets/models/Indigo_Storm_2.tgs
Petalwine 1.3%,https://imperator-server.onrender.com/storage-proxy/gift_assets/models/Petalwine_1.tgs
Skygold 2.5%,https://imperator-server.onrender.com/storage-proxy/gift_assets/models/Skygold_2.tgs
Choco Cloud 0.8%,https://imperator-server.onrender.com/storage-proxy/gift_assets/models/Choco_Cloud_0.tgs
Scarlet Sun 2.5%,https://imperator-server.onrender.com/storage-proxy/gift_assets/models/Scarlet_Sun_2.tgs
Amethyst 2.6%,https://imperator-server.onrender.com/storage-proxy/gift_assets/models/Amethyst_2.tgs
Aurora 1.4%,https://imperator-server.onrender.com/storage-proxy/gift_assets/models/Aurora_1.tgs
Greenwitch 1.3%,https://imperator-server.onrender.com/storage-proxy/gift_assets/models/Greenwitch_1.tgs
Ruby Ocean 1.3%,https://imperator-server.onrender.com/storage-proxy/gift_assets/models/Ruby_Ocean_1.tgs
Purple Haze 1.3%,https://imperator-server.onrender.com/storage-proxy/gift_assets/models/Purple_Haze_1.tgs
Violet Veil 1.4%,https://imperator-server.onrender.com/storage-proxy/gift_assets/models/Violet_Veil_1.tgs
Felix Felicis 0.3%,https://imperator-server.onrender.com/storage-proxy/gift_assets/models/Felix_Felicis_0.tgs
Sangria 2.5%,https://imperator-server.onrender.com/storage-proxy/gift_assets/models/Sangria_2.tgs
Citrus 2.5%,https://imperator-server.onrender.com/storage-proxy/gift_assets/models/Citrus_2.tgs
Rusty 2.6%,https://imperator-server.onrender.com/storage-proxy/gift_assets/models/Rusty_2.tgs
Starlight 0.8%,https://imperator-server.onrender.com/storage-proxy/gift_assets/models/Starlight_0.tgs
Golden Glow 1.3%,https://imperator-server.onrender.com/storage-proxy/gift_assets/models/Golden_Glow_1.tgs
Red Mirage 1.4%,https://imperator-server.onrender.com/storage-proxy/gift_assets/models/Red_Mirage_1.tgs
Orchid Volt 2.6%,https://imperator-server.onrender.com/storage-proxy/gift_assets/models/Orchid_Volt_2.tgs
Potpourri 2.6%,https://imperator-server.onrender.com/storage-proxy/gift_assets/models/Potpourri_2.tgs
Gummy Worm 1.3%,https://imperator-server.onrender.com/storage-proxy/gift_assets/models/Gummy_Worm_1.tgs
Fire Storm 0.3%,https://imperator-server.onrender.com/storage-proxy/gift_assets/models/Fire_Storm_0.tgs
Digital Sap 0.8%,https://imperator-server.onrender.com/storage-proxy/gift_assets/models/Digital_Sap_0.tgs
Mad Eye 0.8%,https://imperator-server.onrender.com/storage-proxy/gift_assets/models/Mad_Eye_0.tgs
Hypnosis 0.8%,https://imperator-server.onrender.com/storage-proxy/gift_assets/models/Hypnosis_0.tgs
Movie Night 0.8%,https://imperator-server.onrender.com/storage-proxy/gift_assets/models/Movie_Night_0.tgs
Witchy 3%,https://imperator-server.onrender.com/storage-proxy/gift_assets/models/Witchy_3.tgs
Fairy 2.6%,https://imperator-server.onrender.com/storage-proxy/gift_assets/models/Fairy_2.tgs
Holiday Spirit 0.8%,https://imperator-server.onrender.com/storage-proxy/gift_assets/models/Holiday_Spirit_0.tgs
Heat Map 1.3%,https://imperator-server.onrender.com/storage-proxy/gift_assets/models/Heat_Map_1.tgs
Strike 0.8%,https://imperator-server.onrender.com/storage-proxy/gift_assets/models/Strike_0.tgs
Cherry Bomb 0.8%,https://imperator-server.onrender.com/storage-proxy/gift_assets/models/Cherry_Bomb_0.tgs
Beholder 0.4%,https://imperator-server.onrender.com/storage-proxy/gift_assets/models/Beholder_0.tgs
Backstroke 0.8%,https://imperator-server.onrender.com/storage-proxy/gift_assets/models/Backstroke_0.tgs
Jade Grog 2.5%,https://imperator-server.onrender.com/storage-proxy/gift_assets/models/Jade_Grog_2.tgs
Fine Wine 0.8%,https://imperator-server.onrender.com/storage-proxy/gift_assets/models/Fine_Wine_0.tgs
Fairy Fluff 1.3%,https://imperator-server.onrender.com/storage-proxy/gift_assets/models/Fairy_Fluff_1.tgs
Moonlight 1.3%,https://imperator-server.onrender.com/storage-proxy/gift_assets/models/Moonlight_1.tgs
Blue Inferno 2.6%,https://imperator-server.onrender.com/storage-proxy/gift_assets/models/Blue_Inferno_2.tgs
Butterbeer 1.3%,https://imperator-server.onrender.com/storage-proxy/gift_assets/models/Butterbeer_1.tgs
Burnt Petals 1.4%,https://imperator-server.onrender.com/storage-proxy/gift_assets/models/Burnt_Petals_1.tgs
Sunset 0.8%,https://imperator-server.onrender.com/storage-proxy/gift_assets/models/Sunset_0.tgs
Peppermint 0.8%,https://imperator-server.onrender.com/storage-proxy/gift_assets/models/Peppermint_0.tgs
Full Moon 2.5%,https://imperator-server.onrender.com/storage-proxy/gift_assets/models/Full_Moon_2.tgs
Desert Friend 0.8%,https://imperator-server.onrender.com/storage-proxy/gift_assets/models/Desert_Friend_0.tgs
Burnt Roses 1.4%,https://imperator-server.onrender.com/storage-proxy/gift_assets/models/Burnt_Roses_1.tgs
Honeydew 1.4%,https://imperator-server.onrender.com/storage-proxy/gift_assets/models/Honeydew_1.tgs
Blueprint 0.8%,https://imperator-server.onrender.com/storage-proxy/gift_assets/models/Blueprint_0.tgs
Skywash 2.5%,https://imperator-server.onrender.com/storage-proxy/gift_assets/models/Skywash_2.tgs
Banana Split 0.8%,https://imperator-server.onrender.com/storage-proxy/gift_assets/models/Banana_Split_0.tgs
Code Red 0.8%,https://imperator-server.onrender.com/storage-proxy/gift_assets/models/Code_Red_0.tgs
Ice Citrus 0.8%,https://imperator-server.onrender.com/storage-proxy/gift_assets/models/Ice_Citrus_0.tgs
Lava 0.8%,https://imperator-server.onrender.com/storage-proxy/gift_assets/models/Lava_0.tgs
Citrus Bubbles 0.8%,https://imperator-server.onrender.com/storage-proxy/gift_assets/models/Citrus_Bubbles_0.tgs
Daiquiri 0.8%,https://imperator-server.onrender.com/storage-proxy/gift_assets/models/Daiquiri_0.tgs
Defensive 0.3%,https://imperator-server.onrender.com/storage-proxy/gift_assets/models/Defensive_0.tgs
Matrix 0.8%,https://imperator-server.onrender.com/storage-proxy/gift_assets/models/Matrix_0.tgs
Rainbow Pearl 0.8%,https://imperator-server.onrender.com/storage-proxy/gift_assets/models/Rainbow_Pearl_0.tgs
Malibu 0.8%,https://imperator-server.onrender.com/storage-proxy/gift_assets/models/Malibu_0.tgs
Soft Coral 1.3%,https://imperator-server.onrender.com/storage-proxy/gift_assets/models/Soft_Coral_1.tgs
Red Shift 1.3%,https://imperator-server.onrender.com/storage-proxy/gift_assets/models/Red_Shift_1.tgs
Melon Brew 0.8%,https://imperator-server.onrender.com/storage-proxy/gift_assets/models/Melon_Brew_0.tgs
Spectral Dew 1.3%,https://imperator-server.onrender.com/storage-proxy/gift_assets/models/Spectral_Dew_1.tgs
Minty Fresh 1.3%,https://imperator-server.onrender.com/storage-proxy/gift_assets/models/Minty_Fresh_1.tgs
Peachy Fume 0.8%,https://imperator-server.onrender.com/storage-proxy/gift_assets/models/Peachy_Fume_0.tgs
Inky 0.8%,https://imperator-server.onrender.com/storage-proxy/gift_assets/models/Inky_0.tgs
Bubble Bath 0.4%,https://imperator-server.onrender.com/storage-proxy/gift_assets/models/Bubble_Bath_0.tgs
Death Star 0.8%,https://imperator-server.onrender.com/storage-proxy/gift_assets/models/Death_Star_0.tgs
Quicksilver 0.8%,https://imperator-server.onrender.com/storage-proxy/gift_assets/models/Quicksilver_0.tgs
Tornado 0.8%,https://imperator-server.onrender.com/storage-proxy/gift_assets/models/Tornado_0.tgs
Burned Love 1.4%,https://imperator-server.onrender.com/storage-proxy/gift_assets/models/Burned_Love_1.tgs
Coldbrew 0.4%,https://imperator-server.onrender.com/storage-proxy/gift_assets/models/Coldbrew_0.tgs
Night Mixture 1.3%,https://imperator-server.onrender.com/storage-proxy/gift_assets/models/Night_Mixture_1.tgs
Amortentia 0.3%,https://imperator-server.onrender.com/storage-proxy/gift_assets/models/Amortentia_0.tgs
Banana Split 4.9%,https://imperator-server.onrender.com/storage-proxy/gift_assets/models/Banana_Split_4.tgs
Hibiscus Tea 3.3%,https://imperator-server.onrender.com/storage-proxy/gift_assets/models/Hibiscus_Tea_3.tgs
Matcha 3.2%,https://imperator-server.onrender.com/storage-proxy/gift_assets/models/Matcha_3.tgs
Orange Ghost 2.4%,https://imperator-server.onrender.com/storage-proxy/gift_assets/models/Orange_Ghost_2.tgs
Leprechaun 0.9%,https://imperator-server.onrender.com/storage-proxy/gift_assets/models/Leprechaun_0.tgs
Black Russian 4.7%,https://imperator-server.onrender.com/storage-proxy/gift_assets/models/Black_Russian_4.tgs
Blue Taser 1.3%,https://imperator-server.onrender.com/storage-proxy/gift_assets/models/Blue_Taser_1.tgs
Darkside 0.6%,https://imperator-server.onrender.com/storage-proxy/gift_assets/models/Darkside_0.tgs
Low Poly 1.8%,https://imperator-server.onrender.com/storage-proxy/gift_assets/models/Low_Poly_1.tgs
Fire Chariot 1.4%,https://imperator-server.onrender.com/storage-proxy/gift_assets/models/Fire_Chariot_1.tgs
Choco Mint 4.5%,https://imperator-server.onrender.com/storage-proxy/gift_assets/models/Choco_Mint_4.tgs
Apple Mousse 5%,https://imperator-server.onrender.com/storage-proxy/gift_assets/models/Apple_Mousse_5.tgs
Cubism 1.4%,https://imperator-server.onrender.com/storage-proxy/gift_assets/models/Cubism_1.tgs
Mr. Freeze 1.3%,https://imperator-server.onrender.com/storage-proxy/gift_assets/models/Mr._Freeze_1.tgs
Kiwi Box 1.9%,https://imperator-server.onrender.com/storage-proxy/gift_assets/models/Kiwi_Box_1.tgs
Marigold 3.6%,https://imperator-server.onrender.com/storage-proxy/gift_assets/models/Marigold_3.tgs
Cotton Candy 2.7%,https://imperator-server.onrender.com/storage-proxy/gift_assets/models/Cotton_Candy_2.tgs
Citrus 3.7%,https://imperator-server.onrender.com/storage-proxy/gift_assets/models/Citrus_3.tgs
Lavender Tea 3.4%,https://imperator-server.onrender.com/storage-proxy/gift_assets/models/Lavender_Tea_3.tgs
Mango Blast 4.9%,https://imperator-server.onrender.com/storage-proxy/gift_assets/models/Mango_Blast_4.tgs
Rose Velvet 4.8%,https://imperator-server.onrender.com/storage-proxy/gift_assets/models/Rose_Velvet_4.tgs
Bubblegum 3.9%,https://imperator-server.onrender.com/storage-proxy/gift_assets/models/Bubblegum_3.tgs
Moonberry 3.5%,https://imperator-server.onrender.com/storage-proxy/gift_assets/models/Moonberry_3.tgs
Honeyfire 3%,https://imperator-server.onrender.com/storage-proxy/gift_assets/models/Honeyfire_3.tgs
Bowser Brew 1.3%,https://imperator-server.onrender.com/storage-proxy/gift_assets/models/Bowser_Brew_1.tgs
Crystal Shot 1.4%,https://imperator-server.onrender.com/storage-proxy/gift_assets/models/Crystal_Shot_1.tgs
Lizard Blood 0.6%,https://imperator-server.onrender.com/storage-proxy/gift_assets/models/Lizard_Blood_0.tgs
Checkmate 1%,https://imperator-server.onrender.com/storage-proxy/gift_assets/models/Checkmate_1.tgs
Area 51 1.3%,https://imperator-server.onrender.com/storage-proxy/gift_assets/models/Area_51_1.tgs
Berry Pixel 1.6%,https://imperator-server.onrender.com/storage-proxy/gift_assets/models/Berry_Pixel_1.tgs
Ginger Joker 3.1%,https://imperator-server.onrender.com/storage-proxy/gift_assets/models/Ginger_Joker_3.tgs
Stickers 1.5%,https://imperator-server.onrender.com/storage-proxy/gift_assets/models/Stickers_1.tgs
Milky Way 0.6%,https://imperator-server.onrender.com/storage-proxy/gift_assets/models/Milky_Way_0.tgs
Hot Fuchsia 2.6%,https://imperator-server.onrender.com/storage-proxy/gift_assets/models/Hot_Fuchsia_2.tgs
Peach Latte 1.7%,https://imperator-server.onrender.com/storage-proxy/gift_assets/models/Peach_Latte_1.tgs
Lucid Roast 1.4%,https://imperator-server.onrender.com/storage-proxy/gift_assets/models/Lucid_Roast_1.tgs
Love Potion 1.4%,https://imperator-server.onrender.com/storage-proxy/gift_assets/models/Love_Potion_1.tgs
Emo Drip 0.9%,https://imperator-server.onrender.com/storage-proxy/gift_assets/models/Emo_Drip_0.tgs
Flaming B-52 1.4%,https://imperator-server.onrender.com/storage-proxy/gift_assets/models/Flaming_B-52_1.tgs
Ogre Latte 0.4%,https://imperator-server.onrender.com/storage-proxy/gift_assets/models/Ogre_Latte_0.tgs
Toxic Waste 1.2%,https://imperator-server.onrender.com/storage-proxy/gift_assets/models/Toxic_Waste_1.tgs
Mermaid 0.5%,https://imperator-server.onrender.com/storage-proxy/gift_assets/models/Mermaid_0.tgs
Fish Basket 0.6%,https://imperator-server.onrender.com/storage-proxy/gift_assets/models/Fish_Basket_0.tgs
Pumpkin Juice 0.4%,https://imperator-server.onrender.com/storage-proxy/gift_assets/models/Pumpkin_Juice_0.tgs
Depresso 0.4%,https://imperator-server.onrender.com/storage-proxy/gift_assets/models/Depresso_0.tgs
Cyber Mix 0.2%,https://imperator-server.onrender.com/storage-proxy/gift_assets/models/Cyber_Mix_0.tgs
Brain Gum 0.4%,https://imperator-server.onrender.com/storage-proxy/gift_assets/models/Brain_Gum_0.tgs
French Yogurt 1.5%,https://imperator-server.onrender.com/storage-proxy/gift_assets/models/French_Yogurt_1.tgs
Midsummer 1%,https://imperator-server.onrender.com/storage-proxy/gift_assets/models/Midsummer_1.tgs
Mint Kiss 1.5%,https://imperator-server.onrender.com/storage-proxy/gift_assets/models/Mint_Kiss_1.tgs
Sweet Bite 1.5%,https://imperator-server.onrender.com/storage-proxy/gift_assets/models/Sweet_Bite_1.tgs
Fondant Fancy 1%,https://imperator-server.onrender.com/storage-proxy/gift_assets/models/Fondant_Fancy_1.tgs
Choco Dream 1.5%,https://imperator-server.onrender.com/storage-proxy/gift_assets/models/Choco_Dream_1.tgs
Meringue 1.5%,https://imperator-server.onrender.com/storage-proxy/gift_assets/models/Meringue_1.tgs
Choco Twist 1.5%,https://imperator-server.onrender.com/storage-proxy/gift_assets/models/Choco_Twist_1.tgs
Pumpkin Pie 1.5%,https://imperator-server.onrender.com/storage-proxy/gift_assets/models/Pumpkin_Pie_1.tgs
Mario Cake 0.5%,https://imperator-server.onrender.com/storage-proxy/gift_assets/models/Mario_Cake_0.tgs
Pastel 1.5%,https://imperator-server.onrender.com/storage-proxy/gift_assets/models/Pastel_1.tgs
Lilac Splash 1.5%,https://imperator-server.onrender.com/storage-proxy/gift_assets/models/Lilac_Splash_1.tgs
Telegram 0.5%,https://imperator-server.onrender.com/storage-proxy/gift_assets/models/Telegram_0.tgs
Mickey Mousse 1%,https://imperator-server.onrender.com/storage-proxy/gift_assets/models/Mickey_Mousse_1.tgs
Blush 1.5%,https://imperator-server.onrender.com/storage-proxy/gift_assets/models/Blush_1.tgs
Red Layer 1.5%,https://imperator-server.onrender.com/storage-proxy/gift_assets/models/Red_Layer_1.tgs
Jam Layer 1%,https://imperator-server.onrender.com/storage-proxy/gift_assets/models/Jam_Layer_1.tgs
Starry Sky 0.5%,https://imperator-server.onrender.com/storage-proxy/gift_assets/models/Starry_Sky_0.tgs
Carrot Cake 1.5%,https://imperator-server.onrender.com/storage-proxy/gift_assets/models/Carrot_Cake_1.tgs
Nutty Joy 1.5%,https://imperator-server.onrender.com/storage-proxy/gift_assets/models/Nutty_Joy_1.tgs
Berry Сrown 0.5%,https://imperator-server.onrender.com/storage-proxy/gift_assets/models/Berry_Сrown_0.tgs
Frosty 0.2%,https://imperator-server.onrender.com/storage-proxy/gift_assets/models/Frosty_0.tgs
Candy Candle 1%,https://imperator-server.onrender.com/storage-proxy/gift_assets/models/Candy_Candle_1.tgs
Red Pearl 0.5%,https://imperator-server.onrender.com/storage-proxy/gift_assets/models/Red_Pearl_0.tgs
Lemon Mint 1.5%,https://imperator-server.onrender.com/storage-proxy/gift_assets/models/Lemon_Mint_1.tgs
Pink Velvet 1.5%,https://imperator-server.onrender.com/storage-proxy/gift_assets/models/Pink_Velvet_1.tgs
Sweet Dawn 1.5%,https://imperator-server.onrender.com/storage-proxy/gift_assets/models/Sweet_Dawn_1.tgs
Just A Slice 0.5%,https://imperator-server.onrender.com/storage-proxy/gift_assets/models/Just_A_Slice_0.tgs
Opera Cake 1.5%,https://imperator-server.onrender.com/storage-proxy/gift_assets/models/Opera_Cake_1.tgs
Pistachio Sky 1.5%,https://imperator-server.onrender.com/storage-proxy/gift_assets/models/Pistachio_Sky_1.tgs
Frosted Mint 1.5%,https://imperator-server.onrender.com/storage-proxy/gift_assets/models/Frosted_Mint_1.tgs
Festive Mint 1%,https://imperator-server.onrender.com/storage-proxy/gift_assets/models/Festive_Mint_1.tgs
Jellycious 0.5%,https://imperator-server.onrender.com/storage-proxy/gift_assets/models/Jellycious_0.tgs
Cold Heaven 1.5%,https://imperator-server.onrender.com/storage-proxy/gift_assets/models/Cold_Heaven_1.tgs
Luigi Cake 0.5%,https://imperator-server.onrender.com/storage-proxy/gift_assets/models/Luigi_Cake_0.tgs
Sweet  Lilac 0.5%,https://imperator-server.onrender.com/storage-proxy/gift_assets/models/Sweet_Lilac_0.tgs
It’s My Party 1%,https://imperator-server.onrender.com/storage-proxy/gift_assets/models/Its_My_Party_1.tgs
Toffee 1%,https://imperator-server.onrender.com/storage-proxy/gift_assets/models/Toffee_1.tgs
Vanilla Sky 1.5%,https://imperator-server.onrender.com/storage-proxy/gift_assets/models/Vanilla_Sky_1.tgs
Sand Castle 0.5%,https://imperator-server.onrender.com/storage-proxy/gift_assets/models/Sand_Castle_0.tgs
Tender Peach 1.5%,https://imperator-server.onrender.com/storage-proxy/gift_assets/models/Tender_Peach_1.tgs
Cinnamon 1.5%,https://imperator-server.onrender.com/storage-proxy/gift_assets/models/Cinnamon_1.tgs
Сhoco Сhips 1%,https://imperator-server.onrender.com/storage-proxy/gift_assets/models/Сhoco_Сhips_1.tgs
Pink Whirl 1%,https://imperator-server.onrender.com/storage-proxy/gift_assets/models/Pink_Whirl_1.tgs
Peachy Bloom 1.5%,https://imperator-server.onrender.com/storage-proxy/gift_assets/models/Peachy_Bloom_1.tgs
Tropical Mist 1.5%,https://imperator-server.onrender.com/storage-proxy/gift_assets/models/Tropical_Mist_1.tgs
Sugarstorm 1.5%,https://imperator-server.onrender.com/storage-proxy/gift_assets/models/Sugarstorm_1.tgs
Chocolate 1.5%,https://imperator-server.onrender.com/storage-proxy/gift_assets/models/Chocolate_1.tgs
Sponge Cake 1.5%,https://imperator-server.onrender.com/storage-proxy/gift_assets/models/Sponge_Cake_1.tgs
Cherry Kiss 0.2%,https://imperator-server.onrender.com/storage-proxy/gift_assets/models/Cherry_Kiss_0.tgs
Pistachio 1.5%,https://imperator-server.onrender.com/storage-proxy/gift_assets/models/Pistachio_1.tgs
Mellow Gold 1.5%,https://imperator-server.onrender.com/storage-proxy/gift_assets/models/Mellow_Gold_1.tgs
Rosy Frost 1.5%,https://imperator-server.onrender.com/storage-proxy/gift_assets/models/Rosy_Frost_1.tgs
Bonecake 0.2%,https://imperator-server.onrender.com/storage-proxy/gift_assets/models/Bonecake_0.tgs
Fantasy 1.5%,https://imperator-server.onrender.com/storage-proxy/gift_assets/models/Fantasy_1.tgs
Lil Princess 1.5%,https://imperator-server.onrender.com/storage-proxy/gift_assets/models/Lil_Princess_1.tgs
Cotton Candy 1%,https://imperator-server.onrender.com/storage-proxy/gift_assets/models/Cotton_Candy_1.tgs
Ocean Wave 1.5%,https://imperator-server.onrender.com/storage-proxy/gift_assets/models/Ocean_Wave_1.tgs
Candy Parade 1.5%,https://imperator-server.onrender.com/storage-proxy/gift_assets/models/Candy_Parade_1.tgs
Noir Night 1%,https://imperator-server.onrender.com/storage-proxy/gift_assets/models/Noir_Night_1.tgs
Angel Cake 1.5%,https://imperator-server.onrender.com/storage-proxy/gift_assets/models/Angel_Cake_1.tgs
Cocoa Cloud 1%,https://imperator-server.onrender.com/storage-proxy/gift_assets/models/Cocoa_Cloud_1.tgs
Spring Bloom 1.5%,https://imperator-server.onrender.com/storage-proxy/gift_assets/models/Spring_Bloom_1.tgs
Lilac Slice 1.5%,https://imperator-server.onrender.com/storage-proxy/gift_assets/models/Lilac_Slice_1.tgs
Yours Only 0.5%,https://imperator-server.onrender.com/storage-proxy/gift_assets/models/Yours_Only_0.tgs
Сitrus Matcha 1.5%,https://imperator-server.onrender.com/storage-proxy/gift_assets/models/Сitrus_Matcha_1.tgs
Sunset 1.5%,https://imperator-server.onrender.com/storage-proxy/gift_assets/models/Sunset_1.tgs
Cherry Cake 0.5%,https://imperator-server.onrender.com/storage-proxy/gift_assets/models/Cherry_Cake_0.tgs
Velvet Cocoa 1.5%,https://imperator-server.onrender.com/storage-proxy/gift_assets/models/Velvet_Cocoa_1.tgs
Frosty Mocha 1.5%,https://imperator-server.onrender.com/storage-proxy/gift_assets/models/Frosty_Mocha_1.tgs
Wishlist 1%,https://imperator-server.onrender.com/storage-proxy/gift_assets/models/Wishlist_1.tgs
Caramel Joy 1.5%,https://imperator-server.onrender.com/storage-proxy/gift_assets/models/Caramel_Joy_1.tgs
Cream Dream 1.5%,https://imperator-server.onrender.com/storage-proxy/gift_assets/models/Cream_Dream_1.tgs
Best Wishes 0.5%,https://imperator-server.onrender.com/storage-proxy/gift_assets/models/Best_Wishes_0.tgs
Rainbow Glow 0.5%,https://imperator-server.onrender.com/storage-proxy/gift_assets/models/Rainbow_Glow_0.tgs
Jelly Fantasy 0.5%,https://imperator-server.onrender.com/storage-proxy/gift_assets/models/Jelly_Fantasy_0.tgs
Pinkie Pie 1%,https://imperator-server.onrender.com/storage-proxy/gift_assets/models/Pinkie_Pie_1.tgs
Meadow 0.5%,https://imperator-server.onrender.com/storage-proxy/gift_assets/models/Meadow_0.tgs
Cheesecake 0.5%,https://imperator-server.onrender.com/storage-proxy/gift_assets/models/Cheesecake_0.tgs
Paradise 0.5%,https://imperator-server.onrender.com/storage-proxy/gift_assets/models/Paradise_0.tgs
Mistletoe 0.5%,https://imperator-server.onrender.com/storage-proxy/gift_assets/models/Mistletoe_0.tgs
Cream Pie 0.5%,https://imperator-server.onrender.com/storage-proxy/gift_assets/models/Cream_Pie_0.tgs
Sugar Bows 0.5%,https://imperator-server.onrender.com/storage-proxy/gift_assets/models/Sugar_Bows_0.tgs
Premium 0.5%,https://imperator-server.onrender.com/storage-proxy/gift_assets/models/Premium_0.tgs
Birthday 0.2%,https://imperator-server.onrender.com/storage-proxy/gift_assets/models/Birthday_0.tgs
Candy Cane 0.2%,https://imperator-server.onrender.com/storage-proxy/gift_assets/models/Candy_Cane_0.tgs
Volcano 0.2%,https://imperator-server.onrender.com/storage-proxy/gift_assets/models/Volcano_0.tgs
Toxicake 0.2%,https://imperator-server.onrender.com/storage-proxy/gift_assets/models/Toxicake_0.tgs
Naughty 0.5%,https://imperator-server.onrender.com/storage-proxy/gift_assets/models/Naughty_0.tgs
Blue Depth 0.2%,https://imperator-server.onrender.com/storage-proxy/gift_assets/models/Blue_Depth_0.tgs
Fire Blast 0.2%,https://imperator-server.onrender.com/storage-proxy/gift_assets/models/Fire_Blast_0.tgs
Citrus Fresh 1.3%,https://imperator-server.onrender.com/storage-proxy/gift_assets/models/Citrus_Fresh_1.tgs
Umbrella Corp 1.3%,https://imperator-server.onrender.com/storage-proxy/gift_assets/models/Umbrella_Corp_1.tgs
Radiation 0.7%,https://imperator-server.onrender.com/storage-proxy/gift_assets/models/Radiation_0.tgs
Green Goblin 1.3%,https://imperator-server.onrender.com/storage-proxy/gift_assets/models/Green_Goblin_1.tgs
Spiraling 0.9%,https://imperator-server.onrender.com/storage-proxy/gift_assets/models/Spiraling_0.tgs
Webby 0.8%,https://imperator-server.onrender.com/storage-proxy/gift_assets/models/Webby_0.tgs
Pink Blur 0.9%,https://imperator-server.onrender.com/storage-proxy/gift_assets/models/Pink_Blur_0.tgs
Expired 1.3%,https://imperator-server.onrender.com/storage-proxy/gift_assets/models/Expired_1.tgs
Pink Clouds 1.3%,https://imperator-server.onrender.com/storage-proxy/gift_assets/models/Pink_Clouds_1.tgs
The Maze 0.9%,https://imperator-server.onrender.com/storage-proxy/gift_assets/models/The_Maze_0.tgs
Flower Sky 1.3%,https://imperator-server.onrender.com/storage-proxy/gift_assets/models/Flower_Sky_1.tgs
Monster Eye 0.9%,https://imperator-server.onrender.com/storage-proxy/gift_assets/models/Monster_Eye_0.tgs
Secret Citrus 1.3%,https://imperator-server.onrender.com/storage-proxy/gift_assets/models/Secret_Citrus_1.tgs
Pangea 0.8%,https://imperator-server.onrender.com/storage-proxy/gift_assets/models/Pangea_0.tgs
Lemon Drop 0.9%,https://imperator-server.onrender.com/storage-proxy/gift_assets/models/Lemon_Drop_0.tgs
Manic Melon 0.9%,https://imperator-server.onrender.com/storage-proxy/gift_assets/models/Manic_Melon_0.tgs
No Disturb 0.8%,https://imperator-server.onrender.com/storage-proxy/gift_assets/models/No_Disturb_0.tgs
Rollin Donut 0.8%,https://imperator-server.onrender.com/storage-proxy/gift_assets/models/Rollin_Donut_0.tgs
Sugar Buzz 1.3%,https://imperator-server.onrender.com/storage-proxy/gift_assets/models/Sugar_Buzz_1.tgs
Budding 1.3%,https://imperator-server.onrender.com/storage-proxy/gift_assets/models/Budding_1.tgs
Beach Treat 1.3%,https://imperator-server.onrender.com/storage-proxy/gift_assets/models/Beach_Treat_1.tgs
Sweetheart 0.8%,https://imperator-server.onrender.com/storage-proxy/gift_assets/models/Sweetheart_0.tgs
Moving Mauve 1.3%,https://imperator-server.onrender.com/storage-proxy/gift_assets/models/Moving_Mauve_1.tgs
Moon Candy 0.7%,https://imperator-server.onrender.com/storage-proxy/gift_assets/models/Moon_Candy_0.tgs
Cinematic 1.3%,https://imperator-server.onrender.com/storage-proxy/gift_assets/models/Cinematic_1.tgs
Grape Medley 1.3%,https://imperator-server.onrender.com/storage-proxy/gift_assets/models/Grape_Medley_1.tgs
Scary Movie 1.3%,https://imperator-server.onrender.com/storage-proxy/gift_assets/models/Scary_Movie_1.tgs
Berry Swirl 1.3%,https://imperator-server.onrender.com/storage-proxy/gift_assets/models/Berry_Swirl_1.tgs
Treat Time 0.9%,https://imperator-server.onrender.com/storage-proxy/gift_assets/models/Treat_Time_0.tgs
Ginger Man 0.7%,https://imperator-server.onrender.com/storage-proxy/gift_assets/models/Ginger_Man_0.tgs
Candy Carrot 1.3%,https://imperator-server.onrender.com/storage-proxy/gift_assets/models/Candy_Carrot_1.tgs
Nightfall 1.3%,https://imperator-server.onrender.com/storage-proxy/gift_assets/models/Nightfall_1.tgs
Lucipop 0.8%,https://imperator-server.onrender.com/storage-proxy/gift_assets/models/Lucipop_0.tgs
Sickly Sweet 0.9%,https://imperator-server.onrender.com/storage-proxy/gift_assets/models/Sickly_Sweet_0.tgs
Pacific 1.3%,https://imperator-server.onrender.com/storage-proxy/gift_assets/models/Pacific_1.tgs
Color Swap 1.3%,https://imperator-server.onrender.com/storage-proxy/gift_assets/models/Color_Swap_1.tgs
Island Ice 0.9%,https://imperator-server.onrender.com/storage-proxy/gift_assets/models/Island_Ice_0.tgs
Verdant 1.3%,https://imperator-server.onrender.com/storage-proxy/gift_assets/models/Verdant_1.tgs
Day Night 0.8%,https://imperator-server.onrender.com/storage-proxy/gift_assets/models/Day_Night_0.tgs
Dark Side 1.3%,https://imperator-server.onrender.com/storage-proxy/gift_assets/models/Dark_Side_1.tgs
Rainbow Pop 1.3%,https://imperator-server.onrender.com/storage-proxy/gift_assets/models/Rainbow_Pop_1.tgs
Fragile Orb 0.8%,https://imperator-server.onrender.com/storage-proxy/gift_assets/models/Fragile_Orb_0.tgs
Summer Bliss 1.3%,https://imperator-server.onrender.com/storage-proxy/gift_assets/models/Summer_Bliss_1.tgs
Lemon Zest 0.9%,https://imperator-server.onrender.com/storage-proxy/gift_assets/models/Lemon_Zest_0.tgs
Choco Donut 0.8%,https://imperator-server.onrender.com/storage-proxy/gift_assets/models/Choco_Donut_0.tgs
Orange Peel 0.9%,https://imperator-server.onrender.com/storage-proxy/gift_assets/models/Orange_Peel_0.tgs
Glowing Pink 1.3%,https://imperator-server.onrender.com/storage-proxy/gift_assets/models/Glowing_Pink_1.tgs
Frozen 0.8%,https://imperator-server.onrender.com/storage-proxy/gift_assets/models/Frozen_0.tgs
Green Mist 1.3%,https://imperator-server.onrender.com/storage-proxy/gift_assets/models/Green_Mist_1.tgs
Snake Eyes 0.9%,https://imperator-server.onrender.com/storage-proxy/gift_assets/models/Snake_Eyes_0.tgs
Telegram 0.7%,https://imperator-server.onrender.com/storage-proxy/gift_assets/models/Telegram_0.tgs
Blue Beat 0.9%,https://imperator-server.onrender.com/storage-proxy/gift_assets/models/Blue_Beat_0.tgs
Teddy Bear 0.8%,https://imperator-server.onrender.com/storage-proxy/gift_assets/models/Teddy_Bear_0.tgs
Watermelon 1.3%,https://imperator-server.onrender.com/storage-proxy/gift_assets/models/Watermelon_1.tgs
Classic Vinyl 0.8%,https://imperator-server.onrender.com/storage-proxy/gift_assets/models/Classic_Vinyl_0.tgs
Mint Coating 1.3%,https://imperator-server.onrender.com/storage-proxy/gift_assets/models/Mint_Coating_1.tgs
Flytrap 1.3%,https://imperator-server.onrender.com/storage-proxy/gift_assets/models/Flytrap_1.tgs
Strabismus 0.8%,https://imperator-server.onrender.com/storage-proxy/gift_assets/models/Strabismus_0.tgs
Inside Out 1.3%,https://imperator-server.onrender.com/storage-proxy/gift_assets/models/Inside_Out_1.tgs
Red Berries 1.3%,https://imperator-server.onrender.com/storage-proxy/gift_assets/models/Red_Berries_1.tgs
Mac Loader 0.8%,https://imperator-server.onrender.com/storage-proxy/gift_assets/models/Mac_Loader_0.tgs
Purple Petal 1.3%,https://imperator-server.onrender.com/storage-proxy/gift_assets/models/Purple_Petal_1.tgs
Choco Cherry 1.3%,https://imperator-server.onrender.com/storage-proxy/gift_assets/models/Choco_Cherry_1.tgs
Orange Spin 0.9%,https://imperator-server.onrender.com/storage-proxy/gift_assets/models/Orange_Spin_0.tgs
Ice Bauble 0.8%,https://imperator-server.onrender.com/storage-proxy/gift_assets/models/Ice_Bauble_0.tgs
Windmill 1.3%,https://imperator-server.onrender.com/storage-proxy/gift_assets/models/Windmill_1.tgs
Neon Treat 1.3%,https://imperator-server.onrender.com/storage-proxy/gift_assets/models/Neon_Treat_1.tgs
Beach Ball 0.8%,https://imperator-server.onrender.com/storage-proxy/gift_assets/models/Beach_Ball_0.tgs
Goldberry 1.3%,https://imperator-server.onrender.com/storage-proxy/gift_assets/models/Goldberry_1.tgs
Aperture 0.9%,https://imperator-server.onrender.com/storage-proxy/gift_assets/models/Aperture_0.tgs
Bloodshot 0.9%,https://imperator-server.onrender.com/storage-proxy/gift_assets/models/Bloodshot_0.tgs
Seventies 0.9%,https://imperator-server.onrender.com/storage-proxy/gift_assets/models/Seventies_0.tgs
Strawberry 0.9%,https://imperator-server.onrender.com/storage-proxy/gift_assets/models/Strawberry_0.tgs
Lime Wedge 0.9%,https://imperator-server.onrender.com/storage-proxy/gift_assets/models/Lime_Wedge_0.tgs
Vanilla Mint 1.3%,https://imperator-server.onrender.com/storage-proxy/gift_assets/models/Vanilla_Mint_1.tgs
Hysteria 0.9%,https://imperator-server.onrender.com/storage-proxy/gift_assets/models/Hysteria_0.tgs
Kawaii Dog 0.5%,https://imperator-server.onrender.com/storage-proxy/gift_assets/models/Kawaii_Dog_0.tgs
Greenwich 1.3%,https://imperator-server.onrender.com/storage-proxy/gift_assets/models/Greenwich_1.tgs
Sakura 0.9%,https://imperator-server.onrender.com/storage-proxy/gift_assets/models/Sakura_0.tgs
Hypno Yellow 0.9%,https://imperator-server.onrender.com/storage-proxy/gift_assets/models/Hypno_Yellow_0.tgs
Hale-Pop 0.7%,https://imperator-server.onrender.com/storage-proxy/gift_assets/models/Hale-Pop_0.tgs
Dark Cherry 0.9%,https://imperator-server.onrender.com/storage-proxy/gift_assets/models/Dark_Cherry_0.tgs
White Bloom 0.9%,https://imperator-server.onrender.com/storage-proxy/gift_assets/models/White_Bloom_0.tgs
Bomb Pop 0.8%,https://imperator-server.onrender.com/storage-proxy/gift_assets/models/Bomb_Pop_0.tgs
Red Wheel 1.3%,https://imperator-server.onrender.com/storage-proxy/gift_assets/models/Red_Wheel_1.tgs
Reward 0.5%,https://imperator-server.onrender.com/storage-proxy/gift_assets/models/Reward_0.tgs
Compact Disc 0.5%,https://imperator-server.onrender.com/storage-proxy/gift_assets/models/Compact_Disc_0.tgs
Saturn 0.7%,https://imperator-server.onrender.com/storage-proxy/gift_assets/models/Saturn_0.tgs
Amphibian 0.7%,https://imperator-server.onrender.com/storage-proxy/gift_assets/models/Amphibian_0.tgs
Orange Petal 0.9%,https://imperator-server.onrender.com/storage-proxy/gift_assets/models/Orange_Petal_0.tgs
Sunrays 1.3%,https://imperator-server.onrender.com/storage-proxy/gift_assets/models/Sunrays_1.tgs
Shirtless 0.7%,https://imperator-server.onrender.com/storage-proxy/gift_assets/models/Shirtless_0.tgs
Flashing 0.7%,https://imperator-server.onrender.com/storage-proxy/gift_assets/models/Flashing_0.tgs
Tamagotchi 0.5%,https://imperator-server.onrender.com/storage-proxy/gift_assets/models/Tamagotchi_0.tgs
Marksman 0.8%,https://imperator-server.onrender.com/storage-proxy/gift_assets/models/Marksman_0.tgs
Grand Slam 0.8%,https://imperator-server.onrender.com/storage-proxy/gift_assets/models/Grand_Slam_0.tgs
Tricky Treat 0.7%,https://imperator-server.onrender.com/storage-proxy/gift_assets/models/Tricky_Treat_0.tgs
Ketchum 0.8%,https://imperator-server.onrender.com/storage-proxy/gift_assets/models/Ketchum_0.tgs
Granite 1.5%,https://imperator-server.onrender.com/storage-proxy/gift_assets/models/Granite_1.tgs
BiteCoin 1.5%,https://imperator-server.onrender.com/storage-proxy/gift_assets/models/BiteCoin_1.tgs
Whisker 2.5%,https://imperator-server.onrender.com/storage-proxy/gift_assets/models/Whisker_2.tgs
Ton Cone 1.5%,https://imperator-server.onrender.com/storage-proxy/gift_assets/models/Ton_Cone_1.tgs
Crude Oil 3%,https://imperator-server.onrender.com/storage-proxy/gift_assets/models/Crude_Oil_3.tgs
Cold Steel 3%,https://imperator-server.onrender.com/storage-proxy/gift_assets/models/Cold_Steel_3.tgs
Kiwi Sorbet 3%,https://imperator-server.onrender.com/storage-proxy/gift_assets/models/Kiwi_Sorbet_3.tgs
Cucumber 3%,https://imperator-server.onrender.com/storage-proxy/gift_assets/models/Cucumber_3.tgs
Trio Scoop 3%,https://imperator-server.onrender.com/storage-proxy/gift_assets/models/Trio_Scoop_3.tgs
Pawpsicle 2%,https://imperator-server.onrender.com/storage-proxy/gift_assets/models/Pawpsicle_2.tgs
Cold Fusion 2%,https://imperator-server.onrender.com/storage-proxy/gift_assets/models/Cold_Fusion_2.tgs
Watermelon 3%,https://imperator-server.onrender.com/storage-proxy/gift_assets/models/Watermelon_3.tgs
Citrus 3%,https://imperator-server.onrender.com/storage-proxy/gift_assets/models/Citrus_3.tgs
Plastic Pop 2.5%,https://imperator-server.onrender.com/storage-proxy/gift_assets/models/Plastic_Pop_2.tgs
Beehive 2.5%,https://imperator-server.onrender.com/storage-proxy/gift_assets/models/Beehive_2.tgs
Banana 3%,https://imperator-server.onrender.com/storage-proxy/gift_assets/models/Banana_3.tgs
Starlit 2%,https://imperator-server.onrender.com/storage-proxy/gift_assets/models/Starlit_2.tgs
TNT Stick 1.5%,https://imperator-server.onrender.com/storage-proxy/gift_assets/models/TNT_Stick_1.tgs
Funky Disco 2.5%,https://imperator-server.onrender.com/storage-proxy/gift_assets/models/Funky_Disco_2.tgs
Brain Freeze 1.5%,https://imperator-server.onrender.com/storage-proxy/gift_assets/models/Brain_Freeze_1.tgs
Pigeon 2%,https://imperator-server.onrender.com/storage-proxy/gift_assets/models/Pigeon_2.tgs
Crystal 1%,https://imperator-server.onrender.com/storage-proxy/gift_assets/models/Crystal_1.tgs
Extra Spicy 2%,https://imperator-server.onrender.com/storage-proxy/gift_assets/models/Extra_Spicy_2.tgs
Bite-Size 3%,https://imperator-server.onrender.com/storage-proxy/gift_assets/models/Bite-Size_3.tgs
Vice Dream 3%,https://imperator-server.onrender.com/storage-proxy/gift_assets/models/Vice_Dream_3.tgs
Utya Pop 1%,https://imperator-server.onrender.com/storage-proxy/gift_assets/models/Utya_Pop_1.tgs
Fresh Berry 3%,https://imperator-server.onrender.com/storage-proxy/gift_assets/models/Fresh_Berry_3.tgs
Cupid Aim 2.5%,https://imperator-server.onrender.com/storage-proxy/gift_assets/models/Cupid_Aim_2.tgs
Shivery 1%,https://imperator-server.onrender.com/storage-proxy/gift_assets/models/Shivery_1.tgs
Ice Craft 1.5%,https://imperator-server.onrender.com/storage-proxy/gift_assets/models/Ice_Craft_1.tgs
Apple Dip 2.5%,https://imperator-server.onrender.com/storage-proxy/gift_assets/models/Apple_Dip_2.tgs
Precious 3%,https://imperator-server.onrender.com/storage-proxy/gift_assets/models/Precious_3.tgs
Pharaoh 1%,https://imperator-server.onrender.com/storage-proxy/gift_assets/models/Pharaoh_1.tgs
Berry Split 3%,https://imperator-server.onrender.com/storage-proxy/gift_assets/models/Berry_Split_3.tgs
Starship 3%,https://imperator-server.onrender.com/storage-proxy/gift_assets/models/Starship_3.tgs
Divine Justice 1.5%,https://imperator-server.onrender.com/storage-proxy/gift_assets/models/Divine_Justice_1.tgs
Choco Almond 3%,https://imperator-server.onrender.com/storage-proxy/gift_assets/models/Choco_Almond_3.tgs
Fried Chicken 1.5%,https://imperator-server.onrender.com/storage-proxy/gift_assets/models/Fried_Chicken_1.tgs
Cryo Pepe 0.1%,https://imperator-server.onrender.com/storage-proxy/gift_assets/models/Cryo_Pepe_0.tgs
Gold Ingot 1%,https://imperator-server.onrender.com/storage-proxy/gift_assets/models/Gold_Ingot_1.tgs
Cyclone 3%,https://imperator-server.onrender.com/storage-proxy/gift_assets/models/Cyclone_3.tgs
Ghost Biters 1.5%,https://imperator-server.onrender.com/storage-proxy/gift_assets/models/Ghost_Biters_1.tgs
Kraken 0.5%,https://imperator-server.onrender.com/storage-proxy/gift_assets/models/Kraken_0.tgs
Emperor 1%,https://imperator-server.onrender.com/storage-proxy/gift_assets/models/Emperor_1.tgs
Bubbles 2%,https://imperator-server.onrender.com/storage-proxy/gift_assets/models/Bubbles_2.tgs
Golden Drake 0.5%,https://imperator-server.onrender.com/storage-proxy/gift_assets/models/Golden_Drake_0.tgs
Stardust 1%,https://imperator-server.onrender.com/storage-proxy/gift_assets/models/Stardust_1.tgs
Resistance 0.2%,https://imperator-server.onrender.com/storage-proxy/gift_assets/models/Resistance_0.tgs
Euro 2%,https://imperator-server.onrender.com/storage-proxy/gift_assets/models/Euro_2.tgs
Joker 1.5%,https://imperator-server.onrender.com/storage-proxy/gift_assets/models/Joker_1.tgs
Submit Button 0.5%,https://imperator-server.onrender.com/storage-proxy/gift_assets/models/Submit_Button_0.tgs
Phosphorus 2%,https://imperator-server.onrender.com/storage-proxy/gift_assets/models/Phosphorus_2.tgs
Zombie 2%,https://imperator-server.onrender.com/storage-proxy/gift_assets/models/Zombie_2.tgs
Raido Rune 2%,https://imperator-server.onrender.com/storage-proxy/gift_assets/models/Raido_Rune_2.tgs
End Game 1.5%,https://imperator-server.onrender.com/storage-proxy/gift_assets/models/End_Game_1.tgs
LOL 2%,https://imperator-server.onrender.com/storage-proxy/gift_assets/models/LOL_2.tgs
Earth 1.5%,https://imperator-server.onrender.com/storage-proxy/gift_assets/models/Earth_1.tgs
Coffee 2.5%,https://imperator-server.onrender.com/storage-proxy/gift_assets/models/Coffee_2.tgs
Parking Lot 2.5%,https://imperator-server.onrender.com/storage-proxy/gift_assets/models/Parking_Lot_2.tgs
Verification 0.5%,https://imperator-server.onrender.com/storage-proxy/gift_assets/models/Verification_0.tgs
Helipad 1.5%,https://imperator-server.onrender.com/storage-proxy/gift_assets/models/Helipad_1.tgs
Press F 0.5%,https://imperator-server.onrender.com/storage-proxy/gift_assets/models/Press_F_0.tgs
Love Button 2%,https://imperator-server.onrender.com/storage-proxy/gift_assets/models/Love_Button_2.tgs
Chill Key 2.5%,https://imperator-server.onrender.com/storage-proxy/gift_assets/models/Chill_Key_2.tgs
Scared Cat 2%,https://imperator-server.onrender.com/storage-proxy/gift_assets/models/Scared_Cat_2.tgs
Red Dice 1.5%,https://imperator-server.onrender.com/storage-proxy/gift_assets/models/Red_Dice_1.tgs
Infinity 2%,https://imperator-server.onrender.com/storage-proxy/gift_assets/models/Infinity_2.tgs
Purrfect Key 1%,https://imperator-server.onrender.com/storage-proxy/gift_assets/models/Purrfect_Key_1.tgs
Utya 2%,https://imperator-server.onrender.com/storage-proxy/gift_assets/models/Utya_2.tgs
Matrix 1.5%,https://imperator-server.onrender.com/storage-proxy/gift_assets/models/Matrix_1.tgs
The King 1.5%,https://imperator-server.onrender.com/storage-proxy/gift_assets/models/The_King_1.tgs
Ctrl+Pi 2.5%,https://imperator-server.onrender.com/storage-proxy/gift_assets/models/CtrlPi_2.tgs
Gold Star 1%,https://imperator-server.onrender.com/storage-proxy/gift_assets/models/Gold_Star_1.tgs
Search Engine 1.5%,https://imperator-server.onrender.com/storage-proxy/gift_assets/models/Search_Engine_1.tgs
Hot Grill 2%,https://imperator-server.onrender.com/storage-proxy/gift_assets/models/Hot_Grill_2.tgs
Underwood 2%,https://imperator-server.onrender.com/storage-proxy/gift_assets/models/Underwood_2.tgs
X-Ray 1.5%,https://imperator-server.onrender.com/storage-proxy/gift_assets/models/X-Ray_1.tgs
V For Vegan 2.5%,https://imperator-server.onrender.com/storage-proxy/gift_assets/models/V_For_Vegan_2.tgs
Countdown 2%,https://imperator-server.onrender.com/storage-proxy/gift_assets/models/Countdown_2.tgs
Typewriter 1.5%,https://imperator-server.onrender.com/storage-proxy/gift_assets/models/Typewriter_1.tgs
Telegram 2%,https://imperator-server.onrender.com/storage-proxy/gift_assets/models/Telegram_2.tgs
Money Printer 1%,https://imperator-server.onrender.com/storage-proxy/gift_assets/models/Money_Printer_1.tgs
Blockchain 1.5%,https://imperator-server.onrender.com/storage-proxy/gift_assets/models/Blockchain_1.tgs
Incredible 1.5%,https://imperator-server.onrender.com/storage-proxy/gift_assets/models/Incredible_1.tgs
Play Button 2%,https://imperator-server.onrender.com/storage-proxy/gift_assets/models/Play_Button_2.tgs
Angel 2%,https://imperator-server.onrender.com/storage-proxy/gift_assets/models/Angel_2.tgs
Woodland 2.5%,https://imperator-server.onrender.com/storage-proxy/gift_assets/models/Woodland_2.tgs
Magic 8 Ball 2%,https://imperator-server.onrender.com/storage-proxy/gift_assets/models/Magic_8_Ball_2.tgs
Nom-Nom 1.5%,https://imperator-server.onrender.com/storage-proxy/gift_assets/models/Nom-Nom_1.tgs
Astrobot 1.5%,https://imperator-server.onrender.com/storage-proxy/gift_assets/models/Astrobot_1.tgs
Hashtag 2.5%,https://imperator-server.onrender.com/storage-proxy/gift_assets/models/Hashtag_2.tgs
Bitcoin 2%,https://imperator-server.onrender.com/storage-proxy/gift_assets/models/Bitcoin_2.tgs
Swimming Pool 2.5%,https://imperator-server.onrender.com/storage-proxy/gift_assets/models/Swimming_Pool_2.tgs
Snoop Dogg 2%,https://imperator-server.onrender.com/storage-proxy/gift_assets/models/Snoop_Dogg_2.tgs
Jackpot 2%,https://imperator-server.onrender.com/storage-proxy/gift_assets/models/Jackpot_2.tgs
Creeper 1.5%,https://imperator-server.onrender.com/storage-proxy/gift_assets/models/Creeper_1.tgs
Doomsday 1.5%,https://imperator-server.onrender.com/storage-proxy/gift_assets/models/Doomsday_1.tgs
Continue 1.5%,https://imperator-server.onrender.com/storage-proxy/gift_assets/models/Continue_1.tgs
Major 1%,https://imperator-server.onrender.com/storage-proxy/gift_assets/models/Major_1.tgs
Ninja 1.5%,https://imperator-server.onrender.com/storage-proxy/gift_assets/models/Ninja_1.tgs
Champion 1%,https://imperator-server.onrender.com/storage-proxy/gift_assets/models/Champion_1.tgs
Ronaldo 1%,https://imperator-server.onrender.com/storage-proxy/gift_assets/models/Ronaldo_1.tgs
Volcano 2%,https://imperator-server.onrender.com/storage-proxy/gift_assets/models/Volcano_2.tgs
Quad Damage 0.5%,https://imperator-server.onrender.com/storage-proxy/gift_assets/models/Quad_Damage_0.tgs
Ban Hammer 1%,https://imperator-server.onrender.com/storage-proxy/gift_assets/models/Ban_Hammer_1.tgs
Like Button 0.5%,https://imperator-server.onrender.com/storage-proxy/gift_assets/models/Like_Button_0.tgs
Squid Wok 2%,https://imperator-server.onrender.com/storage-proxy/gift_assets/models/Squid_Wok_2.tgs
Spicy Beef 3%,https://imperator-server.onrender.com/storage-proxy/gift_assets/models/Spicy_Beef_3.tgs
Cat Food 2.5%,https://imperator-server.onrender.com/storage-proxy/gift_assets/models/Cat_Food_2.tgs
Slurp-Slurp 2.5%,https://imperator-server.onrender.com/storage-proxy/gift_assets/models/Slurp-Slurp_2.tgs
Red Lobster 2%,https://imperator-server.onrender.com/storage-proxy/gift_assets/models/Red_Lobster_2.tgs
Arcane Bowl 2%,https://imperator-server.onrender.com/storage-proxy/gift_assets/models/Arcane_Bowl_2.tgs
Topokki 3%,https://imperator-server.onrender.com/storage-proxy/gift_assets/models/Topokki_3.tgs
Sunny Loops 3%,https://imperator-server.onrender.com/storage-proxy/gift_assets/models/Sunny_Loops_3.tgs
Sewing Stew 3%,https://imperator-server.onrender.com/storage-proxy/gift_assets/models/Sewing_Stew_3.tgs
Abduction 2.5%,https://imperator-server.onrender.com/storage-proxy/gift_assets/models/Abduction_2.tgs
Mushroom 3%,https://imperator-server.onrender.com/storage-proxy/gift_assets/models/Mushroom_3.tgs
First Date 3%,https://imperator-server.onrender.com/storage-proxy/gift_assets/models/First_Date_3.tgs
Octopus 1.5%,https://imperator-server.onrender.com/storage-proxy/gift_assets/models/Octopus_1.tgs
Pika-Pika! 0.5%,https://imperator-server.onrender.com/storage-proxy/gift_assets/models/Pika-Pika_0.tgs
Shrimp 3%,https://imperator-server.onrender.com/storage-proxy/gift_assets/models/Shrimp_3.tgs
Bento 2.5%,https://imperator-server.onrender.com/storage-proxy/gift_assets/models/Bento_2.tgs
Eyeballs 2.5%,https://imperator-server.onrender.com/storage-proxy/gift_assets/models/Eyeballs_2.tgs
Broccoli 3%,https://imperator-server.onrender.com/storage-proxy/gift_assets/models/Broccoli_3.tgs
Gold Chain 2%,https://imperator-server.onrender.com/storage-proxy/gift_assets/models/Gold_Chain_2.tgs
Samurai 2.5%,https://imperator-server.onrender.com/storage-proxy/gift_assets/models/Samurai_2.tgs
Seafood 2%,https://imperator-server.onrender.com/storage-proxy/gift_assets/models/Seafood_2.tgs
Black Pasta 3%,https://imperator-server.onrender.com/storage-proxy/gift_assets/models/Black_Pasta_3.tgs
Sandbox 1%,https://imperator-server.onrender.com/storage-proxy/gift_assets/models/Sandbox_1.tgs
Family Jewels 1.5%,https://imperator-server.onrender.com/storage-proxy/gift_assets/models/Family_Jewels_1.tgs
Sausage Duo 2.5%,https://imperator-server.onrender.com/storage-proxy/gift_assets/models/Sausage_Duo_2.tgs
Turtle Soup 0.5%,https://imperator-server.onrender.com/storage-proxy/gift_assets/models/Turtle_Soup_0.tgs
Chicken 3%,https://imperator-server.onrender.com/storage-proxy/gift_assets/models/Chicken_3.tgs
Ratatouille 3%,https://imperator-server.onrender.com/storage-proxy/gift_assets/models/Ratatouille_3.tgs
Broth Pack 1.5%,https://imperator-server.onrender.com/storage-proxy/gift_assets/models/Broth_Pack_1.tgs
Khinkali 3%,https://imperator-server.onrender.com/storage-proxy/gift_assets/models/Khinkali_3.tgs
Ramen Snack 2%,https://imperator-server.onrender.com/storage-proxy/gift_assets/models/Ramen_Snack_2.tgs
Bacon 3%,https://imperator-server.onrender.com/storage-proxy/gift_assets/models/Bacon_3.tgs
Dragon Soup 1.5%,https://imperator-server.onrender.com/storage-proxy/gift_assets/models/Dragon_Soup_1.tgs
Diamonds 0.5%,https://imperator-server.onrender.com/storage-proxy/gift_assets/models/Diamonds_0.tgs
Cable Mess 1.5%,https://imperator-server.onrender.com/storage-proxy/gift_assets/models/Cable_Mess_1.tgs
Giant Crab 1.5%,https://imperator-server.onrender.com/storage-proxy/gift_assets/models/Giant_Crab_1.tgs
Sacred Grove 2.5%,https://imperator-server.onrender.com/storage-proxy/gift_assets/models/Sacred_Grove_2.tgs
Hotpot 2%,https://imperator-server.onrender.com/storage-proxy/gift_assets/models/Hotpot_2.tgs
Sponge Box 1%,https://imperator-server.onrender.com/storage-proxy/gift_assets/models/Sponge_Box_1.tgs
Anti-Gravity 1.5%,https://imperator-server.onrender.com/storage-proxy/gift_assets/models/Anti-Gravity_1.tgs
Jade Dragon 1.5%,https://imperator-server.onrender.com/storage-proxy/gift_assets/models/Jade_Dragon_1.tgs
Classic Ramen 2.5%,https://imperator-server.onrender.com/storage-proxy/gift_assets/models/Classic_Ramen_2.tgs
Spicy Wiener 2%,https://imperator-server.onrender.com/storage-proxy/gift_assets/models/Spicy_Wiener_2.tgs
Bitcoins 0.5%,https://imperator-server.onrender.com/storage-proxy/gift_assets/models/Bitcoins_0.tgs
Gothic Dish 1.5%,https://imperator-server.onrender.com/storage-proxy/gift_assets/models/Gothic_Dish_1.tgs
Golden Fleece 0.5%,https://imperator-server.onrender.com/storage-proxy/gift_assets/models/Golden_Fleece_0.tgs
Homemade 2%,https://imperator-server.onrender.com/storage-proxy/gift_assets/models/Homemade_2.tgs
Jelly Brain 1.5%,https://imperator-server.onrender.com/storage-proxy/gift_assets/models/Jelly_Brain_1.tgs
Golden Vault 0.5%,https://imperator-server.onrender.com/storage-proxy/gift_assets/models/Golden_Vault_0.tgs
Girl Power 1.5%,https://imperator-server.onrender.com/storage-proxy/gift_assets/models/Girl_Power_1.tgs
Solar Flare 2%,https://imperator-server.onrender.com/storage-proxy/gift_assets/models/Solar_Flare_2.tgs
Sugilite 2%,https://imperator-server.onrender.com/storage-proxy/gift_assets/models/Sugilite_2.tgs
Star Forge 3%,https://imperator-server.onrender.com/storage-proxy/gift_assets/models/Star_Forge_3.tgs
Bronzite 2%,https://imperator-server.onrender.com/storage-proxy/gift_assets/models/Bronzite_2.tgs
Live Wire 2%,https://imperator-server.onrender.com/storage-proxy/gift_assets/models/Live_Wire_2.tgs
Sapphire 2%,https://imperator-server.onrender.com/storage-proxy/gift_assets/models/Sapphire_2.tgs
Chaos Emerald 2%,https://imperator-server.onrender.com/storage-proxy/gift_assets/models/Chaos_Emerald_2.tgs
Ultraviolet 2%,https://imperator-server.onrender.com/storage-proxy/gift_assets/models/Ultraviolet_2.tgs
King Midas 1.5%,https://imperator-server.onrender.com/storage-proxy/gift_assets/models/King_Midas_1.tgs
Solid Waste 0.6%,https://imperator-server.onrender.com/storage-proxy/gift_assets/models/Solid_Waste_0.tgs
Solarium 3%,https://imperator-server.onrender.com/storage-proxy/gift_assets/models/Solarium_3.tgs
Prismatic 1%,https://imperator-server.onrender.com/storage-proxy/gift_assets/models/Prismatic_1.tgs
Ice Crystal 2%,https://imperator-server.onrender.com/storage-proxy/gift_assets/models/Ice_Crystal_2.tgs
Redwood 2%,https://imperator-server.onrender.com/storage-proxy/gift_assets/models/Redwood_2.tgs
Martini 2%,https://imperator-server.onrender.com/storage-proxy/gift_assets/models/Martini_2.tgs
Time Stone 2%,https://imperator-server.onrender.com/storage-proxy/gift_assets/models/Time_Stone_2.tgs
Pink Sapphire 2%,https://imperator-server.onrender.com/storage-proxy/gift_assets/models/Pink_Sapphire_2.tgs
Limestone 3%,https://imperator-server.onrender.com/storage-proxy/gift_assets/models/Limestone_3.tgs
Botanica 1.5%,https://imperator-server.onrender.com/storage-proxy/gift_assets/models/Botanica_1.tgs
Gradient 2%,https://imperator-server.onrender.com/storage-proxy/gift_assets/models/Gradient_2.tgs
Love Stones 2%,https://imperator-server.onrender.com/storage-proxy/gift_assets/models/Love_Stones_2.tgs
Nightstone 2%,https://imperator-server.onrender.com/storage-proxy/gift_assets/models/Nightstone_2.tgs
Blue Zircon 2%,https://imperator-server.onrender.com/storage-proxy/gift_assets/models/Blue_Zircon_2.tgs
Anime Battle 1.5%,https://imperator-server.onrender.com/storage-proxy/gift_assets/models/Anime_Battle_1.tgs
Obsidian 2%,https://imperator-server.onrender.com/storage-proxy/gift_assets/models/Obsidian_2.tgs
Honey Gold 3%,https://imperator-server.onrender.com/storage-proxy/gift_assets/models/Honey_Gold_3.tgs
Princess Cut 2%,https://imperator-server.onrender.com/storage-proxy/gift_assets/models/Princess_Cut_2.tgs
Garnet 2%,https://imperator-server.onrender.com/storage-proxy/gift_assets/models/Garnet_2.tgs
Lustrous 2%,https://imperator-server.onrender.com/storage-proxy/gift_assets/models/Lustrous_2.tgs
Fireworks 1.5%,https://imperator-server.onrender.com/storage-proxy/gift_assets/models/Fireworks_1.tgs
Saltwater 1%,https://imperator-server.onrender.com/storage-proxy/gift_assets/models/Saltwater_1.tgs
Tiberium 2%,https://imperator-server.onrender.com/storage-proxy/gift_assets/models/Tiberium_2.tgs
Paper Plane 2%,https://imperator-server.onrender.com/storage-proxy/gift_assets/models/Paper_Plane_2.tgs
Gold Gram 2%,https://imperator-server.onrender.com/storage-proxy/gift_assets/models/Gold_Gram_2.tgs
Halloween 2%,https://imperator-server.onrender.com/storage-proxy/gift_assets/models/Halloween_2.tgs
Shocking Pink 2%,https://imperator-server.onrender.com/storage-proxy/gift_assets/models/Shocking_Pink_2.tgs
Color Drain 3%,https://imperator-server.onrender.com/storage-proxy/gift_assets/models/Color_Drain_3.tgs
Orchestra 1.5%,https://imperator-server.onrender.com/storage-proxy/gift_assets/models/Orchestra_1.tgs
Cryst-mas 1%,https://imperator-server.onrender.com/storage-proxy/gift_assets/models/Cryst-mas_1.tgs
Himalaya 3%,https://imperator-server.onrender.com/storage-proxy/gift_assets/models/Himalaya_3.tgs
Cupid Quartz 2%,https://imperator-server.onrender.com/storage-proxy/gift_assets/models/Cupid_Quartz_2.tgs
Barbie 2%,https://imperator-server.onrender.com/storage-proxy/gift_assets/models/Barbie_2.tgs
Sweet Tooth 2%,https://imperator-server.onrender.com/storage-proxy/gift_assets/models/Sweet_Tooth_2.tgs
Crystal Clear 0.5%,https://imperator-server.onrender.com/storage-proxy/gift_assets/models/Crystal_Clear_0.tgs
Noir Manga 1.5%,https://imperator-server.onrender.com/storage-proxy/gift_assets/models/Noir_Manga_1.tgs
Jamaica 0.5%,https://imperator-server.onrender.com/storage-proxy/gift_assets/models/Jamaica_0.tgs
Energon 0.5%,https://imperator-server.onrender.com/storage-proxy/gift_assets/models/Energon_0.tgs
Kryptonite 0.1%,https://imperator-server.onrender.com/storage-proxy/gift_assets/models/Kryptonite_0.tgs
Sunbeam 0.1%,https://imperator-server.onrender.com/storage-proxy/gift_assets/models/Sunbeam_0.tgs
Pink Floyd 0.1%,https://imperator-server.onrender.com/storage-proxy/gift_assets/models/Pink_Floyd_0.tgs
Dry Wood 3%,https://imperator-server.onrender.com/storage-proxy/gift_assets/models/Dry_Wood_3.tgs
Dried Flowers 1.5%,https://imperator-server.onrender.com/storage-proxy/gift_assets/models/Dried_Flowers_1.tgs
Gunslinger 1%,https://imperator-server.onrender.com/storage-proxy/gift_assets/models/Gunslinger_1.tgs
Wet Styling 2.5%,https://imperator-server.onrender.com/storage-proxy/gift_assets/models/Wet_Styling_2.tgs
Catwalk 3%,https://imperator-server.onrender.com/storage-proxy/gift_assets/models/Catwalk_3.tgs
Noir Vape 2%,https://imperator-server.onrender.com/storage-proxy/gift_assets/models/Noir_Vape_2.tgs
Cyber Prism 2%,https://imperator-server.onrender.com/storage-proxy/gift_assets/models/Cyber_Prism_2.tgs
Zephyrus 3%,https://imperator-server.onrender.com/storage-proxy/gift_assets/models/Zephyrus_3.tgs
Fan-tom 2%,https://imperator-server.onrender.com/storage-proxy/gift_assets/models/Fan-tom_2.tgs
Ace Machine 2%,https://imperator-server.onrender.com/storage-proxy/gift_assets/models/Ace_Machine_2.tgs
Cooling Kiss 2%,https://imperator-server.onrender.com/storage-proxy/gift_assets/models/Cooling_Kiss_2.tgs
Music Player 3%,https://imperator-server.onrender.com/storage-proxy/gift_assets/models/Music_Player_3.tgs
Tiger Wave 3%,https://imperator-server.onrender.com/storage-proxy/gift_assets/models/Tiger_Wave_3.tgs
Love Burst 3%,https://imperator-server.onrender.com/storage-proxy/gift_assets/models/Love_Burst_3.tgs
Scorchwing 1.5%,https://imperator-server.onrender.com/storage-proxy/gift_assets/models/Scorchwing_1.tgs
Bubble Blower 2%,https://imperator-server.onrender.com/storage-proxy/gift_assets/models/Bubble_Blower_2.tgs
Plumbus 1%,https://imperator-server.onrender.com/storage-proxy/gift_assets/models/Plumbus_1.tgs
Turbo Heat 3%,https://imperator-server.onrender.com/storage-proxy/gift_assets/models/Turbo_Heat_3.tgs
Shooting Star 2%,https://imperator-server.onrender.com/storage-proxy/gift_assets/models/Shooting_Star_2.tgs
Gold Rush 1%,https://imperator-server.onrender.com/storage-proxy/gift_assets/models/Gold_Rush_1.tgs
Savannah 3%,https://imperator-server.onrender.com/storage-proxy/gift_assets/models/Savannah_3.tgs
Sound Wave 3%,https://imperator-server.onrender.com/storage-proxy/gift_assets/models/Sound_Wave_3.tgs
Vortex 2%,https://imperator-server.onrender.com/storage-proxy/gift_assets/models/Vortex_2.tgs
Polka Dot 3%,https://imperator-server.onrender.com/storage-proxy/gift_assets/models/Polka_Dot_3.tgs
Volcano 2.5%,https://imperator-server.onrender.com/storage-proxy/gift_assets/models/Volcano_2.tgs
Splatter 2%,https://imperator-server.onrender.com/storage-proxy/gift_assets/models/Splatter_2.tgs
Rough Sketch 1%,https://imperator-server.onrender.com/storage-proxy/gift_assets/models/Rough_Sketch_1.tgs
Pigeon Gun 1%,https://imperator-server.onrender.com/storage-proxy/gift_assets/models/Pigeon_Gun_1.tgs
Pink Voxel 1.5%,https://imperator-server.onrender.com/storage-proxy/gift_assets/models/Pink_Voxel_1.tgs
Sugar Breeze 2%,https://imperator-server.onrender.com/storage-proxy/gift_assets/models/Sugar_Breeze_2.tgs
Air Purrifier 3%,https://imperator-server.onrender.com/storage-proxy/gift_assets/models/Air_Purrifier_3.tgs
Velvet XXL 2.5%,https://imperator-server.onrender.com/storage-proxy/gift_assets/models/Velvet_XXL_2.tgs
Flamethrower 2.5%,https://imperator-server.onrender.com/storage-proxy/gift_assets/models/Flamethrower_2.tgs
Saguaro 2%,https://imperator-server.onrender.com/storage-proxy/gift_assets/models/Saguaro_2.tgs
Hot Bot 3%,https://imperator-server.onrender.com/storage-proxy/gift_assets/models/Hot_Bot_3.tgs
Glimmer 2.5%,https://imperator-server.onrender.com/storage-proxy/gift_assets/models/Glimmer_2.tgs
Beholder 0.5%,https://imperator-server.onrender.com/storage-proxy/gift_assets/models/Beholder_0.tgs
Popcorn 1.5%,https://imperator-server.onrender.com/storage-proxy/gift_assets/models/Popcorn_1.tgs
Barbiecore 3%,https://imperator-server.onrender.com/storage-proxy/gift_assets/models/Barbiecore_3.tgs
Tyson 1%,https://imperator-server.onrender.com/storage-proxy/gift_assets/models/Tyson_1.tgs
Taser 2%,https://imperator-server.onrender.com/storage-proxy/gift_assets/models/Taser_2.tgs
Square Dryer 1.5%,https://imperator-server.onrender.com/storage-proxy/gift_assets/models/Square_Dryer_1.tgs
Angel Blast 2%,https://imperator-server.onrender.com/storage-proxy/gift_assets/models/Angel_Blast_2.tgs
Rad-Dry 9000 3%,https://imperator-server.onrender.com/storage-proxy/gift_assets/models/Rad-Dry_9000_3.tgs
Arc Reactor 0.5%,https://imperator-server.onrender.com/storage-proxy/gift_assets/models/Arc_Reactor_0.tgs
Beetlejuice 2%,https://imperator-server.onrender.com/storage-proxy/gift_assets/models/Beetlejuice_2.tgs
Satellite 1%,https://imperator-server.onrender.com/storage-proxy/gift_assets/models/Satellite_1.tgs
Simpsonic 0.5%,https://imperator-server.onrender.com/storage-proxy/gift_assets/models/Simpsonic_0.tgs
Air Force One 0.5%,https://imperator-server.onrender.com/storage-proxy/gift_assets/models/Air_Force_One_0.tgs
Prank Spider 1.5%,https://imperator-server.onrender.com/storage-proxy/gift_assets/models/Prank_Spider_1.tgs
Beetle Juice 2.5%,https://imperator-server.onrender.com/storage-proxy/gift_assets/models/Beetle_Juice_2.tgs
Music Box 3%,https://imperator-server.onrender.com/storage-proxy/gift_assets/models/Music_Box_3.tgs
Tombstone 3%,https://imperator-server.onrender.com/storage-proxy/gift_assets/models/Tombstone_3.tgs
Knockdown 3%,https://imperator-server.onrender.com/storage-proxy/gift_assets/models/Knockdown_3.tgs
Undead 1%,https://imperator-server.onrender.com/storage-proxy/gift_assets/models/Undead_1.tgs
Minifigure 1.5%,https://imperator-server.onrender.com/storage-proxy/gift_assets/models/Minifigure_1.tgs
Aliens 1%,https://imperator-server.onrender.com/storage-proxy/gift_assets/models/Aliens_1.tgs
Blue Friend 2.5%,https://imperator-server.onrender.com/storage-proxy/gift_assets/models/Blue_Friend_2.tgs
Let’s Rock 1.5%,https://imperator-server.onrender.com/storage-proxy/gift_assets/models/Lets_Rock_1.tgs
Oktoberfest 3%,https://imperator-server.onrender.com/storage-proxy/gift_assets/models/Oktoberfest_3.tgs
Doughnut 3%,https://imperator-server.onrender.com/storage-proxy/gift_assets/models/Doughnut_3.tgs
Pink Bunny 1.5%,https://imperator-server.onrender.com/storage-proxy/gift_assets/models/Pink_Bunny_1.tgs
Santa Muerte 1.5%,https://imperator-server.onrender.com/storage-proxy/gift_assets/models/Santa_Muerte_1.tgs
Piranha Plant 2%,https://imperator-server.onrender.com/storage-proxy/gift_assets/models/Piranha_Plant_2.tgs
Toasted 0.5%,https://imperator-server.onrender.com/storage-proxy/gift_assets/models/Toasted_0.tgs
Thumbs Up 3%,https://imperator-server.onrender.com/storage-proxy/gift_assets/models/Thumbs_Up_3.tgs
Cockcrow 3%,https://imperator-server.onrender.com/storage-proxy/gift_assets/models/Cockcrow_3.tgs
Shy Pepe 1%,https://imperator-server.onrender.com/storage-proxy/gift_assets/models/Shy_Pepe_1.tgs
Lunch Break 3%,https://imperator-server.onrender.com/storage-proxy/gift_assets/models/Lunch_Break_3.tgs
Jack-a-Snake 2%,https://imperator-server.onrender.com/storage-proxy/gift_assets/models/Jack-a-Snake_2.tgs
Matryoshka 2%,https://imperator-server.onrender.com/storage-proxy/gift_assets/models/Matryoshka_2.tgs
Doghouse 3%,https://imperator-server.onrender.com/storage-proxy/gift_assets/models/Doghouse_3.tgs
Lucifer 1.5%,https://imperator-server.onrender.com/storage-proxy/gift_assets/models/Lucifer_1.tgs
Cat House 0.7%,https://imperator-server.onrender.com/storage-proxy/gift_assets/models/Cat_House_0.tgs
Money Safe 0.7%,https://imperator-server.onrender.com/storage-proxy/gift_assets/models/Money_Safe_0.tgs
Recursion 1.5%,https://imperator-server.onrender.com/storage-proxy/gift_assets/models/Recursion_1.tgs
Bombox 1.5%,https://imperator-server.onrender.com/storage-proxy/gift_assets/models/Bombox_1.tgs
Bouquet 3%,https://imperator-server.onrender.com/storage-proxy/gift_assets/models/Bouquet_3.tgs
Maneki Neko 2%,https://imperator-server.onrender.com/storage-proxy/gift_assets/models/Maneki_Neko_2.tgs
Top Prize 0.7%,https://imperator-server.onrender.com/storage-proxy/gift_assets/models/Top_Prize_0.tgs
Spaceship 2%,https://imperator-server.onrender.com/storage-proxy/gift_assets/models/Spaceship_2.tgs
Night Terror 2%,https://imperator-server.onrender.com/storage-proxy/gift_assets/models/Night_Terror_2.tgs
Super Block 3%,https://imperator-server.onrender.com/storage-proxy/gift_assets/models/Super_Block_3.tgs
Trickster 3%,https://imperator-server.onrender.com/storage-proxy/gift_assets/models/Trickster_3.tgs
Amogus 2%,https://imperator-server.onrender.com/storage-proxy/gift_assets/models/Amogus_2.tgs
Wonderland 3%,https://imperator-server.onrender.com/storage-proxy/gift_assets/models/Wonderland_3.tgs
Mamma Mia 1%,https://imperator-server.onrender.com/storage-proxy/gift_assets/models/Mamma_Mia_1.tgs
Teddy Bear 2.5%,https://imperator-server.onrender.com/storage-proxy/gift_assets/models/Teddy_Bear_2.tgs
Dentures 3%,https://imperator-server.onrender.com/storage-proxy/gift_assets/models/Dentures_3.tgs
Christmas 2.5%,https://imperator-server.onrender.com/storage-proxy/gift_assets/models/Christmas_2.tgs
Fake Flower 1.5%,https://imperator-server.onrender.com/storage-proxy/gift_assets/models/Fake_Flower_1.tgs
Piñata 1.5%,https://imperator-server.onrender.com/storage-proxy/gift_assets/models/Piñata_1.tgs
Unicorn 1.6%,https://imperator-server.onrender.com/storage-proxy/gift_assets/models/Unicorn_1.tgs
Splash 0.5%,https://imperator-server.onrender.com/storage-proxy/gift_assets/models/Splash_0.tgs
Trash Panda 1.5%,https://imperator-server.onrender.com/storage-proxy/gift_assets/models/Trash_Panda_1.tgs
Peace Bro 1%,https://imperator-server.onrender.com/storage-proxy/gift_assets/models/Peace_Bro_1.tgs
Crash TNT 0.5%,https://imperator-server.onrender.com/storage-proxy/gift_assets/models/Crash_TNT_0.tgs
Pennywise 0.7%,https://imperator-server.onrender.com/storage-proxy/gift_assets/models/Pennywise_0.tgs
Sponge Box 0.5%,https://imperator-server.onrender.com/storage-proxy/gift_assets/models/Sponge_Box_0.tgs
New Sneakers 0.8%,https://imperator-server.onrender.com/storage-proxy/gift_assets/models/New_Sneakers_0.tgs
Treasure 0.5%,https://imperator-server.onrender.com/storage-proxy/gift_assets/models/Treasure_0.tgs
Rubik’s Cube 1.5%,https://imperator-server.onrender.com/storage-proxy/gift_assets/models/Rubiks_Cube_1.tgs
Happy Poo 0.5%,https://imperator-server.onrender.com/storage-proxy/gift_assets/models/Happy_Poo_0.tgs
Thinking Foot 0.5%,https://imperator-server.onrender.com/storage-proxy/gift_assets/models/Thinking_Foot_0.tgs
Haunted House 0.3%,https://imperator-server.onrender.com/storage-proxy/gift_assets/models/Haunted_House_0.tgs
Luggage 0.5%,https://imperator-server.onrender.com/storage-proxy/gift_assets/models/Luggage_0.tgs
Party Hard 1.5%,https://imperator-server.onrender.com/storage-proxy/gift_assets/models/Party_Hard_1.tgs
Snowman 1.5%,https://imperator-server.onrender.com/storage-proxy/gift_assets/models/Snowman_1.tgs
Ghost 1.5%,https://imperator-server.onrender.com/storage-proxy/gift_assets/models/Ghost_1.tgs
Reindeer 1.5%,https://imperator-server.onrender.com/storage-proxy/gift_assets/models/Reindeer_1.tgs
First Bite 1.5%,https://imperator-server.onrender.com/storage-proxy/gift_assets/models/First_Bite_1.tgs
Stiches 1.5%,https://imperator-server.onrender.com/storage-proxy/gift_assets/models/Stiches_1.tgs
Jelly Tune 1.5%,https://imperator-server.onrender.com/storage-proxy/gift_assets/models/Jelly_Tune_1.tgs
Meat Jelly 1.5%,https://imperator-server.onrender.com/storage-proxy/gift_assets/models/Meat_Jelly_1.tgs
Violetta 0.5%,https://imperator-server.onrender.com/storage-proxy/gift_assets/models/Violetta_0.tgs
Sugar Kill 1%,https://imperator-server.onrender.com/storage-proxy/gift_assets/models/Sugar_Kill_1.tgs
Pinkie Pie 0.5%,https://imperator-server.onrender.com/storage-proxy/gift_assets/models/Pinkie_Pie_0.tgs
Engineer 1.5%,https://imperator-server.onrender.com/storage-proxy/gift_assets/models/Engineer_1.tgs
Commando 1.5%,https://imperator-server.onrender.com/storage-proxy/gift_assets/models/Commando_1.tgs
Lime Gelight 0.5%,https://imperator-server.onrender.com/storage-proxy/gift_assets/models/Lime_Gelight_0.tgs
Corporate 1.5%,https://imperator-server.onrender.com/storage-proxy/gift_assets/models/Corporate_1.tgs
Gelatin Girl 1.5%,https://imperator-server.onrender.com/storage-proxy/gift_assets/models/Gelatin_Girl_1.tgs
Outline 1%,https://imperator-server.onrender.com/storage-proxy/gift_assets/models/Outline_1.tgs
Jingle Jells 1.5%,https://imperator-server.onrender.com/storage-proxy/gift_assets/models/Jingle_Jells_1.tgs
Mummy 1.5%,https://imperator-server.onrender.com/storage-proxy/gift_assets/models/Mummy_1.tgs
Vampire 1%,https://imperator-server.onrender.com/storage-proxy/gift_assets/models/Vampire_1.tgs
Dad Joke 1.5%,https://imperator-server.onrender.com/storage-proxy/gift_assets/models/Dad_Joke_1.tgs
Liquid Metal 1.5%,https://imperator-server.onrender.com/storage-proxy/gift_assets/models/Liquid_Metal_1.tgs
Mushroom 1.5%,https://imperator-server.onrender.com/storage-proxy/gift_assets/models/Mushroom_1.tgs
Mint Fudge 0.5%,https://imperator-server.onrender.com/storage-proxy/gift_assets/models/Mint_Fudge_0.tgs
Spooky 2%,https://imperator-server.onrender.com/storage-proxy/gift_assets/models/Spooky_2.tgs
Sad Clown 1.5%,https://imperator-server.onrender.com/storage-proxy/gift_assets/models/Sad_Clown_1.tgs
Radioactive 1.5%,https://imperator-server.onrender.com/storage-proxy/gift_assets/models/Radioactive_1.tgs
Pale Squish 1.5%,https://imperator-server.onrender.com/storage-proxy/gift_assets/models/Pale_Squish_1.tgs
Jaxy-Boy 1.5%,https://imperator-server.onrender.com/storage-proxy/gift_assets/models/Jaxy-Boy_1.tgs
Majestic 1.5%,https://imperator-server.onrender.com/storage-proxy/gift_assets/models/Majestic_1.tgs
Sticky Red 0.5%,https://imperator-server.onrender.com/storage-proxy/gift_assets/models/Sticky_Red_0.tgs
Avocado Awe 0.5%,https://imperator-server.onrender.com/storage-proxy/gift_assets/models/Avocado_Awe_0.tgs
Diver 1.5%,https://imperator-server.onrender.com/storage-proxy/gift_assets/models/Diver_1.tgs
Ballistics Gel 2%,https://imperator-server.onrender.com/storage-proxy/gift_assets/models/Ballistics_Gel_2.tgs
Jevil 1.5%,https://imperator-server.onrender.com/storage-proxy/gift_assets/models/Jevil_1.tgs
Melted Ice 0.5%,https://imperator-server.onrender.com/storage-proxy/gift_assets/models/Melted_Ice_0.tgs
Smelly 2%,https://imperator-server.onrender.com/storage-proxy/gift_assets/models/Smelly_2.tgs
Smoothy 0.5%,https://imperator-server.onrender.com/storage-proxy/gift_assets/models/Smoothy_0.tgs
Spring Day 0.5%,https://imperator-server.onrender.com/storage-proxy/gift_assets/models/Spring_Day_0.tgs
Electric 2%,https://imperator-server.onrender.com/storage-proxy/gift_assets/models/Electric_2.tgs
Dr. Jelly 1.5%,https://imperator-server.onrender.com/storage-proxy/gift_assets/models/Dr._Jelly_1.tgs
Vanilla 0.5%,https://imperator-server.onrender.com/storage-proxy/gift_assets/models/Vanilla_0.tgs
Ninjell 1.5%,https://imperator-server.onrender.com/storage-proxy/gift_assets/models/Ninjell_1.tgs
Jellyfish 1.5%,https://imperator-server.onrender.com/storage-proxy/gift_assets/models/Jellyfish_1.tgs
Light Creme 0.5%,https://imperator-server.onrender.com/storage-proxy/gift_assets/models/Light_Creme_0.tgs
Jellien 1.5%,https://imperator-server.onrender.com/storage-proxy/gift_assets/models/Jellien_1.tgs
Space Gel 1.5%,https://imperator-server.onrender.com/storage-proxy/gift_assets/models/Space_Gel_1.tgs
Tortoise 1.5%,https://imperator-server.onrender.com/storage-proxy/gift_assets/models/Tortoise_1.tgs
Thug Life 1%,https://imperator-server.onrender.com/storage-proxy/gift_assets/models/Thug_Life_1.tgs
Skyberry 0.5%,https://imperator-server.onrender.com/storage-proxy/gift_assets/models/Skyberry_0.tgs
Ballet Slipper 0.5%,https://imperator-server.onrender.com/storage-proxy/gift_assets/models/Ballet_Slipper_0.tgs
Auburn 0.5%,https://imperator-server.onrender.com/storage-proxy/gift_assets/models/Auburn_0.tgs
Grass Gel 0.5%,https://imperator-server.onrender.com/storage-proxy/gift_assets/models/Grass_Gel_0.tgs
Gentle Touch 0.5%,https://imperator-server.onrender.com/storage-proxy/gift_assets/models/Gentle_Touch_0.tgs
Sir Wobbleton 1.5%,https://imperator-server.onrender.com/storage-proxy/gift_assets/models/Sir_Wobbleton_1.tgs
Squishy 0.5%,https://imperator-server.onrender.com/storage-proxy/gift_assets/models/Squishy_0.tgs
Firefruit 0.5%,https://imperator-server.onrender.com/storage-proxy/gift_assets/models/Firefruit_0.tgs
Zombie 1.5%,https://imperator-server.onrender.com/storage-proxy/gift_assets/models/Zombie_1.tgs
Juicy Blue 0.5%,https://imperator-server.onrender.com/storage-proxy/gift_assets/models/Juicy_Blue_0.tgs
Red Sponge 0.5%,https://imperator-server.onrender.com/storage-proxy/gift_assets/models/Red_Sponge_0.tgs
Indigo Fruit 0.5%,https://imperator-server.onrender.com/storage-proxy/gift_assets/models/Indigo_Fruit_0.tgs
Violet Swirl 0.5%,https://imperator-server.onrender.com/storage-proxy/gift_assets/models/Violet_Swirl_0.tgs
Kawaii 1.5%,https://imperator-server.onrender.com/storage-proxy/gift_assets/models/Kawaii_1.tgs
Chili Pepper 2%,https://imperator-server.onrender.com/storage-proxy/gift_assets/models/Chili_Pepper_2.tgs
Magic Mint 0.5%,https://imperator-server.onrender.com/storage-proxy/gift_assets/models/Magic_Mint_0.tgs
Pudding 0.5%,https://imperator-server.onrender.com/storage-proxy/gift_assets/models/Pudding_0.tgs
Juicy Mint 0.5%,https://imperator-server.onrender.com/storage-proxy/gift_assets/models/Juicy_Mint_0.tgs
Pomegranate 0.5%,https://imperator-server.onrender.com/storage-proxy/gift_assets/models/Pomegranate_0.tgs
Snail Gel 1.5%,https://imperator-server.onrender.com/storage-proxy/gift_assets/models/Snail_Gel_1.tgs
Red Hot 2%,https://imperator-server.onrender.com/storage-proxy/gift_assets/models/Red_Hot_2.tgs
Violet Joy 0.5%,https://imperator-server.onrender.com/storage-proxy/gift_assets/models/Violet_Joy_0.tgs
Soft Flavor 0.5%,https://imperator-server.onrender.com/storage-proxy/gift_assets/models/Soft_Flavor_0.tgs
Blue Glaze 0.5%,https://imperator-server.onrender.com/storage-proxy/gift_assets/models/Blue_Glaze_0.tgs
Noble 0.5%,https://imperator-server.onrender.com/storage-proxy/gift_assets/models/Noble_0.tgs
Cycloppy 1%,https://imperator-server.onrender.com/storage-proxy/gift_assets/models/Cycloppy_1.tgs
Spreadable 1.5%,https://imperator-server.onrender.com/storage-proxy/gift_assets/models/Spreadable_1.tgs
Violet Wobble 0.5%,https://imperator-server.onrender.com/storage-proxy/gift_assets/models/Violet_Wobble_0.tgs
Burnt Cream 0.5%,https://imperator-server.onrender.com/storage-proxy/gift_assets/models/Burnt_Cream_0.tgs
Matcha Magic 0.5%,https://imperator-server.onrender.com/storage-proxy/gift_assets/models/Matcha_Magic_0.tgs
Blue Swirl 0.5%,https://imperator-server.onrender.com/storage-proxy/gift_assets/models/Blue_Swirl_0.tgs
Kiwi Kuddle 0.5%,https://imperator-server.onrender.com/storage-proxy/gift_assets/models/Kiwi_Kuddle_0.tgs
Deep Dive 0.5%,https://imperator-server.onrender.com/storage-proxy/gift_assets/models/Deep_Dive_0.tgs
Light Wobble 0.5%,https://imperator-server.onrender.com/storage-proxy/gift_assets/models/Light_Wobble_0.tgs
Chilly 0.5%,https://imperator-server.onrender.com/storage-proxy/gift_assets/models/Chilly_0.tgs
Grape Glaze 0.5%,https://imperator-server.onrender.com/storage-proxy/gift_assets/models/Grape_Glaze_0.tgs
Green Melt 0.5%,https://imperator-server.onrender.com/storage-proxy/gift_assets/models/Green_Melt_0.tgs
Winter 0.5%,https://imperator-server.onrender.com/storage-proxy/gift_assets/models/Winter_0.tgs
Tropic Twist 0.5%,https://imperator-server.onrender.com/storage-proxy/gift_assets/models/Tropic_Twist_0.tgs
Pirate 1.5%,https://imperator-server.onrender.com/storage-proxy/gift_assets/models/Pirate_1.tgs
Quicksilver 1%,https://imperator-server.onrender.com/storage-proxy/gift_assets/models/Quicksilver_1.tgs
Fruity 1.5%,https://imperator-server.onrender.com/storage-proxy/gift_assets/models/Fruity_1.tgs
Tender Pink 0.5%,https://imperator-server.onrender.com/storage-proxy/gift_assets/models/Tender_Pink_0.tgs
Orchid 0.5%,https://imperator-server.onrender.com/storage-proxy/gift_assets/models/Orchid_0.tgs
Seaweed 0.5%,https://imperator-server.onrender.com/storage-proxy/gift_assets/models/Seaweed_0.tgs
Artificial 0.5%,https://imperator-server.onrender.com/storage-proxy/gift_assets/models/Artificial_0.tgs
Barbie 0.5%,https://imperator-server.onrender.com/storage-proxy/gift_assets/models/Barbie_0.tgs
Mutated 1.5%,https://imperator-server.onrender.com/storage-proxy/gift_assets/models/Mutated_1.tgs
Guava Gel 0.5%,https://imperator-server.onrender.com/storage-proxy/gift_assets/models/Guava_Gel_0.tgs
Policeman 2.5%,https://imperator-server.onrender.com/storage-proxy/gift_assets/models/Policeman_2.tgs
Patchwork 3%,https://imperator-server.onrender.com/storage-proxy/gift_assets/models/Patchwork_3.tgs
Belle Bang 2%,https://imperator-server.onrender.com/storage-proxy/gift_assets/models/Belle_Bang_2.tgs
Genie 2%,https://imperator-server.onrender.com/storage-proxy/gift_assets/models/Genie_2.tgs
Artist 3%,https://imperator-server.onrender.com/storage-proxy/gift_assets/models/Artist_3.tgs
Jungle Pop 3%,https://imperator-server.onrender.com/storage-proxy/gift_assets/models/Jungle_Pop_3.tgs
Clash Elixir 3%,https://imperator-server.onrender.com/storage-proxy/gift_assets/models/Clash_Elixir_3.tgs
Grayscale 2.5%,https://imperator-server.onrender.com/storage-proxy/gift_assets/models/Grayscale_2.tgs
Little Sister 2%,https://imperator-server.onrender.com/storage-proxy/gift_assets/models/Little_Sister_2.tgs
Shaman 2%,https://imperator-server.onrender.com/storage-proxy/gift_assets/models/Shaman_2.tgs
Bellboy 3%,https://imperator-server.onrender.com/storage-proxy/gift_assets/models/Bellboy_3.tgs
Caveman 2%,https://imperator-server.onrender.com/storage-proxy/gift_assets/models/Caveman_2.tgs
Baby Kong 3%,https://imperator-server.onrender.com/storage-proxy/gift_assets/models/Baby_Kong_3.tgs
Abubu 2%,https://imperator-server.onrender.com/storage-proxy/gift_assets/models/Abubu_2.tgs
Count Macaqula 1%,https://imperator-server.onrender.com/storage-proxy/gift_assets/models/Count_Macaqula_1.tgs
Alarm Ape 2.5%,https://imperator-server.onrender.com/storage-proxy/gift_assets/models/Alarm_Ape_2.tgs
Fool King 2.5%,https://imperator-server.onrender.com/storage-proxy/gift_assets/models/Fool_King_2.tgs
Gravity Bangs 1.5%,https://imperator-server.onrender.com/storage-proxy/gift_assets/models/Gravity_Bangs_1.tgs
Howler 2.5%,https://imperator-server.onrender.com/storage-proxy/gift_assets/models/Howler_2.tgs
Coco Lime 3%,https://imperator-server.onrender.com/storage-proxy/gift_assets/models/Coco_Lime_3.tgs
Robo Kong 1.5%,https://imperator-server.onrender.com/storage-proxy/gift_assets/models/Robo_Kong_1.tgs
Olympia 1%,https://imperator-server.onrender.com/storage-proxy/gift_assets/models/Olympia_1.tgs
Cavegirl 2%,https://imperator-server.onrender.com/storage-proxy/gift_assets/models/Cavegirl_2.tgs
Snow Yeti 3%,https://imperator-server.onrender.com/storage-proxy/gift_assets/models/Snow_Yeti_3.tgs
Ape Puppet 1.5%,https://imperator-server.onrender.com/storage-proxy/gift_assets/models/Ape_Puppet_1.tgs
Crystal 2.5%,https://imperator-server.onrender.com/storage-proxy/gift_assets/models/Crystal_2.tgs
Retro Cartoon 2%,https://imperator-server.onrender.com/storage-proxy/gift_assets/models/Retro_Cartoon_2.tgs
Toddler 2.5%,https://imperator-server.onrender.com/storage-proxy/gift_assets/models/Toddler_2.tgs
French Cafe 2%,https://imperator-server.onrender.com/storage-proxy/gift_assets/models/French_Cafe_2.tgs
Early Adopter 3%,https://imperator-server.onrender.com/storage-proxy/gift_assets/models/Early_Adopter_3.tgs
Knight 2%,https://imperator-server.onrender.com/storage-proxy/gift_assets/models/Knight_2.tgs
Hot Springs 2.5%,https://imperator-server.onrender.com/storage-proxy/gift_assets/models/Hot_Springs_2.tgs
Monkey Mouse 2%,https://imperator-server.onrender.com/storage-proxy/gift_assets/models/Monkey_Mouse_2.tgs
Chimp Imp 1.5%,https://imperator-server.onrender.com/storage-proxy/gift_assets/models/Chimp_Imp_1.tgs
Tourist 3%,https://imperator-server.onrender.com/storage-proxy/gift_assets/models/Tourist_3.tgs
Tired Primate 0.5%,https://imperator-server.onrender.com/storage-proxy/gift_assets/models/Tired_Primate_0.tgs
Farm Girl 3%,https://imperator-server.onrender.com/storage-proxy/gift_assets/models/Farm_Girl_3.tgs
Hex Witch 2%,https://imperator-server.onrender.com/storage-proxy/gift_assets/models/Hex_Witch_2.tgs
La Baboon 1%,https://imperator-server.onrender.com/storage-proxy/gift_assets/models/La_Baboon_1.tgs
Bank Robber 1.5%,https://imperator-server.onrender.com/storage-proxy/gift_assets/models/Bank_Robber_1.tgs
Busy Mom 1.5%,https://imperator-server.onrender.com/storage-proxy/gift_assets/models/Busy_Mom_1.tgs
Bananas 2%,https://imperator-server.onrender.com/storage-proxy/gift_assets/models/Bananas_2.tgs
Jason 1.5%,https://imperator-server.onrender.com/storage-proxy/gift_assets/models/Jason_1.tgs
Silverback 1.5%,https://imperator-server.onrender.com/storage-proxy/gift_assets/models/Silverback_1.tgs
Chimpool 0.5%,https://imperator-server.onrender.com/storage-proxy/gift_assets/models/Chimpool_0.tgs
Cherub 1%,https://imperator-server.onrender.com/storage-proxy/gift_assets/models/Cherub_1.tgs
Golden Monkey 0.5%,https://imperator-server.onrender.com/storage-proxy/gift_assets/models/Golden_Monkey_0.tgs
Smash King 0.5%,https://imperator-server.onrender.com/storage-proxy/gift_assets/models/Smash_King_0.tgs
Liberation 0.5%,https://imperator-server.onrender.com/storage-proxy/gift_assets/models/Liberation_0.tgs
The Big Bang 2.5%,https://imperator-server.onrender.com/storage-proxy/gift_assets/models/The_Big_Bang_2.tgs
Charming 3%,https://imperator-server.onrender.com/storage-proxy/gift_assets/models/Charming_3.tgs
Steve’s Pet 1%,https://imperator-server.onrender.com/storage-proxy/gift_assets/models/Steves_Pet_1.tgs
Plush Panda 3%,https://imperator-server.onrender.com/storage-proxy/gift_assets/models/Plush_Panda_3.tgs
Lovesick 3%,https://imperator-server.onrender.com/storage-proxy/gift_assets/models/Lovesick_3.tgs
Dalmatian 2.5%,https://imperator-server.onrender.com/storage-proxy/gift_assets/models/Dalmatian_2.tgs
Mia Bunny 1.5%,https://imperator-server.onrender.com/storage-proxy/gift_assets/models/Mia_Bunny_1.tgs
Furry Dogarin 1.5%,https://imperator-server.onrender.com/storage-proxy/gift_assets/models/Furry_Dogarin_1.tgs
Pacman 1.5%,https://imperator-server.onrender.com/storage-proxy/gift_assets/models/Pacman_1.tgs
Teddy Bears 2.5%,https://imperator-server.onrender.com/storage-proxy/gift_assets/models/Teddy_Bears_2.tgs
Prize Cake 3%,https://imperator-server.onrender.com/storage-proxy/gift_assets/models/Prize_Cake_3.tgs
Ollie Squirrel 1.5%,https://imperator-server.onrender.com/storage-proxy/gift_assets/models/Ollie_Squirrel_1.tgs
Shepherd Dog 2.5%,https://imperator-server.onrender.com/storage-proxy/gift_assets/models/Shepherd_Dog_2.tgs
Safari 3%,https://imperator-server.onrender.com/storage-proxy/gift_assets/models/Safari_3.tgs
Frankenstein 1.5%,https://imperator-server.onrender.com/storage-proxy/gift_assets/models/Frankenstein_1.tgs
Honey Bear 3%,https://imperator-server.onrender.com/storage-proxy/gift_assets/models/Honey_Bear_3.tgs
Rose Pink 3%,https://imperator-server.onrender.com/storage-proxy/gift_assets/models/Rose_Pink_3.tgs
Tiger Cub 2%,https://imperator-server.onrender.com/storage-proxy/gift_assets/models/Tiger_Cub_2.tgs
Axolotl Sven 2.5%,https://imperator-server.onrender.com/storage-proxy/gift_assets/models/Axolotl_Sven_2.tgs
Ginger 2.5%,https://imperator-server.onrender.com/storage-proxy/gift_assets/models/Ginger_2.tgs
Harry 2.5%,https://imperator-server.onrender.com/storage-proxy/gift_assets/models/Harry_2.tgs
Biscuit 3%,https://imperator-server.onrender.com/storage-proxy/gift_assets/models/Biscuit_3.tgs
Pool Party 2.5%,https://imperator-server.onrender.com/storage-proxy/gift_assets/models/Pool_Party_2.tgs
Ladypug 3%,https://imperator-server.onrender.com/storage-proxy/gift_assets/models/Ladypug_3.tgs
Bull Run 0.5%,https://imperator-server.onrender.com/storage-proxy/gift_assets/models/Bull_Run_0.tgs
Candy Basket 2.5%,https://imperator-server.onrender.com/storage-proxy/gift_assets/models/Candy_Basket_2.tgs
Cinema Night 2%,https://imperator-server.onrender.com/storage-proxy/gift_assets/models/Cinema_Night_2.tgs
Ed Opossum 2%,https://imperator-server.onrender.com/storage-proxy/gift_assets/models/Ed_Opossum_2.tgs
Spider-Dog 0.5%,https://imperator-server.onrender.com/storage-proxy/gift_assets/models/Spider-Dog_0.tgs
Sailor Moon 1.5%,https://imperator-server.onrender.com/storage-proxy/gift_assets/models/Sailor_Moon_1.tgs
One Piece 2%,https://imperator-server.onrender.com/storage-proxy/gift_assets/models/One_Piece_2.tgs
Silver 1%,https://imperator-server.onrender.com/storage-proxy/gift_assets/models/Silver_1.tgs
Streamer 2.5%,https://imperator-server.onrender.com/storage-proxy/gift_assets/models/Streamer_2.tgs
Love Letter 2.5%,https://imperator-server.onrender.com/storage-proxy/gift_assets/models/Love_Letter_2.tgs
Telegram 1%,https://imperator-server.onrender.com/storage-proxy/gift_assets/models/Telegram_1.tgs
Professor 1%,https://imperator-server.onrender.com/storage-proxy/gift_assets/models/Professor_1.tgs
Quack Pack 2.5%,https://imperator-server.onrender.com/storage-proxy/gift_assets/models/Quack_Pack_2.tgs
Neko Love 1%,https://imperator-server.onrender.com/storage-proxy/gift_assets/models/Neko_Love_1.tgs
Ninja Turtles 1%,https://imperator-server.onrender.com/storage-proxy/gift_assets/models/Ninja_Turtles_1.tgs
Rebel Kit 1%,https://imperator-server.onrender.com/storage-proxy/gift_assets/models/Rebel_Kit_1.tgs
Gem Stash 1%,https://imperator-server.onrender.com/storage-proxy/gift_assets/models/Gem_Stash_1.tgs
Pepe Bag 0.5%,https://imperator-server.onrender.com/storage-proxy/gift_assets/models/Pepe_Bag_0.tgs
Pure Gold 0.5%,https://imperator-server.onrender.com/storage-proxy/gift_assets/models/Pure_Gold_0.tgs
Antarctica 2%,https://imperator-server.onrender.com/storage-proxy/gift_assets/models/Antarctica_2.tgs
Imp Simp 1%,https://imperator-server.onrender.com/storage-proxy/gift_assets/models/Imp_Simp_1.tgs
Cranberry 4%,https://imperator-server.onrender.com/storage-proxy/gift_assets/models/Cranberry_4.tgs
Frogwave 4%,https://imperator-server.onrender.com/storage-proxy/gift_assets/models/Frogwave_4.tgs
Lily Pond 4%,https://imperator-server.onrender.com/storage-proxy/gift_assets/models/Lily_Pond_4.tgs
Ramune 2.5%,https://imperator-server.onrender.com/storage-proxy/gift_assets/models/Ramune_2.tgs
Void Hopper 2.5%,https://imperator-server.onrender.com/storage-proxy/gift_assets/models/Void_Hopper_2.tgs
Hopberry 1.5%,https://imperator-server.onrender.com/storage-proxy/gift_assets/models/Hopberry_1.tgs
Boingo 1.5%,https://imperator-server.onrender.com/storage-proxy/gift_assets/models/Boingo_1.tgs
Toadstool 1.5%,https://imperator-server.onrender.com/storage-proxy/gift_assets/models/Toadstool_1.tgs
Brownie 4%,https://imperator-server.onrender.com/storage-proxy/gift_assets/models/Brownie_4.tgs
Starry Night 2.5%,https://imperator-server.onrender.com/storage-proxy/gift_assets/models/Starry_Night_2.tgs
Ectofrog 2.5%,https://imperator-server.onrender.com/storage-proxy/gift_assets/models/Ectofrog_2.tgs
Tide Pod 4%,https://imperator-server.onrender.com/storage-proxy/gift_assets/models/Tide_Pod_4.tgs
Minty Bloom 2.5%,https://imperator-server.onrender.com/storage-proxy/gift_assets/models/Minty_Bloom_2.tgs
Desert Frog 1.5%,https://imperator-server.onrender.com/storage-proxy/gift_assets/models/Desert_Frog_1.tgs
Toadberry 4%,https://imperator-server.onrender.com/storage-proxy/gift_assets/models/Toadberry_4.tgs
Lemon Juice 4%,https://imperator-server.onrender.com/storage-proxy/gift_assets/models/Lemon_Juice_4.tgs
Trixie 1%,https://imperator-server.onrender.com/storage-proxy/gift_assets/models/Trixie_1.tgs
Sky Leaper 4%,https://imperator-server.onrender.com/storage-proxy/gift_assets/models/Sky_Leaper_4.tgs
Ectobloom 2.5%,https://imperator-server.onrender.com/storage-proxy/gift_assets/models/Ectobloom_2.tgs
Tesla Frog 1%,https://imperator-server.onrender.com/storage-proxy/gift_assets/models/Tesla_Frog_1.tgs
Pond Fairy 1%,https://imperator-server.onrender.com/storage-proxy/gift_assets/models/Pond_Fairy_1.tgs
Frogtart 3%,https://imperator-server.onrender.com/storage-proxy/gift_assets/models/Frogtart_3.tgs
Icefrog 1%,https://imperator-server.onrender.com/storage-proxy/gift_assets/models/Icefrog_1.tgs
Bronze 2%,https://imperator-server.onrender.com/storage-proxy/gift_assets/models/Bronze_2.tgs
Sarutoad 2.5%,https://imperator-server.onrender.com/storage-proxy/gift_assets/models/Sarutoad_2.tgs
Sea Breeze 4%,https://imperator-server.onrender.com/storage-proxy/gift_assets/models/Sea_Breeze_4.tgs
Poison 2.5%,https://imperator-server.onrender.com/storage-proxy/gift_assets/models/Poison_2.tgs
Ms. Toad 1.5%,https://imperator-server.onrender.com/storage-proxy/gift_assets/models/Ms._Toad_1.tgs
Peach 4%,https://imperator-server.onrender.com/storage-proxy/gift_assets/models/Peach_4.tgs
Banana Pox 3%,https://imperator-server.onrender.com/storage-proxy/gift_assets/models/Banana_Pox_3.tgs
Duskhopper 2.5%,https://imperator-server.onrender.com/storage-proxy/gift_assets/models/Duskhopper_2.tgs
Tree Frog 0.5%,https://imperator-server.onrender.com/storage-proxy/gift_assets/models/Tree_Frog_0.tgs
Rocky Hopper 0.5%,https://imperator-server.onrender.com/storage-proxy/gift_assets/models/Rocky_Hopper_0.tgs
Sweet Dream 0.5%,https://imperator-server.onrender.com/storage-proxy/gift_assets/models/Sweet_Dream_0.tgs
Silver 2%,https://imperator-server.onrender.com/storage-proxy/gift_assets/models/Silver_2.tgs
Melon 3%,https://imperator-server.onrender.com/storage-proxy/gift_assets/models/Melon_3.tgs
Zodiak Croak 0.5%,https://imperator-server.onrender.com/storage-proxy/gift_assets/models/Zodiak_Croak_0.tgs
Prince Ribbit 1.5%,https://imperator-server.onrender.com/storage-proxy/gift_assets/models/Prince_Ribbit_1.tgs
Lemon Drop 2.5%,https://imperator-server.onrender.com/storage-proxy/gift_assets/models/Lemon_Drop_2.tgs
Puddles 0.5%,https://imperator-server.onrender.com/storage-proxy/gift_assets/models/Puddles_0.tgs
Honeyhop 0.5%,https://imperator-server.onrender.com/storage-proxy/gift_assets/models/Honeyhop_0.tgs
Count Croakula 0.5%,https://imperator-server.onrender.com/storage-proxy/gift_assets/models/Count_Croakula_0.tgs
Frogmaid 0.5%,https://imperator-server.onrender.com/storage-proxy/gift_assets/models/Frogmaid_0.tgs
Lava Leap 1%,https://imperator-server.onrender.com/storage-proxy/gift_assets/models/Lava_Leap_1.tgs
Happy Pepe 0.5%,https://imperator-server.onrender.com/storage-proxy/gift_assets/models/Happy_Pepe_0.tgs
Brewtoad 0.5%,https://imperator-server.onrender.com/storage-proxy/gift_assets/models/Brewtoad_0.tgs
Lucifrog 0.5%,https://imperator-server.onrender.com/storage-proxy/gift_assets/models/Lucifrog_0.tgs
Lilie Pond 0.5%,https://imperator-server.onrender.com/storage-proxy/gift_assets/models/Lilie_Pond_0.tgs
Melty Butter 0.5%,https://imperator-server.onrender.com/storage-proxy/gift_assets/models/Melty_Butter_0.tgs
Absinthe 1%,https://imperator-server.onrender.com/storage-proxy/gift_assets/models/Absinthe_1.tgs
Stick 2%,https://imperator-server.onrender.com/storage-proxy/gift_assets/models/Stick_2.tgs
Hyperdrive 3%,https://imperator-server.onrender.com/storage-proxy/gift_assets/models/Hyperdrive_3.tgs
Andromeda 3%,https://imperator-server.onrender.com/storage-proxy/gift_assets/models/Andromeda_3.tgs
Lotus Saber 3%,https://imperator-server.onrender.com/storage-proxy/gift_assets/models/Lotus_Saber_3.tgs
Crystal Queen 3%,https://imperator-server.onrender.com/storage-proxy/gift_assets/models/Crystal_Queen_3.tgs
Jedi Luke 0.2%,https://imperator-server.onrender.com/storage-proxy/gift_assets/models/Jedi_Luke_0.tgs
Polygon 3%,https://imperator-server.onrender.com/storage-proxy/gift_assets/models/Polygon_3.tgs
Double Time 3%,https://imperator-server.onrender.com/storage-proxy/gift_assets/models/Double_Time_3.tgs
Jet Fuel 3%,https://imperator-server.onrender.com/storage-proxy/gift_assets/models/Jet_Fuel_3.tgs
Quasar 3%,https://imperator-server.onrender.com/storage-proxy/gift_assets/models/Quasar_3.tgs
Bifrost 3%,https://imperator-server.onrender.com/storage-proxy/gift_assets/models/Bifrost_3.tgs
Eva Unit-01 0.5%,https://imperator-server.onrender.com/storage-proxy/gift_assets/models/Eva_Unit-01_0.tgs
Lava Forge 3%,https://imperator-server.onrender.com/storage-proxy/gift_assets/models/Lava_Forge_3.tgs
Gaslight 3%,https://imperator-server.onrender.com/storage-proxy/gift_assets/models/Gaslight_3.tgs
Hoth Aurora 3%,https://imperator-server.onrender.com/storage-proxy/gift_assets/models/Hoth_Aurora_3.tgs
Nunchaku 3%,https://imperator-server.onrender.com/storage-proxy/gift_assets/models/Nunchaku_3.tgs
Refraction 3%,https://imperator-server.onrender.com/storage-proxy/gift_assets/models/Refraction_3.tgs
Cultist 1.5%,https://imperator-server.onrender.com/storage-proxy/gift_assets/models/Cultist_1.tgs
Duelist 3%,https://imperator-server.onrender.com/storage-proxy/gift_assets/models/Duelist_3.tgs
Dragonfire 1%,https://imperator-server.onrender.com/storage-proxy/gift_assets/models/Dragonfire_1.tgs
Clown Wars 1.5%,https://imperator-server.onrender.com/storage-proxy/gift_assets/models/Clown_Wars_1.tgs
Phantom 1%,https://imperator-server.onrender.com/storage-proxy/gift_assets/models/Phantom_1.tgs
Fukushimmer 1%,https://imperator-server.onrender.com/storage-proxy/gift_assets/models/Fukushimmer_1.tgs
Bananakin 2%,https://imperator-server.onrender.com/storage-proxy/gift_assets/models/Bananakin_2.tgs
Super Saiyan 3%,https://imperator-server.onrender.com/storage-proxy/gift_assets/models/Super_Saiyan_3.tgs
Police Droid 3%,https://imperator-server.onrender.com/storage-proxy/gift_assets/models/Police_Droid_3.tgs
Enforcer 1.5%,https://imperator-server.onrender.com/storage-proxy/gift_assets/models/Enforcer_1.tgs
Sensei 3%,https://imperator-server.onrender.com/storage-proxy/gift_assets/models/Sensei_3.tgs
Prismatic 3%,https://imperator-server.onrender.com/storage-proxy/gift_assets/models/Prismatic_3.tgs
Valhalla 3%,https://imperator-server.onrender.com/storage-proxy/gift_assets/models/Valhalla_3.tgs
Low Battery 3%,https://imperator-server.onrender.com/storage-proxy/gift_assets/models/Low_Battery_3.tgs
Windu 3%,https://imperator-server.onrender.com/storage-proxy/gift_assets/models/Windu_3.tgs
Fury of Kylo 0.2%,https://imperator-server.onrender.com/storage-proxy/gift_assets/models/Fury_of_Kylo_0.tgs
Brand Name 3%,https://imperator-server.onrender.com/storage-proxy/gift_assets/models/Brand_Name_3.tgs
Toy Blade 3%,https://imperator-server.onrender.com/storage-proxy/gift_assets/models/Toy_Blade_3.tgs
Tsunami 1%,https://imperator-server.onrender.com/storage-proxy/gift_assets/models/Tsunami_1.tgs
Comics 3%,https://imperator-server.onrender.com/storage-proxy/gift_assets/models/Comics_3.tgs
Jedi Princess 3%,https://imperator-server.onrender.com/storage-proxy/gift_assets/models/Jedi_Princess_3.tgs
Steve 0.5%,https://imperator-server.onrender.com/storage-proxy/gift_assets/models/Steve_0.tgs
Love Samurai 1%,https://imperator-server.onrender.com/storage-proxy/gift_assets/models/Love_Samurai_1.tgs
Doom Slayer 0.5%,https://imperator-server.onrender.com/storage-proxy/gift_assets/models/Doom_Slayer_0.tgs
Electric Force 1%,https://imperator-server.onrender.com/storage-proxy/gift_assets/models/Electric_Force_1.tgs
Lava Lash 1%,https://imperator-server.onrender.com/storage-proxy/gift_assets/models/Lava_Lash_1.tgs
Master Yoda 0.2%,https://imperator-server.onrender.com/storage-proxy/gift_assets/models/Master_Yoda_0.tgs
Stargazer 1%,https://imperator-server.onrender.com/storage-proxy/gift_assets/models/Stargazer_1.tgs
Fruit Katana 0.5%,https://imperator-server.onrender.com/storage-proxy/gift_assets/models/Fruit_Katana_0.tgs
The Tempest 1%,https://imperator-server.onrender.com/storage-proxy/gift_assets/models/The_Tempest_1.tgs
Darksaber 0.4%,https://imperator-server.onrender.com/storage-proxy/gift_assets/models/Darksaber_0.tgs
Wrath of Vader 0.1%,https://imperator-server.onrender.com/storage-proxy/gift_assets/models/Wrath_of_Vader_0.tgs
Portable Pop 1%,https://imperator-server.onrender.com/storage-proxy/gift_assets/models/Portable_Pop_1.tgs
Mandarin Ice 1.2%,https://imperator-server.onrender.com/storage-proxy/gift_assets/models/Mandarin_Ice_1.tgs
Dark Portal 1%,https://imperator-server.onrender.com/storage-proxy/gift_assets/models/Dark_Portal_1.tgs
Choco Pop 1.2%,https://imperator-server.onrender.com/storage-proxy/gift_assets/models/Choco_Pop_1.tgs
Grape Gin 1.2%,https://imperator-server.onrender.com/storage-proxy/gift_assets/models/Grape_Gin_1.tgs
Shock Wave 1%,https://imperator-server.onrender.com/storage-proxy/gift_assets/models/Shock_Wave_1.tgs
Blueberry Pie 1.2%,https://imperator-server.onrender.com/storage-proxy/gift_assets/models/Blueberry_Pie_1.tgs
Golden Amber 1%,https://imperator-server.onrender.com/storage-proxy/gift_assets/models/Golden_Amber_1.tgs
Pina Colada 1.2%,https://imperator-server.onrender.com/storage-proxy/gift_assets/models/Pina_Colada_1.tgs
Pumpkin 0.5%,https://imperator-server.onrender.com/storage-proxy/gift_assets/models/Pumpkin_0.tgs
Love Bubbles 1%,https://imperator-server.onrender.com/storage-proxy/gift_assets/models/Love_Bubbles_1.tgs
Rainbow Dash 1.2%,https://imperator-server.onrender.com/storage-proxy/gift_assets/models/Rainbow_Dash_1.tgs
Vanilla Jam 1.2%,https://imperator-server.onrender.com/storage-proxy/gift_assets/models/Vanilla_Jam_1.tgs
Cherry Milk 1.2%,https://imperator-server.onrender.com/storage-proxy/gift_assets/models/Cherry_Milk_1.tgs
Iced Latte 1.2%,https://imperator-server.onrender.com/storage-proxy/gift_assets/models/Iced_Latte_1.tgs
Mirage 1.2%,https://imperator-server.onrender.com/storage-proxy/gift_assets/models/Mirage_1.tgs
Dark Delight 1.2%,https://imperator-server.onrender.com/storage-proxy/gift_assets/models/Dark_Delight_1.tgs
Cherry Cola 1.2%,https://imperator-server.onrender.com/storage-proxy/gift_assets/models/Cherry_Cola_1.tgs
Blue Goo 1%,https://imperator-server.onrender.com/storage-proxy/gift_assets/models/Blue_Goo_1.tgs
Romance 1%,https://imperator-server.onrender.com/storage-proxy/gift_assets/models/Romance_1.tgs
Lagoon 1%,https://imperator-server.onrender.com/storage-proxy/gift_assets/models/Lagoon_1.tgs
Jinxed 1%,https://imperator-server.onrender.com/storage-proxy/gift_assets/models/Jinxed_1.tgs
Old Liqueur 1.2%,https://imperator-server.onrender.com/storage-proxy/gift_assets/models/Old_Liqueur_1.tgs
Spearmint 1.2%,https://imperator-server.onrender.com/storage-proxy/gift_assets/models/Spearmint_1.tgs
Icicle 0.5%,https://imperator-server.onrender.com/storage-proxy/gift_assets/models/Icicle_0.tgs
Watermelon 0.5%,https://imperator-server.onrender.com/storage-proxy/gift_assets/models/Watermelon_0.tgs
Vanilla Swirl 1.2%,https://imperator-server.onrender.com/storage-proxy/gift_assets/models/Vanilla_Swirl_1.tgs
Icy Touch 1%,https://imperator-server.onrender.com/storage-proxy/gift_assets/models/Icy_Touch_1.tgs
Rose Wine 1.2%,https://imperator-server.onrender.com/storage-proxy/gift_assets/models/Rose_Wine_1.tgs
Fire Vortex 1%,https://imperator-server.onrender.com/storage-proxy/gift_assets/models/Fire_Vortex_1.tgs
Comic Crunch 1%,https://imperator-server.onrender.com/storage-proxy/gift_assets/models/Comic_Crunch_1.tgs
Crystal Comet 1%,https://imperator-server.onrender.com/storage-proxy/gift_assets/models/Crystal_Comet_1.tgs
Lavender Ice 1.2%,https://imperator-server.onrender.com/storage-proxy/gift_assets/models/Lavender_Ice_1.tgs
Pineapple 1.2%,https://imperator-server.onrender.com/storage-proxy/gift_assets/models/Pineapple_1.tgs
Sunset Blue 1.2%,https://imperator-server.onrender.com/storage-proxy/gift_assets/models/Sunset_Blue_1.tgs
Bubblegum 1.2%,https://imperator-server.onrender.com/storage-proxy/gift_assets/models/Bubblegum_1.tgs
Wild Mango 1.2%,https://imperator-server.onrender.com/storage-proxy/gift_assets/models/Wild_Mango_1.tgs
Prisma 1.2%,https://imperator-server.onrender.com/storage-proxy/gift_assets/models/Prisma_1.tgs
Dark Sky 0.5%,https://imperator-server.onrender.com/storage-proxy/gift_assets/models/Dark_Sky_0.tgs
Bitter Lemon 1.2%,https://imperator-server.onrender.com/storage-proxy/gift_assets/models/Bitter_Lemon_1.tgs
Jolly Roger 0.5%,https://imperator-server.onrender.com/storage-proxy/gift_assets/models/Jolly_Roger_0.tgs
Cappuccino 1.2%,https://imperator-server.onrender.com/storage-proxy/gift_assets/models/Cappuccino_1.tgs
Wonka Berry 1%,https://imperator-server.onrender.com/storage-proxy/gift_assets/models/Wonka_Berry_1.tgs
Citrone 1.2%,https://imperator-server.onrender.com/storage-proxy/gift_assets/models/Citrone_1.tgs
Delusion 1.2%,https://imperator-server.onrender.com/storage-proxy/gift_assets/models/Delusion_1.tgs
Sweetheart 0.5%,https://imperator-server.onrender.com/storage-proxy/gift_assets/models/Sweetheart_0.tgs
Hexed Helix 1%,https://imperator-server.onrender.com/storage-proxy/gift_assets/models/Hexed_Helix_1.tgs
Blender 1.2%,https://imperator-server.onrender.com/storage-proxy/gift_assets/models/Blender_1.tgs
Mint Lemon 1.2%,https://imperator-server.onrender.com/storage-proxy/gift_assets/models/Mint_Lemon_1.tgs
Cotton Candy 1.2%,https://imperator-server.onrender.com/storage-proxy/gift_assets/models/Cotton_Candy_1.tgs
Cosmic Green 1%,https://imperator-server.onrender.com/storage-proxy/gift_assets/models/Cosmic_Green_1.tgs
Melon Spin 1.2%,https://imperator-server.onrender.com/storage-proxy/gift_assets/models/Melon_Spin_1.tgs
Crystalline 1%,https://imperator-server.onrender.com/storage-proxy/gift_assets/models/Crystalline_1.tgs
Gobstopper 1.2%,https://imperator-server.onrender.com/storage-proxy/gift_assets/models/Gobstopper_1.tgs
Spicy Tequila 1.2%,https://imperator-server.onrender.com/storage-proxy/gift_assets/models/Spicy_Tequila_1.tgs
Lychee Mint 1.2%,https://imperator-server.onrender.com/storage-proxy/gift_assets/models/Lychee_Mint_1.tgs
Refresh 1.2%,https://imperator-server.onrender.com/storage-proxy/gift_assets/models/Refresh_1.tgs
Red Shift 1%,https://imperator-server.onrender.com/storage-proxy/gift_assets/models/Red_Shift_1.tgs
Pink Foil 1%,https://imperator-server.onrender.com/storage-proxy/gift_assets/models/Pink_Foil_1.tgs
Caramel 1.2%,https://imperator-server.onrender.com/storage-proxy/gift_assets/models/Caramel_1.tgs
Heart Pop 1%,https://imperator-server.onrender.com/storage-proxy/gift_assets/models/Heart_Pop_1.tgs
Cucumber 1.2%,https://imperator-server.onrender.com/storage-proxy/gift_assets/models/Cucumber_1.tgs
Blood Sucker 0.5%,https://imperator-server.onrender.com/storage-proxy/gift_assets/models/Blood_Sucker_0.tgs
Liquid Lime 1%,https://imperator-server.onrender.com/storage-proxy/gift_assets/models/Liquid_Lime_1.tgs
Hollywood 1%,https://imperator-server.onrender.com/storage-proxy/gift_assets/models/Hollywood_1.tgs
Plastic Ice 1%,https://imperator-server.onrender.com/storage-proxy/gift_assets/models/Plastic_Ice_1.tgs
Plum Candy 1.2%,https://imperator-server.onrender.com/storage-proxy/gift_assets/models/Plum_Candy_1.tgs
Pumpkin Latte 1.2%,https://imperator-server.onrender.com/storage-proxy/gift_assets/models/Pumpkin_Latte_1.tgs
Orangery 1.2%,https://imperator-server.onrender.com/storage-proxy/gift_assets/models/Orangery_1.tgs
Cherry Berry 1.2%,https://imperator-server.onrender.com/storage-proxy/gift_assets/models/Cherry_Berry_1.tgs
Angelina 0.5%,https://imperator-server.onrender.com/storage-proxy/gift_assets/models/Angelina_0.tgs
Spectrum 1.2%,https://imperator-server.onrender.com/storage-proxy/gift_assets/models/Spectrum_1.tgs
Glowstick 0.5%,https://imperator-server.onrender.com/storage-proxy/gift_assets/models/Glowstick_0.tgs
Choco Mint 1.2%,https://imperator-server.onrender.com/storage-proxy/gift_assets/models/Choco_Mint_1.tgs
Blood Ember 1%,https://imperator-server.onrender.com/storage-proxy/gift_assets/models/Blood_Ember_1.tgs
Magic Wand 1%,https://imperator-server.onrender.com/storage-proxy/gift_assets/models/Magic_Wand_1.tgs
Nostalgia 1%,https://imperator-server.onrender.com/storage-proxy/gift_assets/models/Nostalgia_1.tgs
Red Grape 1.2%,https://imperator-server.onrender.com/storage-proxy/gift_assets/models/Red_Grape_1.tgs
Rising Star 1%,https://imperator-server.onrender.com/storage-proxy/gift_assets/models/Rising_Star_1.tgs
Holidaze 1.2%,https://imperator-server.onrender.com/storage-proxy/gift_assets/models/Holidaze_1.tgs
Tsunami 1.2%,https://imperator-server.onrender.com/storage-proxy/gift_assets/models/Tsunami_1.tgs
Rosebud 0.5%,https://imperator-server.onrender.com/storage-proxy/gift_assets/models/Rosebud_0.tgs
Sailor Moon 1%,https://imperator-server.onrender.com/storage-proxy/gift_assets/models/Sailor_Moon_1.tgs
Doodle Art 0.5%,https://imperator-server.onrender.com/storage-proxy/gift_assets/models/Doodle_Art_0.tgs
Satellite 0.5%,https://imperator-server.onrender.com/storage-proxy/gift_assets/models/Satellite_0.tgs
Honey Bee 1.2%,https://imperator-server.onrender.com/storage-proxy/gift_assets/models/Honey_Bee_1.tgs
Soap Bubbles 1%,https://imperator-server.onrender.com/storage-proxy/gift_assets/models/Soap_Bubbles_1.tgs
Cookie Dip 0.5%,https://imperator-server.onrender.com/storage-proxy/gift_assets/models/Cookie_Dip_0.tgs
Mandarin 1.2%,https://imperator-server.onrender.com/storage-proxy/gift_assets/models/Mandarin_1.tgs
Andromeda 0.5%,https://imperator-server.onrender.com/storage-proxy/gift_assets/models/Andromeda_0.tgs
Sugar Free 1.2%,https://imperator-server.onrender.com/storage-proxy/gift_assets/models/Sugar_Free_1.tgs
Sweet Yogurt 1.2%,https://imperator-server.onrender.com/storage-proxy/gift_assets/models/Sweet_Yogurt_1.tgs
Celestia 0.5%,https://imperator-server.onrender.com/storage-proxy/gift_assets/models/Celestia_0.tgs
Einstein 0.5%,https://imperator-server.onrender.com/storage-proxy/gift_assets/models/Einstein_0.tgs
Milky Way 0.5%,https://imperator-server.onrender.com/storage-proxy/gift_assets/models/Milky_Way_0.tgs
Sick Leave 0.5%,https://imperator-server.onrender.com/storage-proxy/gift_assets/models/Sick_Leave_0.tgs
Milkshake 1.2%,https://imperator-server.onrender.com/storage-proxy/gift_assets/models/Milkshake_1.tgs
Mortal Sin 0.5%,https://imperator-server.onrender.com/storage-proxy/gift_assets/models/Mortal_Sin_0.tgs
Menthol 1.5%,https://imperator-server.onrender.com/storage-proxy/gift_assets/models/Menthol_1.tgs
Chrome Clutch 2%,https://imperator-server.onrender.com/storage-proxy/gift_assets/models/Chrome_Clutch_2.tgs
Cherry Croc 1.5%,https://imperator-server.onrender.com/storage-proxy/gift_assets/models/Cherry_Croc_1.tgs
Anemone 1.5%,https://imperator-server.onrender.com/storage-proxy/gift_assets/models/Anemone_1.tgs
Orange Croc 1.5%,https://imperator-server.onrender.com/storage-proxy/gift_assets/models/Orange_Croc_1.tgs
Faubourg 1%,https://imperator-server.onrender.com/storage-proxy/gift_assets/models/Faubourg_1.tgs
Grizzly 1.5%,https://imperator-server.onrender.com/storage-proxy/gift_assets/models/Grizzly_1.tgs
Highway 1%,https://imperator-server.onrender.com/storage-proxy/gift_assets/models/Highway_1.tgs
Burgun Bag 2%,https://imperator-server.onrender.com/storage-proxy/gift_assets/models/Burgun_Bag_2.tgs
Matte Mint 2%,https://imperator-server.onrender.com/storage-proxy/gift_assets/models/Matte_Mint_2.tgs
Cortado 2%,https://imperator-server.onrender.com/storage-proxy/gift_assets/models/Cortado_2.tgs
Black Ascot 2%,https://imperator-server.onrender.com/storage-proxy/gift_assets/models/Black_Ascot_2.tgs
Zip Pocket 2%,https://imperator-server.onrender.com/storage-proxy/gift_assets/models/Zip_Pocket_2.tgs
Argylle 2%,https://imperator-server.onrender.com/storage-proxy/gift_assets/models/Argylle_2.tgs
Tressage 2%,https://imperator-server.onrender.com/storage-proxy/gift_assets/models/Tressage_2.tgs
Verso Blue 1.5%,https://imperator-server.onrender.com/storage-proxy/gift_assets/models/Verso_Blue_1.tgs
Cherry Red 2%,https://imperator-server.onrender.com/storage-proxy/gift_assets/models/Cherry_Red_2.tgs
Rouge Royale 1.5%,https://imperator-server.onrender.com/storage-proxy/gift_assets/models/Rouge_Royale_1.tgs
Academic 2%,https://imperator-server.onrender.com/storage-proxy/gift_assets/models/Academic_2.tgs
Rose Tyrien 1.5%,https://imperator-server.onrender.com/storage-proxy/gift_assets/models/Rose_Tyrien_1.tgs
Vertigo 2%,https://imperator-server.onrender.com/storage-proxy/gift_assets/models/Vertigo_2.tgs
Riviera 2%,https://imperator-server.onrender.com/storage-proxy/gift_assets/models/Riviera_2.tgs
Studded Green 2%,https://imperator-server.onrender.com/storage-proxy/gift_assets/models/Studded_Green_2.tgs
Jade Serpent 1.5%,https://imperator-server.onrender.com/storage-proxy/gift_assets/models/Jade_Serpent_1.tgs
Jaune Citrone 2%,https://imperator-server.onrender.com/storage-proxy/gift_assets/models/Jaune_Citrone_2.tgs
Bleu Officier 2%,https://imperator-server.onrender.com/storage-proxy/gift_assets/models/Bleu_Officier_2.tgs
Jaune Poussin 1.5%,https://imperator-server.onrender.com/storage-proxy/gift_assets/models/Jaune_Poussin_1.tgs
Cargo Citron 2%,https://imperator-server.onrender.com/storage-proxy/gift_assets/models/Cargo_Citron_2.tgs
Road Trip 1%,https://imperator-server.onrender.com/storage-proxy/gift_assets/models/Road_Trip_1.tgs
Reptile Noir 1.5%,https://imperator-server.onrender.com/storage-proxy/gift_assets/models/Reptile_Noir_1.tgs
White Pony 1.5%,https://imperator-server.onrender.com/storage-proxy/gift_assets/models/White_Pony_1.tgs
Courchevel 1.5%,https://imperator-server.onrender.com/storage-proxy/gift_assets/models/Courchevel_1.tgs
Money Bag 0.5%,https://imperator-server.onrender.com/storage-proxy/gift_assets/models/Money_Bag_0.tgs
Ombre 2%,https://imperator-server.onrender.com/storage-proxy/gift_assets/models/Ombre_2.tgs
Vert d’Eau 1.5%,https://imperator-server.onrender.com/storage-proxy/gift_assets/models/Vert_dEau_1.tgs
Ardente 0.5%,https://imperator-server.onrender.com/storage-proxy/gift_assets/models/Ardente_0.tgs
Dark Arches 1%,https://imperator-server.onrender.com/storage-proxy/gift_assets/models/Dark_Arches_1.tgs
Contour 1%,https://imperator-server.onrender.com/storage-proxy/gift_assets/models/Contour_1.tgs
Black Purrse 0.5%,https://imperator-server.onrender.com/storage-proxy/gift_assets/models/Black_Purrse_0.tgs
Aqua Atoll 1.5%,https://imperator-server.onrender.com/storage-proxy/gift_assets/models/Aqua_Atoll_1.tgs
Glacier 0.5%,https://imperator-server.onrender.com/storage-proxy/gift_assets/models/Glacier_0.tgs
Potamus 2%,https://imperator-server.onrender.com/storage-proxy/gift_assets/models/Potamus_2.tgs
Sunrise Bands 1.5%,https://imperator-server.onrender.com/storage-proxy/gift_assets/models/Sunrise_Bands_1.tgs
Aero Swift 1.5%,https://imperator-server.onrender.com/storage-proxy/gift_assets/models/Aero_Swift_1.tgs
City Life 0.5%,https://imperator-server.onrender.com/storage-proxy/gift_assets/models/City_Life_0.tgs
Instabag 0.5%,https://imperator-server.onrender.com/storage-proxy/gift_assets/models/Instabag_0.tgs
Conductor 0.5%,https://imperator-server.onrender.com/storage-proxy/gift_assets/models/Conductor_0.tgs
Biscuit 1.5%,https://imperator-server.onrender.com/storage-proxy/gift_assets/models/Biscuit_1.tgs
Boulevard 1%,https://imperator-server.onrender.com/storage-proxy/gift_assets/models/Boulevard_1.tgs
Sunset Stripes 1.5%,https://imperator-server.onrender.com/storage-proxy/gift_assets/models/Sunset_Stripes_1.tgs
Riot Pack 0.5%,https://imperator-server.onrender.com/storage-proxy/gift_assets/models/Riot_Pack_0.tgs
Tropical 1.5%,https://imperator-server.onrender.com/storage-proxy/gift_assets/models/Tropical_1.tgs
Silver Gator 1.5%,https://imperator-server.onrender.com/storage-proxy/gift_assets/models/Silver_Gator_1.tgs
Steel Agate 1.5%,https://imperator-server.onrender.com/storage-proxy/gift_assets/models/Steel_Agate_1.tgs
Satin Beige 1.5%,https://imperator-server.onrender.com/storage-proxy/gift_assets/models/Satin_Beige_1.tgs
Miranda 0.5%,https://imperator-server.onrender.com/storage-proxy/gift_assets/models/Miranda_0.tgs
Racing Stripes 2%,https://imperator-server.onrender.com/storage-proxy/gift_assets/models/Racing_Stripes_2.tgs
Crypto Punk 0.5%,https://imperator-server.onrender.com/storage-proxy/gift_assets/models/Crypto_Punk_0.tgs
Liberty 0.5%,https://imperator-server.onrender.com/storage-proxy/gift_assets/models/Liberty_0.tgs
Soft Suede 1.5%,https://imperator-server.onrender.com/storage-proxy/gift_assets/models/Soft_Suede_1.tgs
Night City 1%,https://imperator-server.onrender.com/storage-proxy/gift_assets/models/Night_City_1.tgs
Pink Pulsar 1%,https://imperator-server.onrender.com/storage-proxy/gift_assets/models/Pink_Pulsar_1.tgs
Metro Trench 1%,https://imperator-server.onrender.com/storage-proxy/gift_assets/models/Metro_Trench_1.tgs
Bouquet 0.5%,https://imperator-server.onrender.com/storage-proxy/gift_assets/models/Bouquet_0.tgs
Secret Toys 0.5%,https://imperator-server.onrender.com/storage-proxy/gift_assets/models/Secret_Toys_0.tgs
Panthera 0.5%,https://imperator-server.onrender.com/storage-proxy/gift_assets/models/Panthera_0.tgs
Tangerine 2%,https://imperator-server.onrender.com/storage-proxy/gift_assets/models/Tangerine_2.tgs
Lust Beat 0.5%,https://imperator-server.onrender.com/storage-proxy/gift_assets/models/Lust_Beat_0.tgs
Priestly 0.5%,https://imperator-server.onrender.com/storage-proxy/gift_assets/models/Priestly_0.tgs
Fluorescent 0.5%,https://imperator-server.onrender.com/storage-proxy/gift_assets/models/Fluorescent_0.tgs
Woof Pack 0.5%,https://imperator-server.onrender.com/storage-proxy/gift_assets/models/Woof_Pack_0.tgs
Poison Dart 0.5%,https://imperator-server.onrender.com/storage-proxy/gift_assets/models/Poison_Dart_0.tgs
Crypto Byte 0.5%,https://imperator-server.onrender.com/storage-proxy/gift_assets/models/Crypto_Byte_0.tgs
Circus 0.5%,https://imperator-server.onrender.com/storage-proxy/gift_assets/models/Circus_0.tgs
Pendragon 0.5%,https://imperator-server.onrender.com/storage-proxy/gift_assets/models/Pendragon_0.tgs
Scrooge 0.5%,https://imperator-server.onrender.com/storage-proxy/gift_assets/models/Scrooge_0.tgs
Travel Bag 0.5%,https://imperator-server.onrender.com/storage-proxy/gift_assets/models/Travel_Bag_0.tgs
Surprise 1.5%,https://imperator-server.onrender.com/storage-proxy/gift_assets/models/Surprise_1.tgs
Zen Garden 3%,https://imperator-server.onrender.com/storage-proxy/gift_assets/models/Zen_Garden_3.tgs
Silver Temple 3%,https://imperator-server.onrender.com/storage-proxy/gift_assets/models/Silver_Temple_3.tgs
Passion 3%,https://imperator-server.onrender.com/storage-proxy/gift_assets/models/Passion_3.tgs
Noir & Blanc 2%,https://imperator-server.onrender.com/storage-proxy/gift_assets/models/Noir__Blanc_2.tgs
Tropical Rain 3%,https://imperator-server.onrender.com/storage-proxy/gift_assets/models/Tropical_Rain_3.tgs
White Wax 2%,https://imperator-server.onrender.com/storage-proxy/gift_assets/models/White_Wax_2.tgs
Mulberry 3%,https://imperator-server.onrender.com/storage-proxy/gift_assets/models/Mulberry_3.tgs
Herbal Bliss 3%,https://imperator-server.onrender.com/storage-proxy/gift_assets/models/Herbal_Bliss_3.tgs
Gentle Wind 3%,https://imperator-server.onrender.com/storage-proxy/gift_assets/models/Gentle_Wind_3.tgs
Cyberpunk 0.5%,https://imperator-server.onrender.com/storage-proxy/gift_assets/models/Cyberpunk_0.tgs
Nectarine 3%,https://imperator-server.onrender.com/storage-proxy/gift_assets/models/Nectarine_3.tgs
Midnight Rose 3%,https://imperator-server.onrender.com/storage-proxy/gift_assets/models/Midnight_Rose_3.tgs
Dreamscape 3%,https://imperator-server.onrender.com/storage-proxy/gift_assets/models/Dreamscape_3.tgs
Waikiki 0.5%,https://imperator-server.onrender.com/storage-proxy/gift_assets/models/Waikiki_0.tgs
Cloud 1.5%,https://imperator-server.onrender.com/storage-proxy/gift_assets/models/Cloud_1.tgs
Celebrity 1.5%,https://imperator-server.onrender.com/storage-proxy/gift_assets/models/Celebrity_1.tgs
Crystal Dream 3%,https://imperator-server.onrender.com/storage-proxy/gift_assets/models/Crystal_Dream_3.tgs
Gray Smoke 3%,https://imperator-server.onrender.com/storage-proxy/gift_assets/models/Gray_Smoke_3.tgs
Silverstone 1%,https://imperator-server.onrender.com/storage-proxy/gift_assets/models/Silverstone_1.tgs
Afterglow 3%,https://imperator-server.onrender.com/storage-proxy/gift_assets/models/Afterglow_3.tgs
Celadon 3%,https://imperator-server.onrender.com/storage-proxy/gift_assets/models/Celadon_3.tgs
Peach Perfume 3%,https://imperator-server.onrender.com/storage-proxy/gift_assets/models/Peach_Perfume_3.tgs
Rose Garden 1.5%,https://imperator-server.onrender.com/storage-proxy/gift_assets/models/Rose_Garden_1.tgs
Setting Sun 3%,https://imperator-server.onrender.com/storage-proxy/gift_assets/models/Setting_Sun_3.tgs
Vivid Foam 0.5%,https://imperator-server.onrender.com/storage-proxy/gift_assets/models/Vivid_Foam_0.tgs
Mykonos 3%,https://imperator-server.onrender.com/storage-proxy/gift_assets/models/Mykonos_3.tgs
Porcelain 3%,https://imperator-server.onrender.com/storage-proxy/gift_assets/models/Porcelain_3.tgs
Serenity 3%,https://imperator-server.onrender.com/storage-proxy/gift_assets/models/Serenity_3.tgs
Twilight 3%,https://imperator-server.onrender.com/storage-proxy/gift_assets/models/Twilight_3.tgs
Apricot 3%,https://imperator-server.onrender.com/storage-proxy/gift_assets/models/Apricot_3.tgs
Harvest 0.5%,https://imperator-server.onrender.com/storage-proxy/gift_assets/models/Harvest_0.tgs
Vibrant Trio 2%,https://imperator-server.onrender.com/storage-proxy/gift_assets/models/Vibrant_Trio_2.tgs
Blue Vapor 1.5%,https://imperator-server.onrender.com/storage-proxy/gift_assets/models/Blue_Vapor_1.tgs
Iceberg 0.5%,https://imperator-server.onrender.com/storage-proxy/gift_assets/models/Iceberg_0.tgs
North Pole 0.5%,https://imperator-server.onrender.com/storage-proxy/gift_assets/models/North_Pole_0.tgs
Golden Glow 1%,https://imperator-server.onrender.com/storage-proxy/gift_assets/models/Golden_Glow_1.tgs
Timber Glow 3%,https://imperator-server.onrender.com/storage-proxy/gift_assets/models/Timber_Glow_3.tgs
Ocean Breeze 3%,https://imperator-server.onrender.com/storage-proxy/gift_assets/models/Ocean_Breeze_3.tgs
Coral Reef 3%,https://imperator-server.onrender.com/storage-proxy/gift_assets/models/Coral_Reef_3.tgs
Bronzed Ember 1%,https://imperator-server.onrender.com/storage-proxy/gift_assets/models/Bronzed_Ember_1.tgs
Gothic Tears 1.5%,https://imperator-server.onrender.com/storage-proxy/gift_assets/models/Gothic_Tears_1.tgs
Love Bubbles 0.5%,https://imperator-server.onrender.com/storage-proxy/gift_assets/models/Love_Bubbles_0.tgs
Blood Burner 0.5%,https://imperator-server.onrender.com/storage-proxy/gift_assets/models/Blood_Burner_0.tgs
Phantom 0.5%,https://imperator-server.onrender.com/storage-proxy/gift_assets/models/Phantom_0.tgs
Gouda Wax 1%,https://imperator-server.onrender.com/storage-proxy/gift_assets/models/Gouda_Wax_1.tgs
Moonlight 0.5%,https://imperator-server.onrender.com/storage-proxy/gift_assets/models/Moonlight_0.tgs
Pure Lavender 0.5%,https://imperator-server.onrender.com/storage-proxy/gift_assets/models/Pure_Lavender_0.tgs
Molten Gold 0.5%,https://imperator-server.onrender.com/storage-proxy/gift_assets/models/Molten_Gold_0.tgs
Surreal 1.5%,https://imperator-server.onrender.com/storage-proxy/gift_assets/models/Surreal_1.tgs
Seeker’s Wish 2.5%,https://imperator-server.onrender.com/storage-proxy/gift_assets/models/Seekers_Wish_2.tgs
Juliet 2.5%,https://imperator-server.onrender.com/storage-proxy/gift_assets/models/Juliet_2.tgs
Sour Cider 2.5%,https://imperator-server.onrender.com/storage-proxy/gift_assets/models/Sour_Cider_2.tgs
Romeo 2%,https://imperator-server.onrender.com/storage-proxy/gift_assets/models/Romeo_2.tgs
Ruby Essence 1.5%,https://imperator-server.onrender.com/storage-proxy/gift_assets/models/Ruby_Essence_1.tgs
Royal Spritz 2.5%,https://imperator-server.onrender.com/storage-proxy/gift_assets/models/Royal_Spritz_2.tgs
Durov Duck 0.5%,https://imperator-server.onrender.com/storage-proxy/gift_assets/models/Durov_Duck_0.tgs
Sugar Ponies 2.5%,https://imperator-server.onrender.com/storage-proxy/gift_assets/models/Sugar_Ponies_2.tgs
Aerogel 2.5%,https://imperator-server.onrender.com/storage-proxy/gift_assets/models/Aerogel_2.tgs
Berry Bomb 2.5%,https://imperator-server.onrender.com/storage-proxy/gift_assets/models/Berry_Bomb_2.tgs
Liquid Pearl 2.5%,https://imperator-server.onrender.com/storage-proxy/gift_assets/models/Liquid_Pearl_2.tgs
Beauty Brew 1%,https://imperator-server.onrender.com/storage-proxy/gift_assets/models/Beauty_Brew_1.tgs
White Ink 1.5%,https://imperator-server.onrender.com/storage-proxy/gift_assets/models/White_Ink_1.tgs
Mystic Dew 2.5%,https://imperator-server.onrender.com/storage-proxy/gift_assets/models/Mystic_Dew_2.tgs
Bubble Bath 1.5%,https://imperator-server.onrender.com/storage-proxy/gift_assets/models/Bubble_Bath_1.tgs
Fine Mead 1.5%,https://imperator-server.onrender.com/storage-proxy/gift_assets/models/Fine_Mead_1.tgs
Laxative 1.5%,https://imperator-server.onrender.com/storage-proxy/gift_assets/models/Laxative_1.tgs
Cherry Wine 2%,https://imperator-server.onrender.com/storage-proxy/gift_assets/models/Cherry_Wine_2.tgs
Formic Acid 2.5%,https://imperator-server.onrender.com/storage-proxy/gift_assets/models/Formic_Acid_2.tgs
Spades 1%,https://imperator-server.onrender.com/storage-proxy/gift_assets/models/Spades_1.tgs
Milkshake 2%,https://imperator-server.onrender.com/storage-proxy/gift_assets/models/Milkshake_2.tgs
Ocean Glow 2.5%,https://imperator-server.onrender.com/storage-proxy/gift_assets/models/Ocean_Glow_2.tgs
Sea Salt 2.5%,https://imperator-server.onrender.com/storage-proxy/gift_assets/models/Sea_Salt_2.tgs
Rusty Water 2.5%,https://imperator-server.onrender.com/storage-proxy/gift_assets/models/Rusty_Water_2.tgs
Golden Mire 1.5%,https://imperator-server.onrender.com/storage-proxy/gift_assets/models/Golden_Mire_1.tgs
Eye-lixir 0.5%,https://imperator-server.onrender.com/storage-proxy/gift_assets/models/Eye-lixir_0.tgs
Copper Sulfate 2.5%,https://imperator-server.onrender.com/storage-proxy/gift_assets/models/Copper_Sulfate_2.tgs
Fragrant Oil 1.5%,https://imperator-server.onrender.com/storage-proxy/gift_assets/models/Fragrant_Oil_1.tgs
Nurgle’s Rot 0.5%,https://imperator-server.onrender.com/storage-proxy/gift_assets/models/Nurgles_Rot_0.tgs
Sunset Serum 2.5%,https://imperator-server.onrender.com/storage-proxy/gift_assets/models/Sunset_Serum_2.tgs
Poison Flask 2%,https://imperator-server.onrender.com/storage-proxy/gift_assets/models/Poison_Flask_2.tgs
Peach Nectar 1.5%,https://imperator-server.onrender.com/storage-proxy/gift_assets/models/Peach_Nectar_1.tgs
Gothic Cola 1%,https://imperator-server.onrender.com/storage-proxy/gift_assets/models/Gothic_Cola_1.tgs
Toxic Waste 2.5%,https://imperator-server.onrender.com/storage-proxy/gift_assets/models/Toxic_Waste_2.tgs
Old Rum 2.5%,https://imperator-server.onrender.com/storage-proxy/gift_assets/models/Old_Rum_2.tgs
Astral Guide 0.5%,https://imperator-server.onrender.com/storage-proxy/gift_assets/models/Astral_Guide_0.tgs
Flat Pink 1.5%,https://imperator-server.onrender.com/storage-proxy/gift_assets/models/Flat_Pink_1.tgs
No Signal 0.5%,https://imperator-server.onrender.com/storage-proxy/gift_assets/models/No_Signal_0.tgs
Gold Rush 2.5%,https://imperator-server.onrender.com/storage-proxy/gift_assets/models/Gold_Rush_2.tgs
Fairy Pollen 2.5%,https://imperator-server.onrender.com/storage-proxy/gift_assets/models/Fairy_Pollen_2.tgs
First Aid 1.5%,https://imperator-server.onrender.com/storage-proxy/gift_assets/models/First_Aid_1.tgs
Energy Drink 0.5%,https://imperator-server.onrender.com/storage-proxy/gift_assets/models/Energy_Drink_0.tgs
Mouthwash 2%,https://imperator-server.onrender.com/storage-proxy/gift_assets/models/Mouthwash_2.tgs
Crime Scene 1.5%,https://imperator-server.onrender.com/storage-proxy/gift_assets/models/Crime_Scene_1.tgs
Jinx Tonic 0.5%,https://imperator-server.onrender.com/storage-proxy/gift_assets/models/Jinx_Tonic_0.tgs
Paint Bottle 1.5%,https://imperator-server.onrender.com/storage-proxy/gift_assets/models/Paint_Bottle_1.tgs
Bubble Gum 1%,https://imperator-server.onrender.com/storage-proxy/gift_assets/models/Bubble_Gum_1.tgs
Ice Queen 0.5%,https://imperator-server.onrender.com/storage-proxy/gift_assets/models/Ice_Queen_0.tgs
Clubs 1%,https://imperator-server.onrender.com/storage-proxy/gift_assets/models/Clubs_1.tgs
Emo Tears 0.5%,https://imperator-server.onrender.com/storage-proxy/gift_assets/models/Emo_Tears_0.tgs
Espresso 0.5%,https://imperator-server.onrender.com/storage-proxy/gift_assets/models/Espresso_0.tgs
Tropicano 1%,https://imperator-server.onrender.com/storage-proxy/gift_assets/models/Tropicano_1.tgs
Star Power 0.5%,https://imperator-server.onrender.com/storage-proxy/gift_assets/models/Star_Power_0.tgs
Angel Wings 0.5%,https://imperator-server.onrender.com/storage-proxy/gift_assets/models/Angel_Wings_0.tgs
Kiwi Juice 1%,https://imperator-server.onrender.com/storage-proxy/gift_assets/models/Kiwi_Juice_1.tgs
Lucky Charm 0.5%,https://imperator-server.onrender.com/storage-proxy/gift_assets/models/Lucky_Charm_0.tgs
Bloodlust 0.5%,https://imperator-server.onrender.com/storage-proxy/gift_assets/models/Bloodlust_0.tgs
First Kiss 0.5%,https://imperator-server.onrender.com/storage-proxy/gift_assets/models/First_Kiss_0.tgs
Hearts 1%,https://imperator-server.onrender.com/storage-proxy/gift_assets/models/Hearts_1.tgs
Pickle Rick 0.5%,https://imperator-server.onrender.com/storage-proxy/gift_assets/models/Pickle_Rick_0.tgs
Banana 0.5%,https://imperator-server.onrender.com/storage-proxy/gift_assets/models/Banana_0.tgs
Whole Milk 0.5%,https://imperator-server.onrender.com/storage-proxy/gift_assets/models/Whole_Milk_0.tgs
Diamonds 1%,https://imperator-server.onrender.com/storage-proxy/gift_assets/models/Diamonds_1.tgs
Dragon Soul 0.5%,https://imperator-server.onrender.com/storage-proxy/gift_assets/models/Dragon_Soul_0.tgs
Unicorn Tears 0.5%,https://imperator-server.onrender.com/storage-proxy/gift_assets/models/Unicorn_Tears_0.tgs
Healing Potion 0.5%,https://imperator-server.onrender.com/storage-proxy/gift_assets/models/Healing_Potion_0.tgs
Road Ape 1.5%,https://imperator-server.onrender.com/storage-proxy/gift_assets/models/Road_Ape_1.tgs
Blaze 3%,https://imperator-server.onrender.com/storage-proxy/gift_assets/models/Blaze_3.tgs
Drop It! 3%,https://imperator-server.onrender.com/storage-proxy/gift_assets/models/Drop_It_3.tgs
Doggyland Bus 1.5%,https://imperator-server.onrender.com/storage-proxy/gift_assets/models/Doggyland_Bus_1.tgs
Dark Roast 2%,https://imperator-server.onrender.com/storage-proxy/gift_assets/models/Dark_Roast_2.tgs
Lava-Forged 1%,https://imperator-server.onrender.com/storage-proxy/gift_assets/models/Lava-Forged_1.tgs
Blizzard 2.5%,https://imperator-server.onrender.com/storage-proxy/gift_assets/models/Blizzard_2.tgs
War Rig 1.5%,https://imperator-server.onrender.com/storage-proxy/gift_assets/models/War_Rig_1.tgs
Chevy 1964 3%,https://imperator-server.onrender.com/storage-proxy/gift_assets/models/Chevy_1964_3.tgs
Neon Nitro 3%,https://imperator-server.onrender.com/storage-proxy/gift_assets/models/Neon_Nitro_3.tgs
LA Noir 1.5%,https://imperator-server.onrender.com/storage-proxy/gift_assets/models/LA_Noir_1.tgs
Golden Bike 1%,https://imperator-server.onrender.com/storage-proxy/gift_assets/models/Golden_Bike_1.tgs
Tricycle 1.5%,https://imperator-server.onrender.com/storage-proxy/gift_assets/models/Tricycle_1.tgs
Mothership 1.5%,https://imperator-server.onrender.com/storage-proxy/gift_assets/models/Mothership_1.tgs
Lovemobile 3%,https://imperator-server.onrender.com/storage-proxy/gift_assets/models/Lovemobile_3.tgs
Dry Eyes 1.5%,https://imperator-server.onrender.com/storage-proxy/gift_assets/models/Dry_Eyes_1.tgs
Neon Phantom 2.5%,https://imperator-server.onrender.com/storage-proxy/gift_assets/models/Neon_Phantom_2.tgs
Silver Angel 3%,https://imperator-server.onrender.com/storage-proxy/gift_assets/models/Silver_Angel_3.tgs
Speedboat 3%,https://imperator-server.onrender.com/storage-proxy/gift_assets/models/Speedboat_3.tgs
Grid Runner 1.5%,https://imperator-server.onrender.com/storage-proxy/gift_assets/models/Grid_Runner_1.tgs
Alpine Gold 2%,https://imperator-server.onrender.com/storage-proxy/gift_assets/models/Alpine_Gold_2.tgs
First Class 1%,https://imperator-server.onrender.com/storage-proxy/gift_assets/models/First_Class_1.tgs
Ultramarine 2.5%,https://imperator-server.onrender.com/storage-proxy/gift_assets/models/Ultramarine_2.tgs
Jade Emperor 2%,https://imperator-server.onrender.com/storage-proxy/gift_assets/models/Jade_Emperor_2.tgs
Money Rider 2.5%,https://imperator-server.onrender.com/storage-proxy/gift_assets/models/Money_Rider_2.tgs
Bass Drop 3%,https://imperator-server.onrender.com/storage-proxy/gift_assets/models/Bass_Drop_3.tgs
Vape Wave 2.5%,https://imperator-server.onrender.com/storage-proxy/gift_assets/models/Vape_Wave_2.tgs
Flamingo 2.5%,https://imperator-server.onrender.com/storage-proxy/gift_assets/models/Flamingo_2.tgs
Sticker Gang 1.5%,https://imperator-server.onrender.com/storage-proxy/gift_assets/models/Sticker_Gang_1.tgs
Blood Ruby 1%,https://imperator-server.onrender.com/storage-proxy/gift_assets/models/Blood_Ruby_1.tgs
DeVille 1968 3%,https://imperator-server.onrender.com/storage-proxy/gift_assets/models/DeVille_1968_3.tgs
Brown Sugar 3%,https://imperator-server.onrender.com/storage-proxy/gift_assets/models/Brown_Sugar_3.tgs
Toy Car 1.5%,https://imperator-server.onrender.com/storage-proxy/gift_assets/models/Toy_Car_1.tgs
Gigahorse 0.5%,https://imperator-server.onrender.com/storage-proxy/gift_assets/models/Gigahorse_0.tgs
Disco Rider 3%,https://imperator-server.onrender.com/storage-proxy/gift_assets/models/Disco_Rider_3.tgs
Grasshopper 2.5%,https://imperator-server.onrender.com/storage-proxy/gift_assets/models/Grasshopper_2.tgs
High Flyer 1%,https://imperator-server.onrender.com/storage-proxy/gift_assets/models/High_Flyer_1.tgs
Paparazzi 2.5%,https://imperator-server.onrender.com/storage-proxy/gift_assets/models/Paparazzi_2.tgs
DeLorean 0.5%,https://imperator-server.onrender.com/storage-proxy/gift_assets/models/DeLorean_0.tgs
Silent Hill 1.5%,https://imperator-server.onrender.com/storage-proxy/gift_assets/models/Silent_Hill_1.tgs
Soul Plane 1%,https://imperator-server.onrender.com/storage-proxy/gift_assets/models/Soul_Plane_1.tgs
Malibu 3%,https://imperator-server.onrender.com/storage-proxy/gift_assets/models/Malibu_3.tgs
Let Me Ride 3%,https://imperator-server.onrender.com/storage-proxy/gift_assets/models/Let_Me_Ride_3.tgs
Green DeVille 2%,https://imperator-server.onrender.com/storage-proxy/gift_assets/models/Green_DeVille_2.tgs
Helicopter 1.5%,https://imperator-server.onrender.com/storage-proxy/gift_assets/models/Helicopter_1.tgs
Telegram Bus 0.5%,https://imperator-server.onrender.com/storage-proxy/gift_assets/models/Telegram_Bus_0.tgs
Bombay 1.5%,https://imperator-server.onrender.com/storage-proxy/gift_assets/models/Bombay_1.tgs
Hippie 2%,https://imperator-server.onrender.com/storage-proxy/gift_assets/models/Hippie_2.tgs
Pearl Scales 1%,https://imperator-server.onrender.com/storage-proxy/gift_assets/models/Pearl_Scales_1.tgs
Copperhead 1.5%,https://imperator-server.onrender.com/storage-proxy/gift_assets/models/Copperhead_1.tgs
Red Reptile 1.5%,https://imperator-server.onrender.com/storage-proxy/gift_assets/models/Red_Reptile_1.tgs
Saffron 1.5%,https://imperator-server.onrender.com/storage-proxy/gift_assets/models/Saffron_1.tgs
Rorschach 0.5%,https://imperator-server.onrender.com/storage-proxy/gift_assets/models/Rorschach_0.tgs
Aurium 1.3%,https://imperator-server.onrender.com/storage-proxy/gift_assets/models/Aurium_1.tgs
Python Dev 0.8%,https://imperator-server.onrender.com/storage-proxy/gift_assets/models/Python_Dev_0.tgs
Dark Rattle 1.5%,https://imperator-server.onrender.com/storage-proxy/gift_assets/models/Dark_Rattle_1.tgs
Golden Coal 1.3%,https://imperator-server.onrender.com/storage-proxy/gift_assets/models/Golden_Coal_1.tgs
Night Market 0.8%,https://imperator-server.onrender.com/storage-proxy/gift_assets/models/Night_Market_0.tgs
Dragon Ball 0.3%,https://imperator-server.onrender.com/storage-proxy/gift_assets/models/Dragon_Ball_0.tgs
Fallen Star 1.5%,https://imperator-server.onrender.com/storage-proxy/gift_assets/models/Fallen_Star_1.tgs
Kinder Garter 1.3%,https://imperator-server.onrender.com/storage-proxy/gift_assets/models/Kinder_Garter_1.tgs
Spring Burst 1.3%,https://imperator-server.onrender.com/storage-proxy/gift_assets/models/Spring_Burst_1.tgs
Caustic Moss 1.3%,https://imperator-server.onrender.com/storage-proxy/gift_assets/models/Caustic_Moss_1.tgs
Poisonous 0.8%,https://imperator-server.onrender.com/storage-proxy/gift_assets/models/Poisonous_0.tgs
Lunar Year 0.5%,https://imperator-server.onrender.com/storage-proxy/gift_assets/models/Lunar_Year_0.tgs
Orange Rocks 1.3%,https://imperator-server.onrender.com/storage-proxy/gift_assets/models/Orange_Rocks_1.tgs
Straciatella 0.8%,https://imperator-server.onrender.com/storage-proxy/gift_assets/models/Straciatella_0.tgs
Lancehead 1.5%,https://imperator-server.onrender.com/storage-proxy/gift_assets/models/Lancehead_1.tgs
Purple Mamba 1.5%,https://imperator-server.onrender.com/storage-proxy/gift_assets/models/Purple_Mamba_1.tgs
Polarized 1%,https://imperator-server.onrender.com/storage-proxy/gift_assets/models/Polarized_1.tgs
Amethyssst 1.3%,https://imperator-server.onrender.com/storage-proxy/gift_assets/models/Amethyssst_1.tgs
Pink Venom 1.3%,https://imperator-server.onrender.com/storage-proxy/gift_assets/models/Pink_Venom_1.tgs
Hong Kong 0.8%,https://imperator-server.onrender.com/storage-proxy/gift_assets/models/Hong_Kong_0.tgs
Psychedelic 0.5%,https://imperator-server.onrender.com/storage-proxy/gift_assets/models/Psychedelic_0.tgs
Cyber Ruby 0.8%,https://imperator-server.onrender.com/storage-proxy/gift_assets/models/Cyber_Ruby_0.tgs
Rosepepper 1.3%,https://imperator-server.onrender.com/storage-proxy/gift_assets/models/Rosepepper_1.tgs
Golden Sky 1.3%,https://imperator-server.onrender.com/storage-proxy/gift_assets/models/Golden_Sky_1.tgs
Candy Stripe 0.8%,https://imperator-server.onrender.com/storage-proxy/gift_assets/models/Candy_Stripe_0.tgs
Wood Snake 1%,https://imperator-server.onrender.com/storage-proxy/gift_assets/models/Wood_Snake_1.tgs
Xenomorph 0.5%,https://imperator-server.onrender.com/storage-proxy/gift_assets/models/Xenomorph_0.tgs
Purple Cap 1.3%,https://imperator-server.onrender.com/storage-proxy/gift_assets/models/Purple_Cap_1.tgs
Vibrant Venom 1.3%,https://imperator-server.onrender.com/storage-proxy/gift_assets/models/Vibrant_Venom_1.tgs
Blue Boa 1.5%,https://imperator-server.onrender.com/storage-proxy/gift_assets/models/Blue_Boa_1.tgs
Limescale 1.5%,https://imperator-server.onrender.com/storage-proxy/gift_assets/models/Limescale_1.tgs
Green Viper 1.5%,https://imperator-server.onrender.com/storage-proxy/gift_assets/models/Green_Viper_1.tgs
Gulal 1.3%,https://imperator-server.onrender.com/storage-proxy/gift_assets/models/Gulal_1.tgs
Yellow Cobra 1.5%,https://imperator-server.onrender.com/storage-proxy/gift_assets/models/Yellow_Cobra_1.tgs
Jade Serpent 1.3%,https://imperator-server.onrender.com/storage-proxy/gift_assets/models/Jade_Serpent_1.tgs
Sea Snake 1%,https://imperator-server.onrender.com/storage-proxy/gift_assets/models/Sea_Snake_1.tgs
Ender Snake 0.5%,https://imperator-server.onrender.com/storage-proxy/gift_assets/models/Ender_Snake_0.tgs
Iron Mine 0.8%,https://imperator-server.onrender.com/storage-proxy/gift_assets/models/Iron_Mine_0.tgs
Tropicool 0.8%,https://imperator-server.onrender.com/storage-proxy/gift_assets/models/Tropicool_0.tgs
White Grape 1.3%,https://imperator-server.onrender.com/storage-proxy/gift_assets/models/White_Grape_1.tgs
Arctic Viper 1%,https://imperator-server.onrender.com/storage-proxy/gift_assets/models/Arctic_Viper_1.tgs
Banded Boa 1.3%,https://imperator-server.onrender.com/storage-proxy/gift_assets/models/Banded_Boa_1.tgs
Mandarin 0.8%,https://imperator-server.onrender.com/storage-proxy/gift_assets/models/Mandarin_0.tgs
Angelic 0.5%,https://imperator-server.onrender.com/storage-proxy/gift_assets/models/Angelic_0.tgs
Cherry Glitch 1.3%,https://imperator-server.onrender.com/storage-proxy/gift_assets/models/Cherry_Glitch_1.tgs
Sunset Snake 1%,https://imperator-server.onrender.com/storage-proxy/gift_assets/models/Sunset_Snake_1.tgs
Taipei 0.8%,https://imperator-server.onrender.com/storage-proxy/gift_assets/models/Taipei_0.tgs
Venomous 0.8%,https://imperator-server.onrender.com/storage-proxy/gift_assets/models/Venomous_0.tgs
Purple Laser 1.3%,https://imperator-server.onrender.com/storage-proxy/gift_assets/models/Purple_Laser_1.tgs
Blizzard 1.5%,https://imperator-server.onrender.com/storage-proxy/gift_assets/models/Blizzard_1.tgs
Bear Paw 1%,https://imperator-server.onrender.com/storage-proxy/gift_assets/models/Bear_Paw_1.tgs
Blue Horizon 1.3%,https://imperator-server.onrender.com/storage-proxy/gift_assets/models/Blue_Horizon_1.tgs
Geodesic 0.5%,https://imperator-server.onrender.com/storage-proxy/gift_assets/models/Geodesic_0.tgs
Rainbow Scale 1.3%,https://imperator-server.onrender.com/storage-proxy/gift_assets/models/Rainbow_Scale_1.tgs
Jelly Hazard 1%,https://imperator-server.onrender.com/storage-proxy/gift_assets/models/Jelly_Hazard_1.tgs
Gold Rush 0.8%,https://imperator-server.onrender.com/storage-proxy/gift_assets/models/Gold_Rush_0.tgs
Gen Zmei 0.3%,https://imperator-server.onrender.com/storage-proxy/gift_assets/models/Gen_Zmei_0.tgs
Hellspawn 0.5%,https://imperator-server.onrender.com/storage-proxy/gift_assets/models/Hellspawn_0.tgs
Blood Adder 1.5%,https://imperator-server.onrender.com/storage-proxy/gift_assets/models/Blood_Adder_1.tgs
Snake Game 0.5%,https://imperator-server.onrender.com/storage-proxy/gift_assets/models/Snake_Game_0.tgs
Sun Serpent 1%,https://imperator-server.onrender.com/storage-proxy/gift_assets/models/Sun_Serpent_1.tgs
Fromage 0.8%,https://imperator-server.onrender.com/storage-proxy/gift_assets/models/Fromage_0.tgs
Cryoshard 0.5%,https://imperator-server.onrender.com/storage-proxy/gift_assets/models/Cryoshard_0.tgs
Hisstagram 1%,https://imperator-server.onrender.com/storage-proxy/gift_assets/models/Hisstagram_1.tgs
Gold Quartz 0.5%,https://imperator-server.onrender.com/storage-proxy/gift_assets/models/Gold_Quartz_0.tgs
Adhesive 0.8%,https://imperator-server.onrender.com/storage-proxy/gift_assets/models/Adhesive_0.tgs
Frosting 0.8%,https://imperator-server.onrender.com/storage-proxy/gift_assets/models/Frosting_0.tgs
Amber Adder 1.3%,https://imperator-server.onrender.com/storage-proxy/gift_assets/models/Amber_Adder_1.tgs
Soul Eater 0.5%,https://imperator-server.onrender.com/storage-proxy/gift_assets/models/Soul_Eater_0.tgs
Stone Python 1.3%,https://imperator-server.onrender.com/storage-proxy/gift_assets/models/Stone_Python_1.tgs
Frost Fangs 1.3%,https://imperator-server.onrender.com/storage-proxy/gift_assets/models/Frost_Fangs_1.tgs
Glowbra 1%,https://imperator-server.onrender.com/storage-proxy/gift_assets/models/Glowbra_1.tgs
Water Snake 1.5%,https://imperator-server.onrender.com/storage-proxy/gift_assets/models/Water_Snake_1.tgs
Black Mamba 1.5%,https://imperator-server.onrender.com/storage-proxy/gift_assets/models/Black_Mamba_1.tgs
Sandrift 1.3%,https://imperator-server.onrender.com/storage-proxy/gift_assets/models/Sandrift_1.tgs
The Deadliest 0.8%,https://imperator-server.onrender.com/storage-proxy/gift_assets/models/The_Deadliest_0.tgs
Hissmas Tree 1%,https://imperator-server.onrender.com/storage-proxy/gift_assets/models/Hissmas_Tree_1.tgs
Hissium 1.3%,https://imperator-server.onrender.com/storage-proxy/gift_assets/models/Hissium_1.tgs
Albino 1.5%,https://imperator-server.onrender.com/storage-proxy/gift_assets/models/Albino_1.tgs
Fire Dragon 0.5%,https://imperator-server.onrender.com/storage-proxy/gift_assets/models/Fire_Dragon_0.tgs
Neurotoxin 1%,https://imperator-server.onrender.com/storage-proxy/gift_assets/models/Neurotoxin_1.tgs
Synthwave 0.3%,https://imperator-server.onrender.com/storage-proxy/gift_assets/models/Synthwave_0.tgs
Super Hot 1.3%,https://imperator-server.onrender.com/storage-proxy/gift_assets/models/Super_Hot_1.tgs
Red Cheddar 0.8%,https://imperator-server.onrender.com/storage-proxy/gift_assets/models/Red_Cheddar_0.tgs
Hot Cherry 0.3%,https://imperator-server.onrender.com/storage-proxy/gift_assets/models/Hot_Cherry_0.tgs
Green Flakes 1.5%,https://imperator-server.onrender.com/storage-proxy/gift_assets/models/Green_Flakes_1.tgs
Diamondback 0.5%,https://imperator-server.onrender.com/storage-proxy/gift_assets/models/Diamondback_0.tgs
Redstone 0.5%,https://imperator-server.onrender.com/storage-proxy/gift_assets/models/Redstone_0.tgs
Crimson Jade 1.3%,https://imperator-server.onrender.com/storage-proxy/gift_assets/models/Crimson_Jade_1.tgs
Timelock 0.5%,https://imperator-server.onrender.com/storage-proxy/gift_assets/models/Timelock_0.tgs
Lapis 0.5%,https://imperator-server.onrender.com/storage-proxy/gift_assets/models/Lapis_0.tgs
Prismatic 0.5%,https://imperator-server.onrender.com/storage-proxy/gift_assets/models/Prismatic_0.tgs
Golden Bleu 0.8%,https://imperator-server.onrender.com/storage-proxy/gift_assets/models/Golden_Bleu_0.tgs
Red Amethyst 0.5%,https://imperator-server.onrender.com/storage-proxy/gift_assets/models/Red_Amethyst_0.tgs
Hydra 0.5%,https://imperator-server.onrender.com/storage-proxy/gift_assets/models/Hydra_0.tgs
Fishbowl Vase 3%,https://imperator-server.onrender.com/storage-proxy/gift_assets/models/Fishbowl_Vase_3.tgs
Sunflowers 3%,https://imperator-server.onrender.com/storage-proxy/gift_assets/models/Sunflowers_3.tgs
Donuts 3%,https://imperator-server.onrender.com/storage-proxy/gift_assets/models/Donuts_3.tgs
Artichoke 2%,https://imperator-server.onrender.com/storage-proxy/gift_assets/models/Artichoke_2.tgs
Lavender 3%,https://imperator-server.onrender.com/storage-proxy/gift_assets/models/Lavender_3.tgs
Garden Roses 2.5%,https://imperator-server.onrender.com/storage-proxy/gift_assets/models/Garden_Roses_2.tgs
Cotton 3%,https://imperator-server.onrender.com/storage-proxy/gift_assets/models/Cotton_3.tgs
Cactus 2%,https://imperator-server.onrender.com/storage-proxy/gift_assets/models/Cactus_2.tgs
Butterflies 1%,https://imperator-server.onrender.com/storage-proxy/gift_assets/models/Butterflies_1.tgs
Benjamins 1.5%,https://imperator-server.onrender.com/storage-proxy/gift_assets/models/Benjamins_1.tgs
Skull Flowers 1.5%,https://imperator-server.onrender.com/storage-proxy/gift_assets/models/Skull_Flowers_1.tgs
Narcissus 1.5%,https://imperator-server.onrender.com/storage-proxy/gift_assets/models/Narcissus_1.tgs
Dandelions 2%,https://imperator-server.onrender.com/storage-proxy/gift_assets/models/Dandelions_2.tgs
Mandrake 2%,https://imperator-server.onrender.com/storage-proxy/gift_assets/models/Mandrake_2.tgs
Snowrose 1.5%,https://imperator-server.onrender.com/storage-proxy/gift_assets/models/Snowrose_1.tgs
Crocodile 3%,https://imperator-server.onrender.com/storage-proxy/gift_assets/models/Crocodile_3.tgs
Golden Petals 3%,https://imperator-server.onrender.com/storage-proxy/gift_assets/models/Golden_Petals_3.tgs
Mushrooms 1.5%,https://imperator-server.onrender.com/storage-proxy/gift_assets/models/Mushrooms_1.tgs
Love Potion 1.5%,https://imperator-server.onrender.com/storage-proxy/gift_assets/models/Love_Potion_1.tgs
Venus Flytrap 1.5%,https://imperator-server.onrender.com/storage-proxy/gift_assets/models/Venus_Flytrap_1.tgs
Yarn Balls 3%,https://imperator-server.onrender.com/storage-proxy/gift_assets/models/Yarn_Balls_3.tgs
Cabbage 2%,https://imperator-server.onrender.com/storage-proxy/gift_assets/models/Cabbage_2.tgs
Berries 3%,https://imperator-server.onrender.com/storage-proxy/gift_assets/models/Berries_3.tgs
Nucleus 1.5%,https://imperator-server.onrender.com/storage-proxy/gift_assets/models/Nucleus_1.tgs
Wildfire 2%,https://imperator-server.onrender.com/storage-proxy/gift_assets/models/Wildfire_2.tgs
Million Roses 0.5%,https://imperator-server.onrender.com/storage-proxy/gift_assets/models/Million_Roses_0.tgs
Oak Crown 3%,https://imperator-server.onrender.com/storage-proxy/gift_assets/models/Oak_Crown_3.tgs
Balloons 1.5%,https://imperator-server.onrender.com/storage-proxy/gift_assets/models/Balloons_1.tgs
Fast Food 1%,https://imperator-server.onrender.com/storage-proxy/gift_assets/models/Fast_Food_1.tgs
Lotus Garden 0.5%,https://imperator-server.onrender.com/storage-proxy/gift_assets/models/Lotus_Garden_0.tgs
Catnip 1.5%,https://imperator-server.onrender.com/storage-proxy/gift_assets/models/Catnip_1.tgs
Neon Sign 1.5%,https://imperator-server.onrender.com/storage-proxy/gift_assets/models/Neon_Sign_1.tgs
Missing Shoe 3%,https://imperator-server.onrender.com/storage-proxy/gift_assets/models/Missing_Shoe_3.tgs
Purple Lilac 3%,https://imperator-server.onrender.com/storage-proxy/gift_assets/models/Purple_Lilac_3.tgs
Lobsters 1.5%,https://imperator-server.onrender.com/storage-proxy/gift_assets/models/Lobsters_1.tgs
Moonlight 2%,https://imperator-server.onrender.com/storage-proxy/gift_assets/models/Moonlight_2.tgs
Silvershade 3%,https://imperator-server.onrender.com/storage-proxy/gift_assets/models/Silvershade_3.tgs
Frida Planter 3%,https://imperator-server.onrender.com/storage-proxy/gift_assets/models/Frida_Planter_3.tgs
Fisherman 1.5%,https://imperator-server.onrender.com/storage-proxy/gift_assets/models/Fisherman_1.tgs
Maple Leaves 3%,https://imperator-server.onrender.com/storage-proxy/gift_assets/models/Maple_Leaves_3.tgs
Harvest 3%,https://imperator-server.onrender.com/storage-proxy/gift_assets/models/Harvest_3.tgs
Rafflesia 1%,https://imperator-server.onrender.com/storage-proxy/gift_assets/models/Rafflesia_1.tgs
Tulips 2.5%,https://imperator-server.onrender.com/storage-proxy/gift_assets/models/Tulips_2.tgs
Chompy 1.5%,https://imperator-server.onrender.com/storage-proxy/gift_assets/models/Chompy_1.tgs
Peashooter 1%,https://imperator-server.onrender.com/storage-proxy/gift_assets/models/Peashooter_1.tgs
Chamomile 0.5%,https://imperator-server.onrender.com/storage-proxy/gift_assets/models/Chamomile_0.tgs
Carrots 3%,https://imperator-server.onrender.com/storage-proxy/gift_assets/models/Carrots_3.tgs
Oculus 2%,https://imperator-server.onrender.com/storage-proxy/gift_assets/models/Oculus_2.tgs
Cable Mess 0.5%,https://imperator-server.onrender.com/storage-proxy/gift_assets/models/Cable_Mess_0.tgs
Happy Toys 1%,https://imperator-server.onrender.com/storage-proxy/gift_assets/models/Happy_Toys_1.tgs
Chuckle-ate 2%,https://imperator-server.onrender.com/storage-proxy/gift_assets/models/Chuckle-ate_2.tgs
Uranus 2%,https://imperator-server.onrender.com/storage-proxy/gift_assets/models/Uranus_2.tgs
Red Demon 2%,https://imperator-server.onrender.com/storage-proxy/gift_assets/models/Red_Demon_2.tgs
Johnny Bravo 1%,https://imperator-server.onrender.com/storage-proxy/gift_assets/models/Johnny_Bravo_1.tgs
Squashbuckler 2%,https://imperator-server.onrender.com/storage-proxy/gift_assets/models/Squashbuckler_2.tgs
Pump King 2%,https://imperator-server.onrender.com/storage-proxy/gift_assets/models/Pump_King_2.tgs
The Mocker 2%,https://imperator-server.onrender.com/storage-proxy/gift_assets/models/The_Mocker_2.tgs
Creepy Po 0.5%,https://imperator-server.onrender.com/storage-proxy/gift_assets/models/Creepy_Po_0.tgs
Daredevil 2%,https://imperator-server.onrender.com/storage-proxy/gift_assets/models/Daredevil_2.tgs
Robotic 2%,https://imperator-server.onrender.com/storage-proxy/gift_assets/models/Robotic_2.tgs
Plutonium 3%,https://imperator-server.onrender.com/storage-proxy/gift_assets/models/Plutonium_3.tgs
Flat Joke 3%,https://imperator-server.onrender.com/storage-proxy/gift_assets/models/Flat_Joke_3.tgs
Let It Snow 3%,https://imperator-server.onrender.com/storage-proxy/gift_assets/models/Let_It_Snow_3.tgs
Green Grins 3%,https://imperator-server.onrender.com/storage-proxy/gift_assets/models/Green_Grins_3.tgs
Little Sketchy 2%,https://imperator-server.onrender.com/storage-proxy/gift_assets/models/Little_Sketchy_2.tgs
Dark Dipsy 0.5%,https://imperator-server.onrender.com/storage-proxy/gift_assets/models/Dark_Dipsy_0.tgs
Shamrock 3%,https://imperator-server.onrender.com/storage-proxy/gift_assets/models/Shamrock_3.tgs
Golden Boy 3%,https://imperator-server.onrender.com/storage-proxy/gift_assets/models/Golden_Boy_3.tgs
Ha-Harvest 3%,https://imperator-server.onrender.com/storage-proxy/gift_assets/models/Ha-Harvest_3.tgs
Heat Stroke 1.5%,https://imperator-server.onrender.com/storage-proxy/gift_assets/models/Heat_Stroke_1.tgs
Cheshire Cat 2%,https://imperator-server.onrender.com/storage-proxy/gift_assets/models/Cheshire_Cat_2.tgs
Evil Grin 3%,https://imperator-server.onrender.com/storage-proxy/gift_assets/models/Evil_Grin_3.tgs
Joke-O’-Lantern 3%,https://imperator-server.onrender.com/storage-proxy/gift_assets/models/Joke-O-Lantern_3.tgs
Purple Imp 2%,https://imperator-server.onrender.com/storage-proxy/gift_assets/models/Purple_Imp_2.tgs
Copperfield 3%,https://imperator-server.onrender.com/storage-proxy/gift_assets/models/Copperfield_3.tgs
Spotlight 2%,https://imperator-server.onrender.com/storage-proxy/gift_assets/models/Spotlight_2.tgs
Krusty 2%,https://imperator-server.onrender.com/storage-proxy/gift_assets/models/Krusty_2.tgs
Unripe 3%,https://imperator-server.onrender.com/storage-proxy/gift_assets/models/Unripe_3.tgs
Ornament 3%,https://imperator-server.onrender.com/storage-proxy/gift_assets/models/Ornament_3.tgs
The Mask 1%,https://imperator-server.onrender.com/storage-proxy/gift_assets/models/The_Mask_1.tgs
Mummy Troll 1%,https://imperator-server.onrender.com/storage-proxy/gift_assets/models/Mummy_Troll_1.tgs
Hollow Gold 3%,https://imperator-server.onrender.com/storage-proxy/gift_assets/models/Hollow_Gold_3.tgs
Mandarin 2%,https://imperator-server.onrender.com/storage-proxy/gift_assets/models/Mandarin_2.tgs
Kinky-Winky 0.5%,https://imperator-server.onrender.com/storage-proxy/gift_assets/models/Kinky-Winky_0.tgs
Khinkali Boi 1%,https://imperator-server.onrender.com/storage-proxy/gift_assets/models/Khinkali_Boi_1.tgs
Cucurbita 3%,https://imperator-server.onrender.com/storage-proxy/gift_assets/models/Cucurbita_3.tgs
Dark Ritual 2%,https://imperator-server.onrender.com/storage-proxy/gift_assets/models/Dark_Ritual_2.tgs
Oh-Laa-Laa 0.5%,https://imperator-server.onrender.com/storage-proxy/gift_assets/models/Oh-Laa-Laa_0.tgs
Bee Movie 2%,https://imperator-server.onrender.com/storage-proxy/gift_assets/models/Bee_Movie_2.tgs
Silver Surfer 3%,https://imperator-server.onrender.com/storage-proxy/gift_assets/models/Silver_Surfer_3.tgs
Solaris 2%,https://imperator-server.onrender.com/storage-proxy/gift_assets/models/Solaris_2.tgs
Dark Humor 2%,https://imperator-server.onrender.com/storage-proxy/gift_assets/models/Dark_Humor_2.tgs
Le Mime 2%,https://imperator-server.onrender.com/storage-proxy/gift_assets/models/Le_Mime_2.tgs
Laugh Potion 1%,https://imperator-server.onrender.com/storage-proxy/gift_assets/models/Laugh_Potion_1.tgs
Don Lemon 1.5%,https://imperator-server.onrender.com/storage-proxy/gift_assets/models/Don_Lemon_1.tgs
The Joker 1%,https://imperator-server.onrender.com/storage-proxy/gift_assets/models/The_Joker_1.tgs
Frostbite 1%,https://imperator-server.onrender.com/storage-proxy/gift_assets/models/Frostbite_1.tgs
Jigsaw 1%,https://imperator-server.onrender.com/storage-proxy/gift_assets/models/Jigsaw_1.tgs
Disco Ball 1%,https://imperator-server.onrender.com/storage-proxy/gift_assets/models/Disco_Ball_1.tgs
Heartbreaker 2%,https://imperator-server.onrender.com/storage-proxy/gift_assets/models/Heartbreaker_2.tgs
Mummify 2%,https://imperator-server.onrender.com/storage-proxy/gift_assets/models/Mummify_2.tgs
Dimensional 2.5%,https://imperator-server.onrender.com/storage-proxy/gift_assets/models/Dimensional_2.tgs
Unicorn Blood 1.5%,https://imperator-server.onrender.com/storage-proxy/gift_assets/models/Unicorn_Blood_1.tgs
Poison Toad 2%,https://imperator-server.onrender.com/storage-proxy/gift_assets/models/Poison_Toad_2.tgs
On Pause 1.5%,https://imperator-server.onrender.com/storage-proxy/gift_assets/models/On_Pause_1.tgs
Pink Poultice 3%,https://imperator-server.onrender.com/storage-proxy/gift_assets/models/Pink_Poultice_3.tgs
Cold Night 2.5%,https://imperator-server.onrender.com/storage-proxy/gift_assets/models/Cold_Night_2.tgs
Bloodlust 1.5%,https://imperator-server.onrender.com/storage-proxy/gift_assets/models/Bloodlust_1.tgs
The Blues 3%,https://imperator-server.onrender.com/storage-proxy/gift_assets/models/The_Blues_3.tgs
Purple Rain 2.5%,https://imperator-server.onrender.com/storage-proxy/gift_assets/models/Purple_Rain_2.tgs
Star Power 1.5%,https://imperator-server.onrender.com/storage-proxy/gift_assets/models/Star_Power_1.tgs
Saltwater 2.5%,https://imperator-server.onrender.com/storage-proxy/gift_assets/models/Saltwater_2.tgs
Overcharge 1%,https://imperator-server.onrender.com/storage-proxy/gift_assets/models/Overcharge_1.tgs
Turning Blue 2.5%,https://imperator-server.onrender.com/storage-proxy/gift_assets/models/Turning_Blue_2.tgs
Black Bile 3%,https://imperator-server.onrender.com/storage-proxy/gift_assets/models/Black_Bile_3.tgs
Color Drain 2%,https://imperator-server.onrender.com/storage-proxy/gift_assets/models/Color_Drain_2.tgs
Quicksilver 2%,https://imperator-server.onrender.com/storage-proxy/gift_assets/models/Quicksilver_2.tgs
Agent Orange 2.5%,https://imperator-server.onrender.com/storage-proxy/gift_assets/models/Agent_Orange_2.tgs
Blue Lagoon 2.5%,https://imperator-server.onrender.com/storage-proxy/gift_assets/models/Blue_Lagoon_2.tgs
Green Goo 3.5%,https://imperator-server.onrender.com/storage-proxy/gift_assets/models/Green_Goo_3.tgs
Warm Embrace 3%,https://imperator-server.onrender.com/storage-proxy/gift_assets/models/Warm_Embrace_3.tgs
Wicked Melon 2.5%,https://imperator-server.onrender.com/storage-proxy/gift_assets/models/Wicked_Melon_2.tgs
Dark Side 2.5%,https://imperator-server.onrender.com/storage-proxy/gift_assets/models/Dark_Side_2.tgs
Fool’s Gold 2%,https://imperator-server.onrender.com/storage-proxy/gift_assets/models/Fools_Gold_2.tgs
Spooky Juice 1%,https://imperator-server.onrender.com/storage-proxy/gift_assets/models/Spooky_Juice_1.tgs
Mad Magenta 3%,https://imperator-server.onrender.com/storage-proxy/gift_assets/models/Mad_Magenta_3.tgs
Liquid Death 2.5%,https://imperator-server.onrender.com/storage-proxy/gift_assets/models/Liquid_Death_2.tgs
Verdant Vial 1.5%,https://imperator-server.onrender.com/storage-proxy/gift_assets/models/Verdant_Vial_1.tgs
Goth Sweat 1%,https://imperator-server.onrender.com/storage-proxy/gift_assets/models/Goth_Sweat_1.tgs
Emerald Elixir 1.5%,https://imperator-server.onrender.com/storage-proxy/gift_assets/models/Emerald_Elixir_1.tgs
Dark Secret 2.5%,https://imperator-server.onrender.com/storage-proxy/gift_assets/models/Dark_Secret_2.tgs
Hemlock 2%,https://imperator-server.onrender.com/storage-proxy/gift_assets/models/Hemlock_2.tgs
Supernova 2%,https://imperator-server.onrender.com/storage-proxy/gift_assets/models/Supernova_2.tgs
Anaglyph 1.5%,https://imperator-server.onrender.com/storage-proxy/gift_assets/models/Anaglyph_1.tgs
False Flight 1.5%,https://imperator-server.onrender.com/storage-proxy/gift_assets/models/False_Flight_1.tgs
Red Rum 2%,https://imperator-server.onrender.com/storage-proxy/gift_assets/models/Red_Rum_2.tgs
Chromatica 2%,https://imperator-server.onrender.com/storage-proxy/gift_assets/models/Chromatica_2.tgs
Tainted Love 1.5%,https://imperator-server.onrender.com/storage-proxy/gift_assets/models/Tainted_Love_1.tgs
Gold Medal 1%,https://imperator-server.onrender.com/storage-proxy/gift_assets/models/Gold_Medal_1.tgs
Vulnerability 1.5%,https://imperator-server.onrender.com/storage-proxy/gift_assets/models/Vulnerability_1.tgs
Rewind 2%,https://imperator-server.onrender.com/storage-proxy/gift_assets/models/Rewind_2.tgs
Starsurge 2%,https://imperator-server.onrender.com/storage-proxy/gift_assets/models/Starsurge_2.tgs
Twilight 2.5%,https://imperator-server.onrender.com/storage-proxy/gift_assets/models/Twilight_2.tgs
Error Elixir 1%,https://imperator-server.onrender.com/storage-proxy/gift_assets/models/Error_Elixir_1.tgs
Angry Amethyst 2.5%,https://imperator-server.onrender.com/storage-proxy/gift_assets/models/Angry_Amethyst_2.tgs
Fish Sauce 1%,https://imperator-server.onrender.com/storage-proxy/gift_assets/models/Fish_Sauce_1.tgs
Salted Flex 2.5%,https://imperator-server.onrender.com/storage-proxy/gift_assets/models/Salted_Flex_2.tgs
Heisenberg 2.5%,https://imperator-server.onrender.com/storage-proxy/gift_assets/models/Heisenberg_2.tgs
Petrified 2%,https://imperator-server.onrender.com/storage-proxy/gift_assets/models/Petrified_2.tgs
Frankenstein 3%,https://imperator-server.onrender.com/storage-proxy/gift_assets/models/Frankenstein_3.tgs
Knockout 3%,https://imperator-server.onrender.com/storage-proxy/gift_assets/models/Knockout_3.tgs
Silver Knight 1.5%,https://imperator-server.onrender.com/storage-proxy/gift_assets/models/Silver_Knight_1.tgs
Paramedic 2.5%,https://imperator-server.onrender.com/storage-proxy/gift_assets/models/Paramedic_2.tgs
Fatality 3%,https://imperator-server.onrender.com/storage-proxy/gift_assets/models/Fatality_3.tgs
Homer 2.5%,https://imperator-server.onrender.com/storage-proxy/gift_assets/models/Homer_2.tgs
Magma Man 1.5%,https://imperator-server.onrender.com/storage-proxy/gift_assets/models/Magma_Man_1.tgs
T800 3%,https://imperator-server.onrender.com/storage-proxy/gift_assets/models/T800_3.tgs
Bicep Curls 1.5%,https://imperator-server.onrender.com/storage-proxy/gift_assets/models/Bicep_Curls_1.tgs
Bone Warrior 2%,https://imperator-server.onrender.com/storage-proxy/gift_assets/models/Bone_Warrior_2.tgs
Crab Crusher 3%,https://imperator-server.onrender.com/storage-proxy/gift_assets/models/Crab_Crusher_3.tgs
Paladin 2%,https://imperator-server.onrender.com/storage-proxy/gift_assets/models/Paladin_2.tgs
Popeye 3%,https://imperator-server.onrender.com/storage-proxy/gift_assets/models/Popeye_3.tgs
Hercules 2.5%,https://imperator-server.onrender.com/storage-proxy/gift_assets/models/Hercules_2.tgs
Jade Titan 1%,https://imperator-server.onrender.com/storage-proxy/gift_assets/models/Jade_Titan_1.tgs
Body Builder 2.5%,https://imperator-server.onrender.com/storage-proxy/gift_assets/models/Body_Builder_2.tgs
Squeaker 3%,https://imperator-server.onrender.com/storage-proxy/gift_assets/models/Squeaker_3.tgs
Poor Yorick 3%,https://imperator-server.onrender.com/storage-proxy/gift_assets/models/Poor_Yorick_3.tgs
Icebreaker 0.5%,https://imperator-server.onrender.com/storage-proxy/gift_assets/models/Icebreaker_0.tgs
Snake Charmer 3%,https://imperator-server.onrender.com/storage-proxy/gift_assets/models/Snake_Charmer_3.tgs
Cat Power 3%,https://imperator-server.onrender.com/storage-proxy/gift_assets/models/Cat_Power_3.tgs
We Can Do It! 1.5%,https://imperator-server.onrender.com/storage-proxy/gift_assets/models/We_Can_Do_It_1.tgs
Werewolf 2.5%,https://imperator-server.onrender.com/storage-proxy/gift_assets/models/Werewolf_2.tgs
Xeno Grip 2.5%,https://imperator-server.onrender.com/storage-proxy/gift_assets/models/Xeno_Grip_2.tgs
Genie 1.5%,https://imperator-server.onrender.com/storage-proxy/gift_assets/models/Genie_1.tgs
Heavy Metal 2.5%,https://imperator-server.onrender.com/storage-proxy/gift_assets/models/Heavy_Metal_2.tgs
Ex Machina 2%,https://imperator-server.onrender.com/storage-proxy/gift_assets/models/Ex_Machina_2.tgs
Robocop 3%,https://imperator-server.onrender.com/storage-proxy/gift_assets/models/Robocop_3.tgs
Iron Hook 3%,https://imperator-server.onrender.com/storage-proxy/gift_assets/models/Iron_Hook_3.tgs
Frostbite 2%,https://imperator-server.onrender.com/storage-proxy/gift_assets/models/Frostbite_2.tgs
Gem Brawler 1.5%,https://imperator-server.onrender.com/storage-proxy/gift_assets/models/Gem_Brawler_1.tgs
Liberator 2%,https://imperator-server.onrender.com/storage-proxy/gift_assets/models/Liberator_2.tgs
Overlord 1%,https://imperator-server.onrender.com/storage-proxy/gift_assets/models/Overlord_1.tgs
Crystal Fist 1%,https://imperator-server.onrender.com/storage-proxy/gift_assets/models/Crystal_Fist_1.tgs
Pizza Pump 2.5%,https://imperator-server.onrender.com/storage-proxy/gift_assets/models/Pizza_Pump_2.tgs
Gold Dragon 2%,https://imperator-server.onrender.com/storage-proxy/gift_assets/models/Gold_Dragon_2.tgs
Valhalla 2%,https://imperator-server.onrender.com/storage-proxy/gift_assets/models/Valhalla_2.tgs
Dragonborn 1.5%,https://imperator-server.onrender.com/storage-proxy/gift_assets/models/Dragonborn_1.tgs
Cratos 1.5%,https://imperator-server.onrender.com/storage-proxy/gift_assets/models/Cratos_1.tgs
Predator 1%,https://imperator-server.onrender.com/storage-proxy/gift_assets/models/Predator_1.tgs
Gymhotep 1.5%,https://imperator-server.onrender.com/storage-proxy/gift_assets/models/Gymhotep_1.tgs
Colossus 0.5%,https://imperator-server.onrender.com/storage-proxy/gift_assets/models/Colossus_0.tgs
Gladiator 1%,https://imperator-server.onrender.com/storage-proxy/gift_assets/models/Gladiator_1.tgs
Infinity 1%,https://imperator-server.onrender.com/storage-proxy/gift_assets/models/Infinity_1.tgs
Best Muscles 0.5%,https://imperator-server.onrender.com/storage-proxy/gift_assets/models/Best_Muscles_0.tgs
Silver Screen 0.5%,https://imperator-server.onrender.com/storage-proxy/gift_assets/models/Silver_Screen_0.tgs
Best Comedy 1.5%,https://imperator-server.onrender.com/storage-proxy/gift_assets/models/Best_Comedy_1.tgs
The Deep 1.5%,https://imperator-server.onrender.com/storage-proxy/gift_assets/models/The_Deep_1.tgs
Flexible 1.5%,https://imperator-server.onrender.com/storage-proxy/gift_assets/models/Flexible_1.tgs
Deep Freeze 2%,https://imperator-server.onrender.com/storage-proxy/gift_assets/models/Deep_Freeze_2.tgs
Caveman 1.5%,https://imperator-server.onrender.com/storage-proxy/gift_assets/models/Caveman_1.tgs
Solid Bronze 0.5%,https://imperator-server.onrender.com/storage-proxy/gift_assets/models/Solid_Bronze_0.tgs
Dracula 1.5%,https://imperator-server.onrender.com/storage-proxy/gift_assets/models/Dracula_1.tgs
Welder 1.5%,https://imperator-server.onrender.com/storage-proxy/gift_assets/models/Welder_1.tgs
Pharaoh 1.5%,https://imperator-server.onrender.com/storage-proxy/gift_assets/models/Pharaoh_1.tgs
Martian 1%,https://imperator-server.onrender.com/storage-proxy/gift_assets/models/Martian_1.tgs
Fiery-Hot 0.5%,https://imperator-server.onrender.com/storage-proxy/gift_assets/models/Fiery-Hot_0.tgs
Leopard 0.5%,https://imperator-server.onrender.com/storage-proxy/gift_assets/models/Leopard_0.tgs
Golfer 1.5%,https://imperator-server.onrender.com/storage-proxy/gift_assets/models/Golfer_1.tgs
Pumpkin 1%,https://imperator-server.onrender.com/storage-proxy/gift_assets/models/Pumpkin_1.tgs
Main Villain 1.5%,https://imperator-server.onrender.com/storage-proxy/gift_assets/models/Main_Villain_1.tgs
Brainiac 1.5%,https://imperator-server.onrender.com/storage-proxy/gift_assets/models/Brainiac_1.tgs
Action Film 2%,https://imperator-server.onrender.com/storage-proxy/gift_assets/models/Action_Film_2.tgs
Blue Sky 0.5%,https://imperator-server.onrender.com/storage-proxy/gift_assets/models/Blue_Sky_0.tgs
Jokester 0.5%,https://imperator-server.onrender.com/storage-proxy/gift_assets/models/Jokester_0.tgs
Scream 1.5%,https://imperator-server.onrender.com/storage-proxy/gift_assets/models/Scream_1.tgs
Zesty 0.5%,https://imperator-server.onrender.com/storage-proxy/gift_assets/models/Zesty_0.tgs
Crusader 1.5%,https://imperator-server.onrender.com/storage-proxy/gift_assets/models/Crusader_1.tgs
Pink Guard 1.5%,https://imperator-server.onrender.com/storage-proxy/gift_assets/models/Pink_Guard_1.tgs
Khajiit 1%,https://imperator-server.onrender.com/storage-proxy/gift_assets/models/Khajiit_1.tgs
Stuntman 1%,https://imperator-server.onrender.com/storage-proxy/gift_assets/models/Stuntman_1.tgs
Gas Mask 1%,https://imperator-server.onrender.com/storage-proxy/gift_assets/models/Gas_Mask_1.tgs
Radioactive 0.5%,https://imperator-server.onrender.com/storage-proxy/gift_assets/models/Radioactive_0.tgs
Robocop 1.5%,https://imperator-server.onrender.com/storage-proxy/gift_assets/models/Robocop_1.tgs
Catwoman 1%,https://imperator-server.onrender.com/storage-proxy/gift_assets/models/Catwoman_1.tgs
Skeleton 1%,https://imperator-server.onrender.com/storage-proxy/gift_assets/models/Skeleton_1.tgs
Sprunki 1.5%,https://imperator-server.onrender.com/storage-proxy/gift_assets/models/Sprunki_1.tgs
Dark Side 1.5%,https://imperator-server.onrender.com/storage-proxy/gift_assets/models/Dark_Side_1.tgs
Pigeon 1.5%,https://imperator-server.onrender.com/storage-proxy/gift_assets/models/Pigeon_1.tgs
Violet 0.5%,https://imperator-server.onrender.com/storage-proxy/gift_assets/models/Violet_0.tgs
Makeup 0.5%,https://imperator-server.onrender.com/storage-proxy/gift_assets/models/Makeup_0.tgs
Regent 0.5%,https://imperator-server.onrender.com/storage-proxy/gift_assets/models/Regent_0.tgs
Seraphim 1.5%,https://imperator-server.onrender.com/storage-proxy/gift_assets/models/Seraphim_1.tgs
Laser Scan 2%,https://imperator-server.onrender.com/storage-proxy/gift_assets/models/Laser_Scan_2.tgs
Static 1.5%,https://imperator-server.onrender.com/storage-proxy/gift_assets/models/Static_1.tgs
Undead 1.5%,https://imperator-server.onrender.com/storage-proxy/gift_assets/models/Undead_1.tgs
Dark Knight 1.5%,https://imperator-server.onrender.com/storage-proxy/gift_assets/models/Dark_Knight_1.tgs
Emerald 0.5%,https://imperator-server.onrender.com/storage-proxy/gift_assets/models/Emerald_0.tgs
Moai Figure 1%,https://imperator-server.onrender.com/storage-proxy/gift_assets/models/Moai_Figure_1.tgs
Santa Claus 1.5%,https://imperator-server.onrender.com/storage-proxy/gift_assets/models/Santa_Claus_1.tgs
Brain Slug 1%,https://imperator-server.onrender.com/storage-proxy/gift_assets/models/Brain_Slug_1.tgs
Legionary 1.5%,https://imperator-server.onrender.com/storage-proxy/gift_assets/models/Legionary_1.tgs
Finest Fish 1%,https://imperator-server.onrender.com/storage-proxy/gift_assets/models/Finest_Fish_1.tgs
Viking 1.5%,https://imperator-server.onrender.com/storage-proxy/gift_assets/models/Viking_1.tgs
Grape Cola 0.5%,https://imperator-server.onrender.com/storage-proxy/gift_assets/models/Grape_Cola_0.tgs
Neon Police 0.5%,https://imperator-server.onrender.com/storage-proxy/gift_assets/models/Neon_Police_0.tgs
Giraffe 0.5%,https://imperator-server.onrender.com/storage-proxy/gift_assets/models/Giraffe_0.tgs
Patina 0.5%,https://imperator-server.onrender.com/storage-proxy/gift_assets/models/Patina_0.tgs
Chieftain 1.5%,https://imperator-server.onrender.com/storage-proxy/gift_assets/models/Chieftain_1.tgs
Aztec God 1.5%,https://imperator-server.onrender.com/storage-proxy/gift_assets/models/Aztec_God_1.tgs
Tribal Idol 1.5%,https://imperator-server.onrender.com/storage-proxy/gift_assets/models/Tribal_Idol_1.tgs
Premiere 0.5%,https://imperator-server.onrender.com/storage-proxy/gift_assets/models/Premiere_0.tgs
Mars Attacks 1%,https://imperator-server.onrender.com/storage-proxy/gift_assets/models/Mars_Attacks_1.tgs
Rear End 1%,https://imperator-server.onrender.com/storage-proxy/gift_assets/models/Rear_End_1.tgs
Nebula 0.5%,https://imperator-server.onrender.com/storage-proxy/gift_assets/models/Nebula_0.tgs
Astronaut 1.5%,https://imperator-server.onrender.com/storage-proxy/gift_assets/models/Astronaut_1.tgs
Poseidon 1.5%,https://imperator-server.onrender.com/storage-proxy/gift_assets/models/Poseidon_1.tgs
Trailer 0.5%,https://imperator-server.onrender.com/storage-proxy/gift_assets/models/Trailer_0.tgs
Hot Shots 0.5%,https://imperator-server.onrender.com/storage-proxy/gift_assets/models/Hot_Shots_0.tgs
Silver Zebra 0.5%,https://imperator-server.onrender.com/storage-proxy/gift_assets/models/Silver_Zebra_0.tgs
Eye Candy 1%,https://imperator-server.onrender.com/storage-proxy/gift_assets/models/Eye_Candy_1.tgs
Amanita 1%,https://imperator-server.onrender.com/storage-proxy/gift_assets/models/Amanita_1.tgs
Speaker 1.5%,https://imperator-server.onrender.com/storage-proxy/gift_assets/models/Speaker_1.tgs
Hobgoblin 0.5%,https://imperator-server.onrender.com/storage-proxy/gift_assets/models/Hobgoblin_0.tgs
Blockbuster 1%,https://imperator-server.onrender.com/storage-proxy/gift_assets/models/Blockbuster_1.tgs
Spidey 1.5%,https://imperator-server.onrender.com/storage-proxy/gift_assets/models/Spidey_1.tgs
Prestige 0.5%,https://imperator-server.onrender.com/storage-proxy/gift_assets/models/Prestige_0.tgs
Blue Lagoon 0.5%,https://imperator-server.onrender.com/storage-proxy/gift_assets/models/Blue_Lagoon_0.tgs
Android 1%,https://imperator-server.onrender.com/storage-proxy/gift_assets/models/Android_1.tgs
Cold Feet 0.5%,https://imperator-server.onrender.com/storage-proxy/gift_assets/models/Cold_Feet_0.tgs
Starlight 0.5%,https://imperator-server.onrender.com/storage-proxy/gift_assets/models/Starlight_0.tgs
Cobalt 0.5%,https://imperator-server.onrender.com/storage-proxy/gift_assets/models/Cobalt_0.tgs
Red Carpet 0.5%,https://imperator-server.onrender.com/storage-proxy/gift_assets/models/Red_Carpet_0.tgs
Spirulina 0.5%,https://imperator-server.onrender.com/storage-proxy/gift_assets/models/Spirulina_0.tgs
Cyclopes 1.5%,https://imperator-server.onrender.com/storage-proxy/gift_assets/models/Cyclopes_1.tgs
Ballerino 1%,https://imperator-server.onrender.com/storage-proxy/gift_assets/models/Ballerino_1.tgs
Golden Sky 0.5%,https://imperator-server.onrender.com/storage-proxy/gift_assets/models/Golden_Sky_0.tgs
Woody Allen 0.5%,https://imperator-server.onrender.com/storage-proxy/gift_assets/models/Woody_Allen_0.tgs
Grenadine 0.5%,https://imperator-server.onrender.com/storage-proxy/gift_assets/models/Grenadine_0.tgs
Mango Tango 0.5%,https://imperator-server.onrender.com/storage-proxy/gift_assets/models/Mango_Tango_0.tgs
Sour Gummy 0.5%,https://imperator-server.onrender.com/storage-proxy/gift_assets/models/Sour_Gummy_0.tgs
Sunset Idol 0.5%,https://imperator-server.onrender.com/storage-proxy/gift_assets/models/Sunset_Idol_0.tgs
Fading Flare 0.5%,https://imperator-server.onrender.com/storage-proxy/gift_assets/models/Fading_Flare_0.tgs
Boulevard 0.5%,https://imperator-server.onrender.com/storage-proxy/gift_assets/models/Boulevard_0.tgs
Nominee 0.5%,https://imperator-server.onrender.com/storage-proxy/gift_assets/models/Nominee_0.tgs
Producer 0.5%,https://imperator-server.onrender.com/storage-proxy/gift_assets/models/Producer_0.tgs
Red Dream 0.5%,https://imperator-server.onrender.com/storage-proxy/gift_assets/models/Red_Dream_0.tgs
Uzbek Pilaf 3%,https://imperator-server.onrender.com/storage-proxy/gift_assets/models/Uzbek_Pilaf_3.tgs
Kitsune 1%,https://imperator-server.onrender.com/storage-proxy/gift_assets/models/Kitsune_1.tgs
Dim Sum 3%,https://imperator-server.onrender.com/storage-proxy/gift_assets/models/Dim_Sum_3.tgs
Pumpkin 2%,https://imperator-server.onrender.com/storage-proxy/gift_assets/models/Pumpkin_2.tgs
Bank Heist 2%,https://imperator-server.onrender.com/storage-proxy/gift_assets/models/Bank_Heist_2.tgs
Toy Bucket 3%,https://imperator-server.onrender.com/storage-proxy/gift_assets/models/Toy_Bucket_3.tgs
Shogun 3%,https://imperator-server.onrender.com/storage-proxy/gift_assets/models/Shogun_3.tgs
Elizabeth II 2%,https://imperator-server.onrender.com/storage-proxy/gift_assets/models/Elizabeth_II_2.tgs
Mailbox 2.5%,https://imperator-server.onrender.com/storage-proxy/gift_assets/models/Mailbox_2.tgs
Apiary 3%,https://imperator-server.onrender.com/storage-proxy/gift_assets/models/Apiary_3.tgs
Aquarium 3%,https://imperator-server.onrender.com/storage-proxy/gift_assets/models/Aquarium_3.tgs
Hercules 1%,https://imperator-server.onrender.com/storage-proxy/gift_assets/models/Hercules_1.tgs
Fishing Net 2%,https://imperator-server.onrender.com/storage-proxy/gift_assets/models/Fishing_Net_2.tgs
Conspiracy 1%,https://imperator-server.onrender.com/storage-proxy/gift_assets/models/Conspiracy_1.tgs
Lucky Duck 3%,https://imperator-server.onrender.com/storage-proxy/gift_assets/models/Lucky_Duck_3.tgs
Red Hood 3%,https://imperator-server.onrender.com/storage-proxy/gift_assets/models/Red_Hood_3.tgs
Doctor Jones 3%,https://imperator-server.onrender.com/storage-proxy/gift_assets/models/Doctor_Jones_3.tgs
Leprechaun 2.5%,https://imperator-server.onrender.com/storage-proxy/gift_assets/models/Leprechaun_2.tgs
Donut Crime 3%,https://imperator-server.onrender.com/storage-proxy/gift_assets/models/Donut_Crime_3.tgs
Metal Soul 3%,https://imperator-server.onrender.com/storage-proxy/gift_assets/models/Metal_Soul_3.tgs
Love Potion 2%,https://imperator-server.onrender.com/storage-proxy/gift_assets/models/Love_Potion_2.tgs
Caustic 1%,https://imperator-server.onrender.com/storage-proxy/gift_assets/models/Caustic_1.tgs
Witch Brew 3%,https://imperator-server.onrender.com/storage-proxy/gift_assets/models/Witch_Brew_3.tgs
Snowballs 2%,https://imperator-server.onrender.com/storage-proxy/gift_assets/models/Snowballs_2.tgs
Champagne 3%,https://imperator-server.onrender.com/storage-proxy/gift_assets/models/Champagne_3.tgs
Tennis Set 3%,https://imperator-server.onrender.com/storage-proxy/gift_assets/models/Tennis_Set_3.tgs
Mouse Hunt 1%,https://imperator-server.onrender.com/storage-proxy/gift_assets/models/Mouse_Hunt_1.tgs
College Party 3%,https://imperator-server.onrender.com/storage-proxy/gift_assets/models/College_Party_3.tgs
Porridge 3%,https://imperator-server.onrender.com/storage-proxy/gift_assets/models/Porridge_3.tgs
Fungi Soup 3%,https://imperator-server.onrender.com/storage-proxy/gift_assets/models/Fungi_Soup_3.tgs
Blood Moon 2%,https://imperator-server.onrender.com/storage-proxy/gift_assets/models/Blood_Moon_2.tgs
Viking Loot 1%,https://imperator-server.onrender.com/storage-proxy/gift_assets/models/Viking_Loot_1.tgs
Gold Miner 1%,https://imperator-server.onrender.com/storage-proxy/gift_assets/models/Gold_Miner_1.tgs
Obelix 1%,https://imperator-server.onrender.com/storage-proxy/gift_assets/models/Obelix_1.tgs
Broadside 3%,https://imperator-server.onrender.com/storage-proxy/gift_assets/models/Broadside_3.tgs
Pax Romana 1.5%,https://imperator-server.onrender.com/storage-proxy/gift_assets/models/Pax_Romana_1.tgs
Witch Doctor 0.5%,https://imperator-server.onrender.com/storage-proxy/gift_assets/models/Witch_Doctor_0.tgs
Cowboy 1.5%,https://imperator-server.onrender.com/storage-proxy/gift_assets/models/Cowboy_1.tgs
Scavenger 1.5%,https://imperator-server.onrender.com/storage-proxy/gift_assets/models/Scavenger_1.tgs
Elf Cup 3%,https://imperator-server.onrender.com/storage-proxy/gift_assets/models/Elf_Cup_3.tgs
Tortilla Chips 1.5%,https://imperator-server.onrender.com/storage-proxy/gift_assets/models/Tortilla_Chips_1.tgs
Potato Sack 1%,https://imperator-server.onrender.com/storage-proxy/gift_assets/models/Potato_Sack_1.tgs
Super Pixel 1.5%,https://imperator-server.onrender.com/storage-proxy/gift_assets/models/Super_Pixel_1.tgs
TON Holder 0.4%,https://imperator-server.onrender.com/storage-proxy/gift_assets/models/TON_Holder_0.tgs
Sauron 0.5%,https://imperator-server.onrender.com/storage-proxy/gift_assets/models/Sauron_0.tgs
Hot Sauna 1%,https://imperator-server.onrender.com/storage-proxy/gift_assets/models/Hot_Sauna_1.tgs
Straw Hat 1.5%,https://imperator-server.onrender.com/storage-proxy/gift_assets/models/Straw_Hat_1.tgs
Ammunition 0.5%,https://imperator-server.onrender.com/storage-proxy/gift_assets/models/Ammunition_0.tgs
Skibidi Toilet 0.1%,https://imperator-server.onrender.com/storage-proxy/gift_assets/models/Skibidi_Toilet_0.tgs
Turtle Shell 2%,https://imperator-server.onrender.com/storage-proxy/gift_assets/models/Turtle_Shell_2.tgs
Street Art 3%,https://imperator-server.onrender.com/storage-proxy/gift_assets/models/Street_Art_3.tgs
Rodeo King 2.5%,https://imperator-server.onrender.com/storage-proxy/gift_assets/models/Rodeo_King_2.tgs
Bloom Pack 3%,https://imperator-server.onrender.com/storage-proxy/gift_assets/models/Bloom_Pack_3.tgs
Love Letters 3%,https://imperator-server.onrender.com/storage-proxy/gift_assets/models/Love_Letters_3.tgs
Space Cat 3%,https://imperator-server.onrender.com/storage-proxy/gift_assets/models/Space_Cat_3.tgs
Angel Wings 3%,https://imperator-server.onrender.com/storage-proxy/gift_assets/models/Angel_Wings_3.tgs
Goth Gir 3%,https://imperator-server.onrender.com/storage-proxy/gift_assets/models/Goth_Gir_3.tgs
Movie Night 2.5%,https://imperator-server.onrender.com/storage-proxy/gift_assets/models/Movie_Night_2.tgs
Moon Power 1%,https://imperator-server.onrender.com/storage-proxy/gift_assets/models/Moon_Power_1.tgs
Grand Slam 2.5%,https://imperator-server.onrender.com/storage-proxy/gift_assets/models/Grand_Slam_2.tgs
Fire Show 2.5%,https://imperator-server.onrender.com/storage-proxy/gift_assets/models/Fire_Show_2.tgs
Fluffy Monster 2%,https://imperator-server.onrender.com/storage-proxy/gift_assets/models/Fluffy_Monster_2.tgs
Fast Courier 2.5%,https://imperator-server.onrender.com/storage-proxy/gift_assets/models/Fast_Courier_2.tgs
Burger Bag 3%,https://imperator-server.onrender.com/storage-proxy/gift_assets/models/Burger_Bag_3.tgs
Retro Wave 2.5%,https://imperator-server.onrender.com/storage-proxy/gift_assets/models/Retro_Wave_2.tgs
Void Beast 1%,https://imperator-server.onrender.com/storage-proxy/gift_assets/models/Void_Beast_1.tgs
Nezuko 1%,https://imperator-server.onrender.com/storage-proxy/gift_assets/models/Nezuko_1.tgs
Davy Jones 2.5%,https://imperator-server.onrender.com/storage-proxy/gift_assets/models/Davy_Jones_2.tgs
Ruby Heart 1.5%,https://imperator-server.onrender.com/storage-proxy/gift_assets/models/Ruby_Heart_1.tgs
Paladin 2.5%,https://imperator-server.onrender.com/storage-proxy/gift_assets/models/Paladin_2.tgs
Gingerbread 2.5%,https://imperator-server.onrender.com/storage-proxy/gift_assets/models/Gingerbread_2.tgs
Aquarium 2.5%,https://imperator-server.onrender.com/storage-proxy/gift_assets/models/Aquarium_2.tgs
Emo Phase 2%,https://imperator-server.onrender.com/storage-proxy/gift_assets/models/Emo_Phase_2.tgs
Bank Vault 2%,https://imperator-server.onrender.com/storage-proxy/gift_assets/models/Bank_Vault_2.tgs
Rock and Roll 2.5%,https://imperator-server.onrender.com/storage-proxy/gift_assets/models/Rock_and_Roll_2.tgs
Rare Drop 1.5%,https://imperator-server.onrender.com/storage-proxy/gift_assets/models/Rare_Drop_1.tgs
Star Pupil 3%,https://imperator-server.onrender.com/storage-proxy/gift_assets/models/Star_Pupil_3.tgs
Striker 2.5%,https://imperator-server.onrender.com/storage-proxy/gift_assets/models/Striker_2.tgs
Crystal Scarab 1.5%,https://imperator-server.onrender.com/storage-proxy/gift_assets/models/Crystal_Scarab_1.tgs
Infernal Goat 1.5%,https://imperator-server.onrender.com/storage-proxy/gift_assets/models/Infernal_Goat_1.tgs
Croc Sack 3%,https://imperator-server.onrender.com/storage-proxy/gift_assets/models/Croc_Sack_3.tgs
Jolly Roger 1%,https://imperator-server.onrender.com/storage-proxy/gift_assets/models/Jolly_Roger_1.tgs
VIP Pass 1.5%,https://imperator-server.onrender.com/storage-proxy/gift_assets/models/VIP_Pass_1.tgs
Road Rebel 2%,https://imperator-server.onrender.com/storage-proxy/gift_assets/models/Road_Rebel_2.tgs
Master Angler 2.5%,https://imperator-server.onrender.com/storage-proxy/gift_assets/models/Master_Angler_2.tgs
Golden Dragon 1%,https://imperator-server.onrender.com/storage-proxy/gift_assets/models/Golden_Dragon_1.tgs
Lady Arcana 1%,https://imperator-server.onrender.com/storage-proxy/gift_assets/models/Lady_Arcana_1.tgs
Fashionista 2.5%,https://imperator-server.onrender.com/storage-proxy/gift_assets/models/Fashionista_2.tgs
Laika Dog 1%,https://imperator-server.onrender.com/storage-proxy/gift_assets/models/Laika_Dog_1.tgs
Plush Shark 2%,https://imperator-server.onrender.com/storage-proxy/gift_assets/models/Plush_Shark_2.tgs
Cat Pack 3%,https://imperator-server.onrender.com/storage-proxy/gift_assets/models/Cat_Pack_3.tgs
Travel Duck 1%,https://imperator-server.onrender.com/storage-proxy/gift_assets/models/Travel_Duck_1.tgs
Battle Royale 0.5%,https://imperator-server.onrender.com/storage-proxy/gift_assets/models/Battle_Royale_0.tgs
Proton Pack 0.5%,https://imperator-server.onrender.com/storage-proxy/gift_assets/models/Proton_Pack_0.tgs
Wanderer 2.5%,https://imperator-server.onrender.com/storage-proxy/gift_assets/models/Wanderer_2.tgs
Net Worth 0.5%,https://imperator-server.onrender.com/storage-proxy/gift_assets/models/Net_Worth_0.tgs
Pepe Unleashed 0.5%,https://imperator-server.onrender.com/storage-proxy/gift_assets/models/Pepe_Unleashed_0.tgs
Jetpack 0.5%,https://imperator-server.onrender.com/storage-proxy/gift_assets/models/Jetpack_0.tgs
Sunset Rose 3%,https://imperator-server.onrender.com/storage-proxy/gift_assets/models/Sunset_Rose_3.tgs
Stellar Grace 3%,https://imperator-server.onrender.com/storage-proxy/gift_assets/models/Stellar_Grace_3.tgs
Dawn Mirror 2%,https://imperator-server.onrender.com/storage-proxy/gift_assets/models/Dawn_Mirror_2.tgs
Little Star 2.5%,https://imperator-server.onrender.com/storage-proxy/gift_assets/models/Little_Star_2.tgs
Titanium 3%,https://imperator-server.onrender.com/storage-proxy/gift_assets/models/Titanium_3.tgs
Moon Tears 1.5%,https://imperator-server.onrender.com/storage-proxy/gift_assets/models/Moon_Tears_1.tgs
Starlit Silver 1.5%,https://imperator-server.onrender.com/storage-proxy/gift_assets/models/Starlit_Silver_1.tgs
Golden Moon 3%,https://imperator-server.onrender.com/storage-proxy/gift_assets/models/Golden_Moon_3.tgs
Lunar Orbit 2%,https://imperator-server.onrender.com/storage-proxy/gift_assets/models/Lunar_Orbit_2.tgs
Emerald 3%,https://imperator-server.onrender.com/storage-proxy/gift_assets/models/Emerald_3.tgs
Silver Moon 3%,https://imperator-server.onrender.com/storage-proxy/gift_assets/models/Silver_Moon_3.tgs
Glass Rainbow 2.5%,https://imperator-server.onrender.com/storage-proxy/gift_assets/models/Glass_Rainbow_2.tgs
Pearl Rose 2%,https://imperator-server.onrender.com/storage-proxy/gift_assets/models/Pearl_Rose_2.tgs
Carved Gold 2%,https://imperator-server.onrender.com/storage-proxy/gift_assets/models/Carved_Gold_2.tgs
Shiny Sparks 1.5%,https://imperator-server.onrender.com/storage-proxy/gift_assets/models/Shiny_Sparks_1.tgs
Sand Dune 2%,https://imperator-server.onrender.com/storage-proxy/gift_assets/models/Sand_Dune_2.tgs
Mirage 2%,https://imperator-server.onrender.com/storage-proxy/gift_assets/models/Mirage_2.tgs
Precious Pearl 2%,https://imperator-server.onrender.com/storage-proxy/gift_assets/models/Precious_Pearl_2.tgs
Copper Alloy 3%,https://imperator-server.onrender.com/storage-proxy/gift_assets/models/Copper_Alloy_3.tgs
Circle Glare 2.5%,https://imperator-server.onrender.com/storage-proxy/gift_assets/models/Circle_Glare_2.tgs
Eternal Rose 1.5%,https://imperator-server.onrender.com/storage-proxy/gift_assets/models/Eternal_Rose_1.tgs
Twilight Wish 1.5%,https://imperator-server.onrender.com/storage-proxy/gift_assets/models/Twilight_Wish_1.tgs
Sapphires 2.5%,https://imperator-server.onrender.com/storage-proxy/gift_assets/models/Sapphires_2.tgs
Liquid Gold 3%,https://imperator-server.onrender.com/storage-proxy/gift_assets/models/Liquid_Gold_3.tgs
Frozen Light 3%,https://imperator-server.onrender.com/storage-proxy/gift_assets/models/Frozen_Light_3.tgs
Sea Jewel 2%,https://imperator-server.onrender.com/storage-proxy/gift_assets/models/Sea_Jewel_2.tgs
Silver Tree 0.5%,https://imperator-server.onrender.com/storage-proxy/gift_assets/models/Silver_Tree_0.tgs
Gratitude 2.5%,https://imperator-server.onrender.com/storage-proxy/gift_assets/models/Gratitude_2.tgs
Golden Palace 2%,https://imperator-server.onrender.com/storage-proxy/gift_assets/models/Golden_Palace_2.tgs
Desert Night 3%,https://imperator-server.onrender.com/storage-proxy/gift_assets/models/Desert_Night_3.tgs
Eclipse 2%,https://imperator-server.onrender.com/storage-proxy/gift_assets/models/Eclipse_2.tgs
Ruby Core 3%,https://imperator-server.onrender.com/storage-proxy/gift_assets/models/Ruby_Core_3.tgs
Diamond Tear 2.5%,https://imperator-server.onrender.com/storage-proxy/gift_assets/models/Diamond_Tear_2.tgs
Silver Blue 2.5%,https://imperator-server.onrender.com/storage-proxy/gift_assets/models/Silver_Blue_2.tgs
Royal Purple 2%,https://imperator-server.onrender.com/storage-proxy/gift_assets/models/Royal_Purple_2.tgs
Rosethorn 1%,https://imperator-server.onrender.com/storage-proxy/gift_assets/models/Rosethorn_1.tgs
Silver Lace 1.5%,https://imperator-server.onrender.com/storage-proxy/gift_assets/models/Silver_Lace_1.tgs
Princess 0.5%,https://imperator-server.onrender.com/storage-proxy/gift_assets/models/Princess_0.tgs
Jade Vines 0.5%,https://imperator-server.onrender.com/storage-proxy/gift_assets/models/Jade_Vines_0.tgs
Rosewood 1.5%,https://imperator-server.onrender.com/storage-proxy/gift_assets/models/Rosewood_1.tgs
Azurite 1%,https://imperator-server.onrender.com/storage-proxy/gift_assets/models/Azurite_1.tgs
Harmony 1%,https://imperator-server.onrender.com/storage-proxy/gift_assets/models/Harmony_1.tgs
Calm Sunset 2%,https://imperator-server.onrender.com/storage-proxy/gift_assets/models/Calm_Sunset_2.tgs
Starry Night 0.5%,https://imperator-server.onrender.com/storage-proxy/gift_assets/models/Starry_Night_0.tgs
Frosted Green 1.5%,https://imperator-server.onrender.com/storage-proxy/gift_assets/models/Frosted_Green_1.tgs
Italian Pie 3%,https://imperator-server.onrender.com/storage-proxy/gift_assets/models/Italian_Pie_3.tgs
Purple Star 2.5%,https://imperator-server.onrender.com/storage-proxy/gift_assets/models/Purple_Star_2.tgs
Butterflies 2%,https://imperator-server.onrender.com/storage-proxy/gift_assets/models/Butterflies_2.tgs
Toxic Frog 1.5%,https://imperator-server.onrender.com/storage-proxy/gift_assets/models/Toxic_Frog_1.tgs
Pony Princess 2.5%,https://imperator-server.onrender.com/storage-proxy/gift_assets/models/Pony_Princess_2.tgs
Cursed Apple 0.5%,https://imperator-server.onrender.com/storage-proxy/gift_assets/models/Cursed_Apple_0.tgs
Rose Bouquet 2.5%,https://imperator-server.onrender.com/storage-proxy/gift_assets/models/Rose_Bouquet_2.tgs
Meatcake 2%,https://imperator-server.onrender.com/storage-proxy/gift_assets/models/Meatcake_2.tgs
Razzle Dazzle 3%,https://imperator-server.onrender.com/storage-proxy/gift_assets/models/Razzle_Dazzle_3.tgs
Rock Band 2%,https://imperator-server.onrender.com/storage-proxy/gift_assets/models/Rock_Band_2.tgs
Glacier 3%,https://imperator-server.onrender.com/storage-proxy/gift_assets/models/Glacier_3.tgs
Meringue 3%,https://imperator-server.onrender.com/storage-proxy/gift_assets/models/Meringue_3.tgs
Harvest 2%,https://imperator-server.onrender.com/storage-proxy/gift_assets/models/Harvest_2.tgs
Gummy Bears 3%,https://imperator-server.onrender.com/storage-proxy/gift_assets/models/Gummy_Bears_3.tgs
Froggy Pond 3%,https://imperator-server.onrender.com/storage-proxy/gift_assets/models/Froggy_Pond_3.tgs
Chocolate 3%,https://imperator-server.onrender.com/storage-proxy/gift_assets/models/Chocolate_3.tgs
Starry Night 1.5%,https://imperator-server.onrender.com/storage-proxy/gift_assets/models/Starry_Night_1.tgs
Sweet Music 3%,https://imperator-server.onrender.com/storage-proxy/gift_assets/models/Sweet_Music_3.tgs
Ice Cream 2.5%,https://imperator-server.onrender.com/storage-proxy/gift_assets/models/Ice_Cream_2.tgs
Romance 2%,https://imperator-server.onrender.com/storage-proxy/gift_assets/models/Romance_2.tgs
Mermaid 2.5%,https://imperator-server.onrender.com/storage-proxy/gift_assets/models/Mermaid_2.tgs
Luxury Taste 1%,https://imperator-server.onrender.com/storage-proxy/gift_assets/models/Luxury_Taste_1.tgs
Fiesta Muerta 2.5%,https://imperator-server.onrender.com/storage-proxy/gift_assets/models/Fiesta_Muerta_2.tgs
Treasure 2%,https://imperator-server.onrender.com/storage-proxy/gift_assets/models/Treasure_2.tgs
Wicked Pie 1.5%,https://imperator-server.onrender.com/storage-proxy/gift_assets/models/Wicked_Pie_1.tgs
Honey Cake 3%,https://imperator-server.onrender.com/storage-proxy/gift_assets/models/Honey_Cake_3.tgs
Scarlet Drip 2%,https://imperator-server.onrender.com/storage-proxy/gift_assets/models/Scarlet_Drip_2.tgs
Cheesecake 2.5%,https://imperator-server.onrender.com/storage-proxy/gift_assets/models/Cheesecake_2.tgs
Suprematism 0.4%,https://imperator-server.onrender.com/storage-proxy/gift_assets/models/Suprematism_0.tgs
Velvet Crown 2.5%,https://imperator-server.onrender.com/storage-proxy/gift_assets/models/Velvet_Crown_2.tgs
Checkmate 2%,https://imperator-server.onrender.com/storage-proxy/gift_assets/models/Checkmate_2.tgs
Purple Geode 1.5%,https://imperator-server.onrender.com/storage-proxy/gift_assets/models/Purple_Geode_1.tgs
Gemstones 2%,https://imperator-server.onrender.com/storage-proxy/gift_assets/models/Gemstones_2.tgs
Opal Cherry 2%,https://imperator-server.onrender.com/storage-proxy/gift_assets/models/Opal_Cherry_2.tgs
Sugar Bricks 2.5%,https://imperator-server.onrender.com/storage-proxy/gift_assets/models/Sugar_Bricks_2.tgs
Angel Cake 2%,https://imperator-server.onrender.com/storage-proxy/gift_assets/models/Angel_Cake_2.tgs
Double King 1%,https://imperator-server.onrender.com/storage-proxy/gift_assets/models/Double_King_1.tgs
Bubble Jar 3%,https://imperator-server.onrender.com/storage-proxy/gift_assets/models/Bubble_Jar_3.tgs
Circus Show 2.5%,https://imperator-server.onrender.com/storage-proxy/gift_assets/models/Circus_Show_2.tgs
Sky Peacock 2%,https://imperator-server.onrender.com/storage-proxy/gift_assets/models/Sky_Peacock_2.tgs
Film Noir 3%,https://imperator-server.onrender.com/storage-proxy/gift_assets/models/Film_Noir_3.tgs
Overlook 1%,https://imperator-server.onrender.com/storage-proxy/gift_assets/models/Overlook_1.tgs
Perfect Match 3%,https://imperator-server.onrender.com/storage-proxy/gift_assets/models/Perfect_Match_3.tgs
Imperial 0.5%,https://imperator-server.onrender.com/storage-proxy/gift_assets/models/Imperial_0.tgs
Solar System 1.5%,https://imperator-server.onrender.com/storage-proxy/gift_assets/models/Solar_System_1.tgs
Mad Hatter 1.5%,https://imperator-server.onrender.com/storage-proxy/gift_assets/models/Mad_Hatter_1.tgs
Hollow Night 0.5%,https://imperator-server.onrender.com/storage-proxy/gift_assets/models/Hollow_Night_0.tgs
Still Alive 0.1%,https://imperator-server.onrender.com/storage-proxy/gift_assets/models/Still_Alive_0.tgs
Monster Cake 0.5%,https://imperator-server.onrender.com/storage-proxy/gift_assets/models/Monster_Cake_0.tgs
Crypto Chips 0.5%,https://imperator-server.onrender.com/storage-proxy/gift_assets/models/Crypto_Chips_0.tgs
Mantis 3%,https://imperator-server.onrender.com/storage-proxy/gift_assets/models/Mantis_3.tgs
Market Rally 1.5%,https://imperator-server.onrender.com/storage-proxy/gift_assets/models/Market_Rally_1.tgs
Pug Royale 2%,https://imperator-server.onrender.com/storage-proxy/gift_assets/models/Pug_Royale_2.tgs
Rose Gold 3.5%,https://imperator-server.onrender.com/storage-proxy/gift_assets/models/Rose_Gold_3.tgs
Rainbow Pills 2%,https://imperator-server.onrender.com/storage-proxy/gift_assets/models/Rainbow_Pills_2.tgs
Ouroboros 1.5%,https://imperator-server.onrender.com/storage-proxy/gift_assets/models/Ouroboros_1.tgs
Interstellar 0.5%,https://imperator-server.onrender.com/storage-proxy/gift_assets/models/Interstellar_0.tgs
Hologram 2.5%,https://imperator-server.onrender.com/storage-proxy/gift_assets/models/Hologram_2.tgs
Neon Tube 2.5%,https://imperator-server.onrender.com/storage-proxy/gift_assets/models/Neon_Tube_2.tgs
Candle Wax 2%,https://imperator-server.onrender.com/storage-proxy/gift_assets/models/Candle_Wax_2.tgs
Argent 3.5%,https://imperator-server.onrender.com/storage-proxy/gift_assets/models/Argent_3.tgs
Needle 2.5%,https://imperator-server.onrender.com/storage-proxy/gift_assets/models/Needle_2.tgs
Blue Velvet 1%,https://imperator-server.onrender.com/storage-proxy/gift_assets/models/Blue_Velvet_1.tgs
Crypto Gem 1.5%,https://imperator-server.onrender.com/storage-proxy/gift_assets/models/Crypto_Gem_1.tgs
Moon Cat 1.5%,https://imperator-server.onrender.com/storage-proxy/gift_assets/models/Moon_Cat_1.tgs
Aqua Ring 1.5%,https://imperator-server.onrender.com/storage-proxy/gift_assets/models/Aqua_Ring_1.tgs
Blue Dolphin 1.5%,https://imperator-server.onrender.com/storage-proxy/gift_assets/models/Blue_Dolphin_1.tgs
Mario Pipe 1.5%,https://imperator-server.onrender.com/storage-proxy/gift_assets/models/Mario_Pipe_1.tgs
Rusty Nail 2.5%,https://imperator-server.onrender.com/storage-proxy/gift_assets/models/Rusty_Nail_2.tgs
X-Ray 2.5%,https://imperator-server.onrender.com/storage-proxy/gift_assets/models/X-Ray_2.tgs
Explosive 2.5%,https://imperator-server.onrender.com/storage-proxy/gift_assets/models/Explosive_2.tgs
Pepe Band 1.5%,https://imperator-server.onrender.com/storage-proxy/gift_assets/models/Pepe_Band_1.tgs
Firebronze 3%,https://imperator-server.onrender.com/storage-proxy/gift_assets/models/Firebronze_3.tgs
Jade Serpent 3%,https://imperator-server.onrender.com/storage-proxy/gift_assets/models/Jade_Serpent_3.tgs
Hachikō 1.5%,https://imperator-server.onrender.com/storage-proxy/gift_assets/models/Hachikō_1.tgs
Vague Dream 2.5%,https://imperator-server.onrender.com/storage-proxy/gift_assets/models/Vague_Dream_2.tgs
Ultramarine 3.5%,https://imperator-server.onrender.com/storage-proxy/gift_assets/models/Ultramarine_3.tgs
Skyline 3.5%,https://imperator-server.onrender.com/storage-proxy/gift_assets/models/Skyline_3.tgs
Pearl Glam 1.5%,https://imperator-server.onrender.com/storage-proxy/gift_assets/models/Pearl_Glam_1.tgs
Monster Eye 2%,https://imperator-server.onrender.com/storage-proxy/gift_assets/models/Monster_Eye_2.tgs
Duck Amulet 1.5%,https://imperator-server.onrender.com/storage-proxy/gift_assets/models/Duck_Amulet_1.tgs
Resistance 1.5%,https://imperator-server.onrender.com/storage-proxy/gift_assets/models/Resistance_1.tgs
Rose Thorn 3.5%,https://imperator-server.onrender.com/storage-proxy/gift_assets/models/Rose_Thorn_3.tgs
Ocelot 1.5%,https://imperator-server.onrender.com/storage-proxy/gift_assets/models/Ocelot_1.tgs
Pencil 2%,https://imperator-server.onrender.com/storage-proxy/gift_assets/models/Pencil_2.tgs
Red Fang 3.5%,https://imperator-server.onrender.com/storage-proxy/gift_assets/models/Red_Fang_3.tgs
Tesla Coil 1.5%,https://imperator-server.onrender.com/storage-proxy/gift_assets/models/Tesla_Coil_1.tgs
Scorpio 1.5%,https://imperator-server.onrender.com/storage-proxy/gift_assets/models/Scorpio_1.tgs
Black Panther 1.5%,https://imperator-server.onrender.com/storage-proxy/gift_assets/models/Black_Panther_1.tgs
Mystic Copper 0.5%,https://imperator-server.onrender.com/storage-proxy/gift_assets/models/Mystic_Copper_0.tgs
Shadow 3.5%,https://imperator-server.onrender.com/storage-proxy/gift_assets/models/Shadow_3.tgs
Nuclear Silo 2%,https://imperator-server.onrender.com/storage-proxy/gift_assets/models/Nuclear_Silo_2.tgs
Succubus 1.5%,https://imperator-server.onrender.com/storage-proxy/gift_assets/models/Succubus_1.tgs
Pure Amber 3%,https://imperator-server.onrender.com/storage-proxy/gift_assets/models/Pure_Amber_3.tgs
Hypno Kaa 1%,https://imperator-server.onrender.com/storage-proxy/gift_assets/models/Hypno_Kaa_1.tgs
Cat Person 1.5%,https://imperator-server.onrender.com/storage-proxy/gift_assets/models/Cat_Person_1.tgs
Gold Rush 0.5%,https://imperator-server.onrender.com/storage-proxy/gift_assets/models/Gold_Rush_0.tgs
Heavy Metal 1.5%,https://imperator-server.onrender.com/storage-proxy/gift_assets/models/Heavy_Metal_1.tgs
Carrot Bunny 1.5%,https://imperator-server.onrender.com/storage-proxy/gift_assets/models/Carrot_Bunny_1.tgs
Cotton Drift 2.5%,https://imperator-server.onrender.com/storage-proxy/gift_assets/models/Cotton_Drift_2.tgs
Unicorn 1%,https://imperator-server.onrender.com/storage-proxy/gift_assets/models/Unicorn_1.tgs
Panther 2.5%,https://imperator-server.onrender.com/storage-proxy/gift_assets/models/Panther_2.tgs
Strawberry 2%,https://imperator-server.onrender.com/storage-proxy/gift_assets/models/Strawberry_2.tgs
Blackout 2.3%,https://imperator-server.onrender.com/storage-proxy/gift_assets/models/Blackout_2.tgs
Jade Breeze 2.5%,https://imperator-server.onrender.com/storage-proxy/gift_assets/models/Jade_Breeze_2.tgs
Acid Punch 2.7%,https://imperator-server.onrender.com/storage-proxy/gift_assets/models/Acid_Punch_2.tgs
Hothead 2.5%,https://imperator-server.onrender.com/storage-proxy/gift_assets/models/Hothead_2.tgs
Whiteout 2.3%,https://imperator-server.onrender.com/storage-proxy/gift_assets/models/Whiteout_2.tgs
Retro-Future 1%,https://imperator-server.onrender.com/storage-proxy/gift_assets/models/Retro-Future_1.tgs
Shockwave 2.7%,https://imperator-server.onrender.com/storage-proxy/gift_assets/models/Shockwave_2.tgs
Silver Surfer 2.7%,https://imperator-server.onrender.com/storage-proxy/gift_assets/models/Silver_Surfer_2.tgs
Lightspeed 2%,https://imperator-server.onrender.com/storage-proxy/gift_assets/models/Lightspeed_2.tgs
Maneki Neko 1%,https://imperator-server.onrender.com/storage-proxy/gift_assets/models/Maneki_Neko_1.tgs
Solar Glare 2.7%,https://imperator-server.onrender.com/storage-proxy/gift_assets/models/Solar_Glare_2.tgs
Love Ghost 1%,https://imperator-server.onrender.com/storage-proxy/gift_assets/models/Love_Ghost_1.tgs
Lime Juice 2.7%,https://imperator-server.onrender.com/storage-proxy/gift_assets/models/Lime_Juice_2.tgs
Lagoon 2.5%,https://imperator-server.onrender.com/storage-proxy/gift_assets/models/Lagoon_2.tgs
Tokyo Sunset 2.5%,https://imperator-server.onrender.com/storage-proxy/gift_assets/models/Tokyo_Sunset_2.tgs
Ultravolt 2.5%,https://imperator-server.onrender.com/storage-proxy/gift_assets/models/Ultravolt_2.tgs
Grey Shark 1.5%,https://imperator-server.onrender.com/storage-proxy/gift_assets/models/Grey_Shark_1.tgs
Savage 1%,https://imperator-server.onrender.com/storage-proxy/gift_assets/models/Savage_1.tgs
Starry Sky 1.5%,https://imperator-server.onrender.com/storage-proxy/gift_assets/models/Starry_Sky_1.tgs
Copper Alloy 2.7%,https://imperator-server.onrender.com/storage-proxy/gift_assets/models/Copper_Alloy_2.tgs
Hornet 2.5%,https://imperator-server.onrender.com/storage-proxy/gift_assets/models/Hornet_2.tgs
Nebula 2.5%,https://imperator-server.onrender.com/storage-proxy/gift_assets/models/Nebula_2.tgs
Chrome 2%,https://imperator-server.onrender.com/storage-proxy/gift_assets/models/Chrome_2.tgs
Gold Rush 1.5%,https://imperator-server.onrender.com/storage-proxy/gift_assets/models/Gold_Rush_1.tgs
Astronaut 1%,https://imperator-server.onrender.com/storage-proxy/gift_assets/models/Astronaut_1.tgs
Red Shift 2.5%,https://imperator-server.onrender.com/storage-proxy/gift_assets/models/Red_Shift_2.tgs
Night Race 2.5%,https://imperator-server.onrender.com/storage-proxy/gift_assets/models/Night_Race_2.tgs
Cookie Monster 1%,https://imperator-server.onrender.com/storage-proxy/gift_assets/models/Cookie_Monster_1.tgs
Road Queen 1%,https://imperator-server.onrender.com/storage-proxy/gift_assets/models/Road_Queen_1.tgs
Wild Cat 0.5%,https://imperator-server.onrender.com/storage-proxy/gift_assets/models/Wild_Cat_0.tgs
Twister 2%,https://imperator-server.onrender.com/storage-proxy/gift_assets/models/Twister_2.tgs
Biker Girl 2%,https://imperator-server.onrender.com/storage-proxy/gift_assets/models/Biker_Girl_2.tgs
Caffeine 2.7%,https://imperator-server.onrender.com/storage-proxy/gift_assets/models/Caffeine_2.tgs
Poison Ivy 2%,https://imperator-server.onrender.com/storage-proxy/gift_assets/models/Poison_Ivy_2.tgs
White Rabbit 0.5%,https://imperator-server.onrender.com/storage-proxy/gift_assets/models/White_Rabbit_0.tgs
Dullahan 1%,https://imperator-server.onrender.com/storage-proxy/gift_assets/models/Dullahan_1.tgs
Optimus Prime 2.5%,https://imperator-server.onrender.com/storage-proxy/gift_assets/models/Optimus_Prime_2.tgs
Techno 2%,https://imperator-server.onrender.com/storage-proxy/gift_assets/models/Techno_2.tgs
Wild Daisy 1%,https://imperator-server.onrender.com/storage-proxy/gift_assets/models/Wild_Daisy_1.tgs
Glitch 1%,https://imperator-server.onrender.com/storage-proxy/gift_assets/models/Glitch_1.tgs
Sonic Rave 1%,https://imperator-server.onrender.com/storage-proxy/gift_assets/models/Sonic_Rave_1.tgs
Formula One 1%,https://imperator-server.onrender.com/storage-proxy/gift_assets/models/Formula_One_1.tgs
Frostbear 1%,https://imperator-server.onrender.com/storage-proxy/gift_assets/models/Frostbear_1.tgs
Ladybug 1.5%,https://imperator-server.onrender.com/storage-proxy/gift_assets/models/Ladybug_1.tgs
Databreak 2.5%,https://imperator-server.onrender.com/storage-proxy/gift_assets/models/Databreak_2.tgs
Princess 1%,https://imperator-server.onrender.com/storage-proxy/gift_assets/models/Princess_1.tgs
Steampunk 1.5%,https://imperator-server.onrender.com/storage-proxy/gift_assets/models/Steampunk_1.tgs
Mad Clown 0.5%,https://imperator-server.onrender.com/storage-proxy/gift_assets/models/Mad_Clown_0.tgs
Queen Bee 1%,https://imperator-server.onrender.com/storage-proxy/gift_assets/models/Queen_Bee_1.tgs
Turbo Frog 0.5%,https://imperator-server.onrender.com/storage-proxy/gift_assets/models/Turbo_Frog_0.tgs
Hell Rider 1%,https://imperator-server.onrender.com/storage-proxy/gift_assets/models/Hell_Rider_1.tgs
Dalmatian 0.5%,https://imperator-server.onrender.com/storage-proxy/gift_assets/models/Dalmatian_0.tgs
Bulldog Bob 0.5%,https://imperator-server.onrender.com/storage-proxy/gift_assets/models/Bulldog_Bob_0.tgs
Sky Diver 0.5%,https://imperator-server.onrender.com/storage-proxy/gift_assets/models/Sky_Diver_0.tgs
Red Burst 1.4%,https://imperator-server.onrender.com/storage-proxy/gift_assets/models/Red_Burst_1.tgs
Hot Handle 1.3%,https://imperator-server.onrender.com/storage-proxy/gift_assets/models/Hot_Handle_1.tgs
Green Light 1.4%,https://imperator-server.onrender.com/storage-proxy/gift_assets/models/Green_Light_1.tgs
Indigo Dance 1.4%,https://imperator-server.onrender.com/storage-proxy/gift_assets/models/Indigo_Dance_1.tgs
Anemone 1.3%,https://imperator-server.onrender.com/storage-proxy/gift_assets/models/Anemone_1.tgs
Little Fairy 1.4%,https://imperator-server.onrender.com/storage-proxy/gift_assets/models/Little_Fairy_1.tgs
Marksman 1.1%,https://imperator-server.onrender.com/storage-proxy/gift_assets/models/Marksman_1.tgs
Al Capone 0.9%,https://imperator-server.onrender.com/storage-proxy/gift_assets/models/Al_Capone_0.tgs
Burnt End 1.3%,https://imperator-server.onrender.com/storage-proxy/gift_assets/models/Burnt_End_1.tgs
Iris Shine 1.1%,https://imperator-server.onrender.com/storage-proxy/gift_assets/models/Iris_Shine_1.tgs
Candy Goth 0.9%,https://imperator-server.onrender.com/storage-proxy/gift_assets/models/Candy_Goth_0.tgs
Classic 1.3%,https://imperator-server.onrender.com/storage-proxy/gift_assets/models/Classic_1.tgs
Hot Core 1.3%,https://imperator-server.onrender.com/storage-proxy/gift_assets/models/Hot_Core_1.tgs
Phosphor 1.3%,https://imperator-server.onrender.com/storage-proxy/gift_assets/models/Phosphor_1.tgs
Glenda 0.9%,https://imperator-server.onrender.com/storage-proxy/gift_assets/models/Glenda_0.tgs
Hellfire 1.3%,https://imperator-server.onrender.com/storage-proxy/gift_assets/models/Hellfire_1.tgs
Shimmer 0.9%,https://imperator-server.onrender.com/storage-proxy/gift_assets/models/Shimmer_0.tgs
Franky 0.9%,https://imperator-server.onrender.com/storage-proxy/gift_assets/models/Franky_0.tgs
Cool Hue 1.3%,https://imperator-server.onrender.com/storage-proxy/gift_assets/models/Cool_Hue_1.tgs
La Bomba 0.4%,https://imperator-server.onrender.com/storage-proxy/gift_assets/models/La_Bomba_0.tgs
Tutti Frutti 1.3%,https://imperator-server.onrender.com/storage-proxy/gift_assets/models/Tutti_Frutti_1.tgs
Neo Tokyo 0.9%,https://imperator-server.onrender.com/storage-proxy/gift_assets/models/Neo_Tokyo_0.tgs
Lady Serenity 0.9%,https://imperator-server.onrender.com/storage-proxy/gift_assets/models/Lady_Serenity_0.tgs
Neon Pink 1.4%,https://imperator-server.onrender.com/storage-proxy/gift_assets/models/Neon_Pink_1.tgs
Bronze 0.9%,https://imperator-server.onrender.com/storage-proxy/gift_assets/models/Bronze_0.tgs
Druidic 0.7%,https://imperator-server.onrender.com/storage-proxy/gift_assets/models/Druidic_0.tgs
Bubblegum 1.4%,https://imperator-server.onrender.com/storage-proxy/gift_assets/models/Bubblegum_1.tgs
Mai Tai 1.3%,https://imperator-server.onrender.com/storage-proxy/gift_assets/models/Mai_Tai_1.tgs
Azurite 1.3%,https://imperator-server.onrender.com/storage-proxy/gift_assets/models/Azurite_1.tgs
Violet Rave 1.3%,https://imperator-server.onrender.com/storage-proxy/gift_assets/models/Violet_Rave_1.tgs
Pika Pika 0.7%,https://imperator-server.onrender.com/storage-proxy/gift_assets/models/Pika_Pika_0.tgs
Lime Time 1.3%,https://imperator-server.onrender.com/storage-proxy/gift_assets/models/Lime_Time_1.tgs
Teal Polish 1.1%,https://imperator-server.onrender.com/storage-proxy/gift_assets/models/Teal_Polish_1.tgs
Punk Pink 1.3%,https://imperator-server.onrender.com/storage-proxy/gift_assets/models/Punk_Pink_1.tgs
Seafoam 1.4%,https://imperator-server.onrender.com/storage-proxy/gift_assets/models/Seafoam_1.tgs
Chosen One 0.9%,https://imperator-server.onrender.com/storage-proxy/gift_assets/models/Chosen_One_0.tgs
Red Hot 1.3%,https://imperator-server.onrender.com/storage-proxy/gift_assets/models/Red_Hot_1.tgs
Party Hard 0.4%,https://imperator-server.onrender.com/storage-proxy/gift_assets/models/Party_Hard_0.tgs
Mint Stick 1.3%,https://imperator-server.onrender.com/storage-proxy/gift_assets/models/Mint_Stick_1.tgs
Purple Rain 1.4%,https://imperator-server.onrender.com/storage-proxy/gift_assets/models/Purple_Rain_1.tgs
Airsoft 1.1%,https://imperator-server.onrender.com/storage-proxy/gift_assets/models/Airsoft_1.tgs
Birthday 0.9%,https://imperator-server.onrender.com/storage-proxy/gift_assets/models/Birthday_0.tgs
Cobalt 1.1%,https://imperator-server.onrender.com/storage-proxy/gift_assets/models/Cobalt_1.tgs
Copper 1.1%,https://imperator-server.onrender.com/storage-proxy/gift_assets/models/Copper_1.tgs
Rainbow 1.3%,https://imperator-server.onrender.com/storage-proxy/gift_assets/models/Rainbow_1.tgs
Cyan Sizzle 1.4%,https://imperator-server.onrender.com/storage-proxy/gift_assets/models/Cyan_Sizzle_1.tgs
Iridescent 1.3%,https://imperator-server.onrender.com/storage-proxy/gift_assets/models/Iridescent_1.tgs
Carapace 0.9%,https://imperator-server.onrender.com/storage-proxy/gift_assets/models/Carapace_0.tgs
Safety First 0.9%,https://imperator-server.onrender.com/storage-proxy/gift_assets/models/Safety_First_0.tgs
Amethyst 1.4%,https://imperator-server.onrender.com/storage-proxy/gift_assets/models/Amethyst_1.tgs
Punk Caster 0.9%,https://imperator-server.onrender.com/storage-proxy/gift_assets/models/Punk_Caster_0.tgs
Privacy 0.7%,https://imperator-server.onrender.com/storage-proxy/gift_assets/models/Privacy_0.tgs
Blueberry 0.9%,https://imperator-server.onrender.com/storage-proxy/gift_assets/models/Blueberry_0.tgs
Cupid Caster 0.9%,https://imperator-server.onrender.com/storage-proxy/gift_assets/models/Cupid_Caster_0.tgs
Lord Vader 0.9%,https://imperator-server.onrender.com/storage-proxy/gift_assets/models/Lord_Vader_0.tgs
Sailor Moon 0.9%,https://imperator-server.onrender.com/storage-proxy/gift_assets/models/Sailor_Moon_0.tgs
Mint Powder 1.3%,https://imperator-server.onrender.com/storage-proxy/gift_assets/models/Mint_Powder_1.tgs
Kenobi 0.9%,https://imperator-server.onrender.com/storage-proxy/gift_assets/models/Kenobi_0.tgs
Patina Chrome 1.1%,https://imperator-server.onrender.com/storage-proxy/gift_assets/models/Patina_Chrome_1.tgs
Running Hot 0.9%,https://imperator-server.onrender.com/storage-proxy/gift_assets/models/Running_Hot_0.tgs
Timebomb 0.9%,https://imperator-server.onrender.com/storage-proxy/gift_assets/models/Timebomb_0.tgs
Crystal 0.9%,https://imperator-server.onrender.com/storage-proxy/gift_assets/models/Crystal_0.tgs
Assault 0.9%,https://imperator-server.onrender.com/storage-proxy/gift_assets/models/Assault_0.tgs
Windy Day 0.7%,https://imperator-server.onrender.com/storage-proxy/gift_assets/models/Windy_Day_0.tgs
Yoshi Green 0.9%,https://imperator-server.onrender.com/storage-proxy/gift_assets/models/Yoshi_Green_0.tgs
Blue Sparks 0.9%,https://imperator-server.onrender.com/storage-proxy/gift_assets/models/Blue_Sparks_0.tgs
Green Stripe 1.3%,https://imperator-server.onrender.com/storage-proxy/gift_assets/models/Green_Stripe_1.tgs
Holographic 0.9%,https://imperator-server.onrender.com/storage-proxy/gift_assets/models/Holographic_0.tgs
Superpower 0.4%,https://imperator-server.onrender.com/storage-proxy/gift_assets/models/Superpower_0.tgs
Golden Gun 0.9%,https://imperator-server.onrender.com/storage-proxy/gift_assets/models/Golden_Gun_0.tgs
Sonic Blue 0.9%,https://imperator-server.onrender.com/storage-proxy/gift_assets/models/Sonic_Blue_0.tgs
Dynamite 0.9%,https://imperator-server.onrender.com/storage-proxy/gift_assets/models/Dynamite_0.tgs
Ninja Turtle 1.3%,https://imperator-server.onrender.com/storage-proxy/gift_assets/models/Ninja_Turtle_1.tgs
Ruby Shine 1.1%,https://imperator-server.onrender.com/storage-proxy/gift_assets/models/Ruby_Shine_1.tgs
Le Pepe 0.9%,https://imperator-server.onrender.com/storage-proxy/gift_assets/models/Le_Pepe_0.tgs
Blueshift 1.3%,https://imperator-server.onrender.com/storage-proxy/gift_assets/models/Blueshift_1.tgs
Bumble 0.4%,https://imperator-server.onrender.com/storage-proxy/gift_assets/models/Bumble_0.tgs
4th of July 0.9%,https://imperator-server.onrender.com/storage-proxy/gift_assets/models/4th_of_July_0.tgs
Spearmint 0.8%,https://imperator-server.onrender.com/storage-proxy/gift_assets/models/Spearmint_0.tgs
Dryad Wand 0.4%,https://imperator-server.onrender.com/storage-proxy/gift_assets/models/Dryad_Wand_0.tgs
Luminous 1.3%,https://imperator-server.onrender.com/storage-proxy/gift_assets/models/Luminous_1.tgs
Chrome 0.9%,https://imperator-server.onrender.com/storage-proxy/gift_assets/models/Chrome_0.tgs
Pink Pocky 1.3%,https://imperator-server.onrender.com/storage-proxy/gift_assets/models/Pink_Pocky_1.tgs
Sparkly Eve 0.9%,https://imperator-server.onrender.com/storage-proxy/gift_assets/models/Sparkly_Eve_0.tgs
Fortune 0.7%,https://imperator-server.onrender.com/storage-proxy/gift_assets/models/Fortune_0.tgs
Tri-Nitro 0.4%,https://imperator-server.onrender.com/storage-proxy/gift_assets/models/Tri-Nitro_0.tgs
Sour Gummy 1.3%,https://imperator-server.onrender.com/storage-proxy/gift_assets/models/Sour_Gummy_1.tgs
Inverted 1.3%,https://imperator-server.onrender.com/storage-proxy/gift_assets/models/Inverted_1.tgs
Green Shine 1.1%,https://imperator-server.onrender.com/storage-proxy/gift_assets/models/Green_Shine_1.tgs
Midas Party 0.9%,https://imperator-server.onrender.com/storage-proxy/gift_assets/models/Midas_Party_0.tgs
Uranium 0.4%,https://imperator-server.onrender.com/storage-proxy/gift_assets/models/Uranium_0.tgs
Bitcoin 0.2%,https://imperator-server.onrender.com/storage-proxy/gift_assets/models/Bitcoin_0.tgs
Polychrome 1.1%,https://imperator-server.onrender.com/storage-proxy/gift_assets/models/Polychrome_1.tgs
Bright Flare 1.3%,https://imperator-server.onrender.com/storage-proxy/gift_assets/models/Bright_Flare_1.tgs
Mad Chemist 0.2%,https://imperator-server.onrender.com/storage-proxy/gift_assets/models/Mad_Chemist_0.tgs
Molten Core 1.3%,https://imperator-server.onrender.com/storage-proxy/gift_assets/models/Molten_Core_1.tgs
Power Line 0.2%,https://imperator-server.onrender.com/storage-proxy/gift_assets/models/Power_Line_0.tgs
Inkspire Red 2%,https://imperator-server.onrender.com/storage-proxy/gift_assets/models/Inkspire_Red_2.tgs
Plum Cloud 3%,https://imperator-server.onrender.com/storage-proxy/gift_assets/models/Plum_Cloud_3.tgs
Millet Fields 4%,https://imperator-server.onrender.com/storage-proxy/gift_assets/models/Millet_Fields_4.tgs
Cotton Candy 4%,https://imperator-server.onrender.com/storage-proxy/gift_assets/models/Cotton_Candy_4.tgs
Orchard Glow 4%,https://imperator-server.onrender.com/storage-proxy/gift_assets/models/Orchard_Glow_4.tgs
Scarlet Kiss 3%,https://imperator-server.onrender.com/storage-proxy/gift_assets/models/Scarlet_Kiss_3.tgs
Grape Splash 4%,https://imperator-server.onrender.com/storage-proxy/gift_assets/models/Grape_Splash_4.tgs
Blush Petal 3%,https://imperator-server.onrender.com/storage-proxy/gift_assets/models/Blush_Petal_3.tgs
Crimson Sky 4%,https://imperator-server.onrender.com/storage-proxy/gift_assets/models/Crimson_Sky_4.tgs
Glow Verde 3%,https://imperator-server.onrender.com/storage-proxy/gift_assets/models/Glow_Verde_3.tgs
Juicy Bliss 4%,https://imperator-server.onrender.com/storage-proxy/gift_assets/models/Juicy_Bliss_4.tgs
Serene Mist 3%,https://imperator-server.onrender.com/storage-proxy/gift_assets/models/Serene_Mist_3.tgs
Venom Mist 1%,https://imperator-server.onrender.com/storage-proxy/gift_assets/models/Venom_Mist_1.tgs
Twilight Bliss 3%,https://imperator-server.onrender.com/storage-proxy/gift_assets/models/Twilight_Bliss_3.tgs
Misty Smoke 0.5%,https://imperator-server.onrender.com/storage-proxy/gift_assets/models/Misty_Smoke_0.tgs
Dairy Dew 1%,https://imperator-server.onrender.com/storage-proxy/gift_assets/models/Dairy_Dew_1.tgs
Jade Script 2%,https://imperator-server.onrender.com/storage-proxy/gift_assets/models/Jade_Script_2.tgs
Aurora Joy 1%,https://imperator-server.onrender.com/storage-proxy/gift_assets/models/Aurora_Joy_1.tgs
Golden Alloy 2%,https://imperator-server.onrender.com/storage-proxy/gift_assets/models/Golden_Alloy_2.tgs
Sunny Doodle 2%,https://imperator-server.onrender.com/storage-proxy/gift_assets/models/Sunny_Doodle_2.tgs
Golden Elixir 0.5%,https://imperator-server.onrender.com/storage-proxy/gift_assets/models/Golden_Elixir_0.tgs
Madmoiselle 1.5%,https://imperator-server.onrender.com/storage-proxy/gift_assets/models/Madmoiselle_1.tgs
Jade Steel 2%,https://imperator-server.onrender.com/storage-proxy/gift_assets/models/Jade_Steel_2.tgs
Eau De Parfum 1.5%,https://imperator-server.onrender.com/storage-proxy/gift_assets/models/Eau_De_Parfum_1.tgs
Ruby Steel 2%,https://imperator-server.onrender.com/storage-proxy/gift_assets/models/Ruby_Steel_2.tgs
Prism Bubble 0.8%,https://imperator-server.onrender.com/storage-proxy/gift_assets/models/Prism_Bubble_0.tgs
Ebony Rose 2%,https://imperator-server.onrender.com/storage-proxy/gift_assets/models/Ebony_Rose_2.tgs
Solar Eclipse 4%,https://imperator-server.onrender.com/storage-proxy/gift_assets/models/Solar_Eclipse_4.tgs
Violet Veil 2%,https://imperator-server.onrender.com/storage-proxy/gift_assets/models/Violet_Veil_2.tgs
Azure Plum 4%,https://imperator-server.onrender.com/storage-proxy/gift_assets/models/Azure_Plum_4.tgs
Pure Essence 4%,https://imperator-server.onrender.com/storage-proxy/gift_assets/models/Pure_Essence_4.tgs
№5 L’eau 1.5%,https://imperator-server.onrender.com/storage-proxy/gift_assets/models/5_Leau_1.tgs
Cobalt Alloy 2%,https://imperator-server.onrender.com/storage-proxy/gift_assets/models/Cobalt_Alloy_2.tgs
Sketch Shade 1%,https://imperator-server.onrender.com/storage-proxy/gift_assets/models/Sketch_Shade_1.tgs
Grape Juice 2%,https://imperator-server.onrender.com/storage-proxy/gift_assets/models/Grape_Juice_2.tgs
Dark Essence 1%,https://imperator-server.onrender.com/storage-proxy/gift_assets/models/Dark_Essence_1.tgs
Cartoon Sky 2%,https://imperator-server.onrender.com/storage-proxy/gift_assets/models/Cartoon_Sky_2.tgs
Blizzard 0.3%,https://imperator-server.onrender.com/storage-proxy/gift_assets/models/Blizzard_0.tgs
Mono Delight 1%,https://imperator-server.onrender.com/storage-proxy/gift_assets/models/Mono_Delight_1.tgs
LoveSpritz 1%,https://imperator-server.onrender.com/storage-proxy/gift_assets/models/LoveSpritz_1.tgs
Candy Luxe 3%,https://imperator-server.onrender.com/storage-proxy/gift_assets/models/Candy_Luxe_3.tgs
№19 1.5%,https://imperator-server.onrender.com/storage-proxy/gift_assets/models/19_1.tgs
Luminous 2%,https://imperator-server.onrender.com/storage-proxy/gift_assets/models/Luminous_2.tgs
Dynamight 0.4%,https://imperator-server.onrender.com/storage-proxy/gift_assets/models/Dynamight_0.tgs
Noir 1.5%,https://imperator-server.onrender.com/storage-proxy/gift_assets/models/Noir_1.tgs
Flame Kiss 0.3%,https://imperator-server.onrender.com/storage-proxy/gift_assets/models/Flame_Kiss_0.tgs
Silver Essence 0.5%,https://imperator-server.onrender.com/storage-proxy/gift_assets/models/Silver_Essence_0.tgs
Electric Aura 0.3%,https://imperator-server.onrender.com/storage-proxy/gift_assets/models/Electric_Aura_0.tgs
Crimson Veil 0.4%,https://imperator-server.onrender.com/storage-proxy/gift_assets/models/Crimson_Veil_0.tgs
Rosé Thorn 0.5%,https://imperator-server.onrender.com/storage-proxy/gift_assets/models/Rosé_Thorn_0.tgs
Rainy Day 0.5%,https://imperator-server.onrender.com/storage-proxy/gift_assets/models/Rainy_Day_0.tgs
Dalmatian 2%,https://imperator-server.onrender.com/storage-proxy/gift_assets/models/Dalmatian_2.tgs
Crayon 1.5%,https://imperator-server.onrender.com/storage-proxy/gift_assets/models/Crayon_1.tgs
Rainforest 5%,https://imperator-server.onrender.com/storage-proxy/gift_assets/models/Rainforest_5.tgs
Albino 4%,https://imperator-server.onrender.com/storage-proxy/gift_assets/models/Albino_4.tgs
Pink Leo 2%,https://imperator-server.onrender.com/storage-proxy/gift_assets/models/Pink_Leo_2.tgs
Spicy Wings 0.5%,https://imperator-server.onrender.com/storage-proxy/gift_assets/models/Spicy_Wings_0.tgs
Cold-Blooded 5%,https://imperator-server.onrender.com/storage-proxy/gift_assets/models/Cold-Blooded_5.tgs
Coffee! 0.7%,https://imperator-server.onrender.com/storage-proxy/gift_assets/models/Coffee_0.tgs
Libertarian 1.9%,https://imperator-server.onrender.com/storage-proxy/gift_assets/models/Libertarian_1.tgs
Lollipop 5%,https://imperator-server.onrender.com/storage-proxy/gift_assets/models/Lollipop_5.tgs
Durov’s Cap 1.5%,https://imperator-server.onrender.com/storage-proxy/gift_assets/models/Durovs_Cap_1.tgs
Mistletoe 1%,https://imperator-server.onrender.com/storage-proxy/gift_assets/models/Mistletoe_1.tgs
Santa’s Helper 4.5%,https://imperator-server.onrender.com/storage-proxy/gift_assets/models/Santas_Helper_4.tgs
Jungle 2%,https://imperator-server.onrender.com/storage-proxy/gift_assets/models/Jungle_2.tgs
Sour Bites 5%,https://imperator-server.onrender.com/storage-proxy/gift_assets/models/Sour_Bites_5.tgs
Deadline 1%,https://imperator-server.onrender.com/storage-proxy/gift_assets/models/Deadline_1.tgs
Sketchy 2%,https://imperator-server.onrender.com/storage-proxy/gift_assets/models/Sketchy_2.tgs
King Cobra 2%,https://imperator-server.onrender.com/storage-proxy/gift_assets/models/King_Cobra_2.tgs
Yaaaaaay! 0.5%,https://imperator-server.onrender.com/storage-proxy/gift_assets/models/Yaaaaaay_0.tgs
Lava Viper 5%,https://imperator-server.onrender.com/storage-proxy/gift_assets/models/Lava_Viper_5.tgs
Poopsicle 1.5%,https://imperator-server.onrender.com/storage-proxy/gift_assets/models/Poopsicle_1.tgs
Froggy 2%,https://imperator-server.onrender.com/storage-proxy/gift_assets/models/Froggy_2.tgs
Zombie 0.5%,https://imperator-server.onrender.com/storage-proxy/gift_assets/models/Zombie_0.tgs
Tempest 4.5%,https://imperator-server.onrender.com/storage-proxy/gift_assets/models/Tempest_4.tgs
Mojito 5%,https://imperator-server.onrender.com/storage-proxy/gift_assets/models/Mojito_5.tgs
Sweet Dreams 0.7%,https://imperator-server.onrender.com/storage-proxy/gift_assets/models/Sweet_Dreams_0.tgs
Champagne 0.7%,https://imperator-server.onrender.com/storage-proxy/gift_assets/models/Champagne_0.tgs
Dragon 0.4%,https://imperator-server.onrender.com/storage-proxy/gift_assets/models/Dragon_0.tgs
Sherlock 0.3%,https://imperator-server.onrender.com/storage-proxy/gift_assets/models/Sherlock_0.tgs
Wiggly 3%,https://imperator-server.onrender.com/storage-proxy/gift_assets/models/Wiggly_3.tgs
Black Mamba 2%,https://imperator-server.onrender.com/storage-proxy/gift_assets/models/Black_Mamba_2.tgs
Snakey Mouse 0.7%,https://imperator-server.onrender.com/storage-proxy/gift_assets/models/Snakey_Mouse_0.tgs
Pink Bunny 2%,https://imperator-server.onrender.com/storage-proxy/gift_assets/models/Pink_Bunny_2.tgs
Banana 0.2%,https://imperator-server.onrender.com/storage-proxy/gift_assets/models/Banana_0.tgs
Hisssmas 0.7%,https://imperator-server.onrender.com/storage-proxy/gift_assets/models/Hisssmas_0.tgs
Dobby 0.5%,https://imperator-server.onrender.com/storage-proxy/gift_assets/models/Dobby_0.tgs
Venomous 4.5%,https://imperator-server.onrender.com/storage-proxy/gift_assets/models/Venomous_4.tgs
Goofy Twins 0.5%,https://imperator-server.onrender.com/storage-proxy/gift_assets/models/Goofy_Twins_0.tgs
Fast Food 0.7%,https://imperator-server.onrender.com/storage-proxy/gift_assets/models/Fast_Food_0.tgs
Domination 1%,https://imperator-server.onrender.com/storage-proxy/gift_assets/models/Domination_1.tgs
Dracula 0.5%,https://imperator-server.onrender.com/storage-proxy/gift_assets/models/Dracula_0.tgs
Neko-San 1.5%,https://imperator-server.onrender.com/storage-proxy/gift_assets/models/Neko-San_1.tgs
Confused 0.5%,https://imperator-server.onrender.com/storage-proxy/gift_assets/models/Confused_0.tgs
The Deceiver 0.5%,https://imperator-server.onrender.com/storage-proxy/gift_assets/models/The_Deceiver_0.tgs
Cherry Bomb 1.5%,https://imperator-server.onrender.com/storage-proxy/gift_assets/models/Cherry_Bomb_1.tgs
Water Snake 1%,https://imperator-server.onrender.com/storage-proxy/gift_assets/models/Water_Snake_1.tgs
Flushed Away 0.5%,https://imperator-server.onrender.com/storage-proxy/gift_assets/models/Flushed_Away_0.tgs
Sunflower 0.3%,https://imperator-server.onrender.com/storage-proxy/gift_assets/models/Sunflower_0.tgs
Soap Bubble 0.5%,https://imperator-server.onrender.com/storage-proxy/gift_assets/models/Soap_Bubble_0.tgs
Nimbus 0.7%,https://imperator-server.onrender.com/storage-proxy/gift_assets/models/Nimbus_0.tgs
Party Popper 0.5%,https://imperator-server.onrender.com/storage-proxy/gift_assets/models/Party_Popper_0.tgs
Hooded 1%,https://imperator-server.onrender.com/storage-proxy/gift_assets/models/Hooded_1.tgs
Autumn 0.5%,https://imperator-server.onrender.com/storage-proxy/gift_assets/models/Autumn_0.tgs
Beer Mamba 0.7%,https://imperator-server.onrender.com/storage-proxy/gift_assets/models/Beer_Mamba_0.tgs
Spooky 0.2%,https://imperator-server.onrender.com/storage-proxy/gift_assets/models/Spooky_0.tgs
Pumpkin 3%,https://imperator-server.onrender.com/storage-proxy/gift_assets/models/sticker.tgs?token=OHiYwJxFKnRZpilxO5RVkQngW9xqgQNxdkBZhhGKagGzSq0t_y6CXcGSUlOPP5TeRrHiAx2kWftmHTkqq7bq5lohyJwUjZBVexuTZZWcJ-RD-KEoEmNhFgBVN_7v4N2P3ftyfReTArW58_0snszirCLPErKmXNAvdZxjtF_RyM7qlNVEX2pT-p1NpidmemSZKpu59SEubavla8LP7nEewlKLxB2cR7ZmBgluuxMnFUBlWRUU5WyNp6d6i0rpMV3IYQb_3WaBbpxqFPueb3egtH9J8-A545Vi8z5FOLVu6Hb1Gz2X77QNOIzMVBVgjxQXYjsAqAUXnNSuYnou_jFEtg
Hothead 3%,https://imperator-server.onrender.com/storage-proxy/gift_assets/models/sticker.tgs?token=nYBMuNWChpcR4FIBF9nyrgEvq4NlrLWi0XWv5Lqn8C74S3wGjVM4NcUDhKll5chYa_WIS0uNyoQrhi3NyqCVrfm1iO31z1iVWCe1_KHEuudDxhNn8MTH2amx-J1Sq6FFrK11nUWOSQg4xLP-VrzFRCt6Pqc4psu7kdS0GMXL98cuAx_suyCTVFJpFwJlGHGlyt4rxgK4LaU6pHAOKzIsQbqH0jNzZ6niJbisH9zkR_yStXVEcnjTIPlBs6nxuWj3LIFNJX1j26o4QIFYH3P3RqmNzOTh2BK-ALa5U9n3CO_XVfiyU0CURQsDsT4JrlYzsAd1CMxzxwITo-UfJQPrKg
Pink Galaxy 2%,https://imperator-server.onrender.com/storage-proxy/gift_assets/models/sticker.tgs?token=HJDIpU19n7cCH1rTWdCNfe2ZtVZmwJL4v312lW9gzX1FNDXgg0rGzlnAXYO7WMCQakdfsTkWYn-ZWQH8p0jmvJgOw5ks1Tw9EktRR2IBYFeqFJ81dgsoUpDYp7qMkrcSU1XRQ4deCDq_MY8D0INJibY97dxJAeEL4c_v9yxV7YWjUJB3_ZdqBc8thhj-wpFN1zENnnij8CrtXNLFUJ18I3UIvue3ZK2fXWOg2aHT3WgX8fVKFg73lQZXnQxBctb7_0lPoY7Iwo3FQOVmutOwkMf7iPLnKFPE0D7JZ3VQANY9fvFmcEsQl_k0N4AxpdSx7-wZ1cRhbch61sugKwcDMg
Bavaria 2%,https://imperator-server.onrender.com/storage-proxy/gift_assets/models/sticker.tgs?token=VhlGBoPvw_k94SSx2zpvezGb7GUNV1thDWGmktih8T6ZoaRnyvtXQgMKJolEJJ9bJIzLGKAk5s2fUKN43k5e8aN-BuOSbEYXrTpjigEFYf6RyFNKSw0jFPGY9F1fHgfYN-aR5aZcx8SBHpCv55bfTH7nH91eKV6lJupfNrzNLX08c65XomHeaUN9Nt5i4kmSFzRKQ12kM6Sp41AU4xd7CApiC6ekx6qQP_zfL_g4ZEfJhQVUkdZEoJYbLAIPudZ2KiRSDVjttbt4jsiHqxiHUEJXqnEDRtgXnk2dD4qNaYiywP7mnP3RgDN9mpT9JDh9kkMRhlkWA07vi4Bz57pTmQ
Pepemint 3%,https://imperator-server.onrender.com/storage-proxy/gift_assets/models/sticker.tgs?token=Mzbl-ojsVaklgKY45YzOnZFAXd5DJr7fnBFoNGyLEh5z7pwQirGx4RphcCBHmvgk_yLYVLk7HwTS3-IKR98ZAv_pOD7ZfbiQca7N2l38_3ZTC0SYVtgkklu-O9BjFq3cn4J7J_CxgC1-ELmzWr2BZZV15r5tErCC9PIVCleBptE8Tc5UV3DWCXw0kK6VsStVd1YIXzwBrVdUjhyxBvCcUWkhrhkP-0S5lUj21ArI0AoAhJhHYi0EiFRaM5sRsap1GVhxuMk31lIG1oEtMZ5ceaB6bGKPs11ocyWj_mKPs1W4WQzviVhpKe8dcWy0cAU9hkhXqW8F6CL2jpD_8AEg8w
Polka Dots 3%,https://imperator-server.onrender.com/storage-proxy/gift_assets/models/sticker.tgs?token=mzuhtYK8IUM1jWXbFUTzgzAge0CVJZdZ0KXfzCtZbKoZ-QKpHV0JaXgeSww4XYUzA-_c4C3RsBJWDjxTowdWlnfSCCJZGABN3BWWEyuraNDqe_y5863PhdGLtKsFEufNOT4-50yTyEVgo6gHxzq5EzgG3I-p-mhdbDMhnDzMfPKaU2i0N1xT1IagEVj-P0wpuozcAMryOjnlQQT_d0xxNj00QJ0q6sS804fdKdzgRECwln1_Pi5dafahMkfXFGpXRfkfQBMcar8FJ1igqI0rheJPiXA4HfAoRpVYux5LK6Svw9lwTvWuhuXgldHw1tjap7743lciv9KhmFYlFB5vkg
Cold Heart 3%,https://imperator-server.onrender.com/storage-proxy/gift_assets/models/sticker.tgs?token=GuruXyn_EMHXSmD4eMVZC-2ek2x6gYsdPn7jlZ6x8qGc_HSWdWY6J7Y6MR7hPd2-ntcv6FKtgN6Y2G0zk_Um0TfXfYPmE86HWJKrSA6fM-U1Bondb6brQydylfBGWHIOdtYMgZPvP3tTuvoESydjhHygjvXrYUEbzn_yYO3mNn1B2onclfMHvJo1fwCjSSMg-jsPBZf1nmXrC0u6dpp3-T_qtgz8Wx6Y2olIWckRR0N5eHxG0Q64letK_Y1PHw83NMblkb1WATVr57ui-tGL2-ltE1-7NQQnrxznZQjCm6d5eyNRVyk09ArsJhw2DCVpNFl6SdmsQbc0WIKIyeYg3Q
Barcelona 2%,https://imperator-server.onrender.com/storage-proxy/gift_assets/models/sticker.tgs?token=Mi4Tw7pA3mOUtsoPkKwoHcsYWogxkMJkqBqUXudf06XCzAYgxRJJQLcw5HbRjvigjP-mpHeWT59lLSXAumfwLX8IiOtMHdsohRGPrq2M1T4CRtNZp7s9I_Pjp-WuKorGCSlS3WafCPOGp0b-8cP9yzOqhJfu_gNDXv5WP3v3DLCKnUj2g1qDyqcnizoRAHoXAKLqyCjUdRjePUKFHJidPAfnQ93xpIEYA9p-tSwiKNZAS_3JPnUEk8w_VMOtzM1MyK5I46l7G87Zf45m5YGeslAV9fzaF2BAybAKTWv6pSiD0ICt7t_9-khAr8erIHOKqnsRciQkD9ERkJyVzFiEtg
Stripes 2%,https://imperator-server.onrender.com/storage-proxy/gift_assets/models/sticker.tgs?token=i4I9ndYOGj5rA1V4iRke2devMZFzLTtCtJ7BBa1glpyauJASq6P4otsbNugg3fh4TCr4clZ54yqJVt9BJMOKgoX_IM0kXwGW560xQkqceufA50yqbzN5ed-dObbggLuVEFCL-H0NjKpGRNi_0ccHiC4_RgpHlC8EYLAgXwo3esj7mdbVX2Err4Imz-n0X8kn0NKDRujpVz-RHUWqCU7jdfM4BsBCTftN3RPuDCVjA1mDD1COe7AH_21YVrtudBTQ2IA0dVtT35BahMO9wUql0Y40psqra-0woFsEIh5CUQk8fyDUIjICkJ2EF_6n0cGM_S21k8M6wXqdisWJgs1QwQ
Yellow Hug 3%,https://imperator-server.onrender.com/storage-proxy/gift_assets/models/sticker.tgs?token=iXpvQLqJGS7KURBy0fUXFNFpMwVkjqDDgqkAeCUTVqOQVsNwX3Sv8WtXhCXd_XXMR1rXcOQpbeGWsTSR0W3iHoOhgOuPHiJ2MXlJi0cJ4ulBMKMByhBYDlX2w2wvq5SPZzZs1-eF1Mlogyy3nstSol5axa5d0aGMQOqabZKFIif7-Urbcg0pfpB3usYPJf6L8BbS8RL0V6P0FmpSh_CqMvSRGGSlBVCn3UjUFoPg6ew0JLqCGG9TpxlZEkhzetT1xwHBsPrwAsYKHtXVEFchuf8d8OjdWPqfbODWsZU0UrRCQeygkH1Ck4R-3c86GRRO-J431fLUvZ6wfHDzqmdd3g
Frozen 2%,https://imperator-server.onrender.com/storage-proxy/gift_assets/models/sticker.tgs?token=epd2OczTkLW9snMK9a2EmNhO12oi2R_GGGnYzAYchqgdkxyS1BTKMCnspVRC0aIXCHGyO6--usA5TOJmvuVMKbej5Z72VoSrfflvTe2DodKnEeRwiaZnWWUETh5Y3b4dpT_PCfwEpSatwnRLZpDJJDr7RBTDkTE6vh2mIzIrTTRb9uZeyFeyk28WQy6aP7ggkeJD7F6lsaFV5ZCjDpFLzEPlwFBdvQq-qu7m-lE8e5nqg4DafZiEbtcbrdokp8ZbVT3ngiIxJfCZUN5lSrsB4xciMZ-mb-J64RVhGifx6FNZdex_k4AL7Fuh1EZiWhMUvXXKD6AyEKtEwTNSY0hBAg
Midas Pepe 1%,https://imperator-server.onrender.com/storage-proxy/gift_assets/models/sticker.tgs?token=aJhsusVFzV53HnB2QHKePK4ztznbigksFuMH8gsVRhG25_yFWLvKDYNsHDK-oZoEpfAk8xQUt8naZUM4j0lVMzrL_XCEjgz23Lvcnq0jmhhWdZxkzVadKeag7d80wO4LB7dIUd_amquXnWE5fBJYL0PUQo4XKC2sNAuUqJgudIAWnENH5ivs101-w6D7gVBPqCj-0wdVHs65xfcxNKjVnrvtS7-5_eLrskWB3WM2XoX3cmRKb98G98Nf_l4THBOXSjq_qmhBaB7mhdhhZzR9fR-PAcfhYEAeDzijjcoYG9Lz9RHbS3fEODJT2d0FOLbF0cMByHdjUybybM67O9hxqQ
Spectrum 3%,https://imperator-server.onrender.com/storage-proxy/gift_assets/models/sticker.tgs?token=OE2ub-LjAQFcwb4hIbAFS2Jsi6xdykD1lvjwB7Ww3jiKl_8Saq_7rSvXQz_c58VREi2W0DJhapg13KbISyjc6d-7YWIW8SJas5pEqHOMF78_46IjbQ1KSKPR6RLp_h4dosKpy1mr6xce8tchL0rt0m18-eChU34teMn09GTGme8JVbBDUatJYvT4YuInETuQx45YjBdn0FHmOnhgNHbilNF6iFhRljNgS9iOtBIFMrBgc8ZxuW1OZe8LWhyh96heFgPnAX18KJH29VxFSuL44JAbCnXWwMbmi5qjhv6MJq958v1Bz2nMOYV0hyNcUcYLjP1tkirai-WwM8Q0qar3sg
Tropical 3%,https://imperator-server.onrender.com/storage-proxy/gift_assets/models/sticker.tgs?token=HfQ45ndu_rT5GLMsoRobM6eRgRISyaX-EjABeW0NwoFtMjmAQlvgoRHNlstVSLsznUOw97PWsQo2FEGeViHYwHvxGdtCKeuVY2CRQjwdiE50fF9XWgk2V1Xi7yA7FW22KMRnNMwCMoiCodoUwavzKtwWg7dZXuqIDoyczh9qP2Xc2XiuUz6I2-GPLw5Bt60AOnN1cKGl-ccK4tFGf2Mas1j_0HiKOjVqM8E1E9gO-H3K5opgNRTZM9WeIP0txaMVpR85FZRYT-av6wZmm3Pk6c7muFXnNm35bg4U25Xp3M2MH7295S4uaMbyVQMnU0-eoocAW0jWaGGFDg5oQNcq0A
Emerald Plush 1%,https://imperator-server.onrender.com/storage-proxy/gift_assets/models/sticker.tgs?token=qHx1qknp4woIfajIJww-rcPnUt887-sZx_p496NjhCm94MAg6T1MBM4s67pgbpa78euG0KcihShOp2JUXv3ml3TewVQxh-VVrlNj3aAgwXm-ZUmk5NiZE0YjRajgFcIQa-DMhWVhessKsPb4egLzGeW1zDxohkfnM6rr8vRq4JpW2qMAlZOGG7qLNkFRMy14-xDOt68zOes8ScLUEsUP-M5hKmx__PZs1XgwTDrf6PbcNrXoOHnKO8fOlezVgbMki1xzxUM3GTPJobZtLsS6_hVrPc652fi-VejMWqWAEK7Aqqq1L8qLtXrjfIJeEsf5bTh7-CzfTcDnY88xTtJQIw
Eggplant 3%,https://imperator-server.onrender.com/storage-proxy/gift_assets/models/sticker.tgs?token=EAPPDs3aRKkVzT-SxGefM4ZHM0z-iYF6gJG2AGNYSteHhWjVkC1yJ8av_MgNIVuOHGfwCTl7QogXmBxKkIG5WuuP8xhV0yy4sZ5-UuB3nCac9BF2aa71k_9JLMH5967dWv1p5zlyj8u08W08XgBfCM-3FkIC0pm65NjDXxEwCu_6NRPYdRghvs_qkNXrepXISnkZ7Ul1Ar967U_M5lIRFiDETKqfYeUkYOv_ZOuDrww83f3a-5qmmNqF2more6hQJoYzTWtf9tTk5biYueVtF2sSR5a_jKswKWNYYH0UrGcMmn-h7yaywmlOJj3mFEBLsfdHq26fSyZHiGWRBkNemg
Hue Jester 3%,https://imperator-server.onrender.com/storage-proxy/gift_assets/models/sticker.tgs?token=FPkWPRAF4YGdn7zvE7jyA7Xv8XvCbzSaxrA9IX92FL6_aol-86sEfSbNGQG9u3JuhdgEuCGaWB7i9XnN0fkZ-yU1pWmSHxIyymMFnoPKaBRcxff9122YCjMH4hQJbNaGMGQMlyCcRAielwGhfogLfYF4hPSLnXJ1lumiF45-Rzd6K6RNDSNhGIntvDRJ90nU3GDlHEEpQo0ATLEM4NQEUQbv9d4O5t587PwUqKnYlLcG9E1JPdaOlY8ig_JUbIBKAaecfY8FvvjoE51V3gFAzfboQ3w6ZmiLsxQsZuwHRAimKuOCimaM2kN20VHq91_3_V28XJk_hd3MqNDrwgsEfw
Poison Dart 3%,https://imperator-server.onrender.com/storage-proxy/gift_assets/models/sticker.tgs?token=FFryHXbyWhOGJZGnbUYTK63ye3xtyAhdp8xEWeaadppGz7mxFdKL5LPP4zgEXOZX2NyWCyVxuw6fxXp6dsV23H9Ek544W5zdSTQmvWYsJ9Kfu6WdtCVIhlhdgs5YlHcCi4kCSVuutMtvIDaIb-IiIrwY7qr4NKp0HU1yYYC4edoxEYSuiz6URMgmfNCuIVUNwJCho7rLwDSqwvXCtnNgrUcQyaXuq32v9od7G1sAagABlzZqFbOVo9ZdwXlWAMrEs022ywak9NQDygKrO--a37tUaUQ-FvWoQn2k3J8zLNSCpwnR0gZBZp-LgQlLeCS4xj5P9ROLLXLi45MijXjMww
Two Face 2%,https://imperator-server.onrender.com/storage-proxy/gift_assets/models/sticker.tgs?token=Rgv8kaqFaxqN5j4FY-TyEflcMVSBa5Fvsrc484gxVkuZT1lFwJ5orfzBFJogdnmpTB5Bo0KY7HPkTHJBZDyap5kV1bn94s204GxglRx8O3PlRR_Vq93jfHWcTm_c0AuCSlS7xCnrmHhULdYh8yEu7cGwdJeehvjrp8hJD9juWRzxzFy4RscUtXcZ6ONyh3cplk3uXoWZFIAPvq7rMAd0oYMWLhUAFJk8wZrR5Twwx9vA4CNIPj57VIwTHDjGk9SXoqe9rrzM0ydPDChm6WfeAne6OzsvBYCyvWV2ufsYlhv8CwvsCCKrnztaCqLkOv05HRvNypxdulCmi8G7ocpWNw
Sunset 2%,https://imperator-server.onrender.com/storage-proxy/gift_assets/models/sticker.tgs?token=arEbUrTTc_n7eesIjWKQSeb49uuYutPnLOP6UijxBOtW--iPGXh8Yh1WB9ehVHzfnC7hau3inDVqBFop6Eq_tf5RvdesV_1HvolLRyN7myHohYqiXbZoezNaRlt1awxqLulh9_K5jmFuK5Oy7mybsQtQWnm8u385oLa2Cl7q4r_nINCtmVi050OhLOgcDO4eECEARI9cysAkY1VEj_QtqQ3BWUJIiUMxg-fIpVByCfJEz2qnSyeczzLoy7lOJ4gX88VC9jFbyo1NqU0vjaTdeVi9dUIGFwLTA0PEUq5C4Y14H4w-kUzqyOBg6LllTGMkBWfcGh-8WeSap8faFm1Muw
Emo Boi 2%,https://imperator-server.onrender.com/storage-proxy/gift_assets/models/sticker.tgs?token=WbLwnlmgScN90-lDrpeaWLrbmry2kzegUgXEVVg11fOk_yK4eeVPbH2lWxmxgrMjzg7hjlwCBhd1Y6vvt6itTTTWH45Ch1Aa4F6bWo_QIUc9DXoJG-IhmibTNBgH4TuZTLUw9oS4x5YIYGNNIOKC2KnH3YQak5Ha-cOIT5pCAbptySGypHEueTLdKIrJtEWzD1d_vHqRHh-JxH3D5TP5Sy2dPQwCdnHBggm-5Q486sf5ajs0m1h9VF6tBAIR_Sa8NDtO0CP_GlzJ2Jb95RSMQyVUJiYN9_urLpZKvhntfSr829zkqrWqTU0WwK7LOd-auX8UjEaj9kKdyz8cb7Z0_A
Gucci Leap 1%,https://imperator-server.onrender.com/storage-proxy/gift_assets/models/sticker.tgs?token=afIirPUQF22C1FgWUV79n_d1H1v8WWUcbJSm-BwtxR-RiOjhUrzRzAz97d8-218I9723IwZd--Geq6yt1XqWvj4F4n6zhDvvsuW7wPABtaC_Q8d6iWoEvdBCNg_QuflwIg8vOwuUR4btKkBod1pOdcoIGY3o5WRiLDKP_RuEDnanQDnXvNCGazNX9YdcdW-P2KtrOynvBZ1J9KbGFfCD7YtIK6-GUlPnSFcqp07eGt6PHY1RoelAnXhu2Cx6x59c1Ybo8FyoTSJz_uDk6yVBtwZI3Oqmsv4n_v1tu82o0ZNOF6n0ce4pHxudWa8WVxa1wTPGBbgSD9hXpGQOhVl-zA
Amalgam 2%,https://imperator-server.onrender.com/storage-proxy/gift_assets/models/sticker.tgs?token=KBsuOOPaDpdpw89vz6qdf2ue7MBBYap_A8ul4fxJqoG3R51DY86FCiAC0kAlT3vb8vgN27KoBqRZ5QHsqZJs5QQHioSNAgqqVLyYlyRMX9b20-XMeSSeMlTzbe0GRcDRAA9Lz-j7p_RK8sSKCVA6LIyu0qV1fY-JijXJIXEZViMlx55bdfIpVUwKkDen6NggStlBPPBe6FOoDnnUmvT0uZAySmBaz95lrfRgKtZKGIyAZqf_mCrbJeuS-V1qF-86jAWyAOYaRUlaNzL_LWee7qf-EEhTM6QVtLYJ3m4dwiC-pe5YOwIFZpmwTUFJYhKMMTA-fg7j8NvHavoN--R8xw
Santa Pepe 2%,https://imperator-server.onrender.com/storage-proxy/gift_assets/models/sticker.tgs?token=ge49JnQsBclfYeh_X8ioDVefsDp0cVVA3WfHwLe7zojLR01QOhIWJvG4leGvxhf0Kc4gTwMyw5Kb_CqvQ7gzkXHxrtWe7GoYrYVGnnE0dTdfsX7T8ztLCUmLYZQJXnDNbFHIL6cl022l2o82wiKJpT_ybqVX1UFBDUkWlEWjOkuFElh-uYgikzHkfl_3jyuWimTy9gvCAIurFKtWGzZIdFA1N43Brr7qx8QwvWuFXDUAHpTPyjz0-Mv9Ivo7Mpr9JRTlZ1H9xq0RkuWRuvpntaWe-tTVQ1mM-PdvD22JzpAg8QD8Sf7hghLO0IvHJKNlxY_VBLSIsIPpC-0pAuOpzw
X-Ray 2%,https://imperator-server.onrender.com/storage-proxy/gift_assets/models/sticker.tgs?token=Mu4u2x5r8PMp_fTTJ4zWSLd7sg40Avcb_P4qugEbyVN-ql1xvCir7N0rTd6dM4L3GAutoPI3NLy_yedKhKPpvJeLfnBHTxJcnyfFEioi3tn7ZYatoOqfiLlhHFnH4rFcDG2LeHaVR7dd4jGX6785QS5D5Owezg93_Yie1kDrK-WKhEh9Ww88N-jXG3u0oBD5-7ywBFnG4AUeJB4CIYtezeZraiuqF2ysM7JOC11O68LZhGYwNL9yenWOO5Op84vERWshzbMlRLMeon4qtYu4WEAob7VcsgCU_5e5a0scjG3q8WyrEV0RcNL9d9LhOVduTW3kpapkyzyU1WkydDrQ8Q
Fifty Shades 1%,https://imperator-server.onrender.com/storage-proxy/gift_assets/models/sticker.tgs?token=YYLd1TYFsLrFEYTZfia3pJioVkLKcP3fMqzZYrJM1NOW0CFy3aRD_hVANTTVxyH0Sr5llktj3-TiQUtyztGgxP93Lhm5DogZmjquLcR7vUSkuwwCKduutAAK47x_Gakr_kMMAOSVPFucCVZF8RX8HvLWGubRX8eJMStonSz7xC5wKVdqiYzKILrrJiqPtzRm8tBogoQ3ZU1o1it6DlILgEcze5fmsRDaj1Rraure3g2ERP45Vs1_T3AFta0itI_poRscHUkWtkb7PWxJZYmkjnEhppR4-vwFZjKgxWhLPTfl4W61SWkYmSZVS-5P5LlZVJ2kg0bIVI0mAnFUw3XbPA
Yellow Purp 2%,https://imperator-server.onrender.com/storage-proxy/gift_assets/models/sticker.tgs?token=EoP8BJgi_LslzGz_UoTOaWN_cd4Ry_lpfe0ady0pxk5nJRZLGKTkwaldJekbCu9W0ZwWa1Bc9Yws1OadYFHVkzPHCwZ_Vc3lfFFtCCq5-QmRPZOJ_mYUMLnjCxmLPsraIwuUIU5zkHNxg42QpyZHQOGSBtxIrhxcOjPqb2WfzJR0v__7Vwrm2y5TBgezrKQMa_A5HY5-ur6eutBch5P0xdOZvq-oyUNvcX769Egr7v1VvJKeYpAWgt9XBU7nkCE7m1NZYRl816GKF5zun8Bf4Rm0i3ydyq4ODd_nwImaf6WC7qshIn6AAnryee2EK4Di82VRKL7eJjRwDK16g1n7Pg
Milano 2%,https://imperator-server.onrender.com/storage-proxy/gift_assets/models/sticker.tgs?token=Pg0KTD0De8ZVcOwrAONAyD7sdEWRZgFFiXt4Dml-JfM4WqloqR45ZSxCmXi3T8Bsz4eO4Fdxj7FEIXHwAyFp3Y29JYZIkcq1HXCcbxHdFIPUqdNcmgJy2m9nGc--jC-ADV5v0fVpo_Xm3O7np1bk7ProT6bS7vkuPi7Hxd41wODHVdscXjKuNp4CpewAagJumNxW_NYJg8T49lpG-wwrhFGCfYyitu1oaFJtWhuaVwlvVbAvNxXkEbst8QLRDxIl1zrI-iT5vLps-zMszsAzzVxq72S1zsTp5BZENxAwa3Dj8D1RHvk6R_iHmzlZLZ_s8I--ZZUEIeSfS8wUuivDWQ
Pink Latex 2%,https://imperator-server.onrender.com/storage-proxy/gift_assets/models/sticker.tgs?token=PDPNjkSVAFYcYxLxgkvKJis7Ehyph8a2vefpWZoGFafReu8TpeyJ9V4LjSKiLe8v9qbV6DY4ay9MdYHtvwypPnW4RCuXtgJlCF85zho8TtvQSUTFRxwaefz9_ZZCL48V-GgBBRWPQmOmf3cuRXnKAm7lIGs0vYrGPRhHOJK3GMFHkEETgkuiyXKGXpXN_YjzOYTnQ7YGmWRecK0fsVujvrtjXLA2tXgo80Q5S0Yt6SkYs-55FArrLAqEJvq3TNwcFXQSNZHLdjJ9hqvzpwtDXo5zOv3OkCt9laFZDZWaCDOUIOieMiLf0elDKTIPn6r0US7TUspJvBmejaXUaQ3ZnQ
Princess 2%,https://imperator-server.onrender.com/storage-proxy/gift_assets/models/sticker.tgs?token=t4jn2mwwctQPi6fXradS7CD5-ldkzsjrh7qEcdt4KmOjp_aQzgCqzSgrSH_BRnY93czoGYzrvwJ5CB8D0J4ACpaAev0GSg7Xbm36QX8iC5cYSTsvtO7gwaClPKtjFDiUnV5cxNqEkZcemZ2LuQmcv8qGfA6Jx_Peh3Nw3wGkT-3C-19tXnTwTiHmdCXz4J0z2voETJZoysfaHbhWf9ozF-lNPpHGqBHau-AJd95CH0sr41l3ZAkWPVbWZInY3eW4aEcWaim9TA0vq6E48uzuR82sG7u61xTY2HjknMaIXuczOEzrl-V2QV8FDNbsP9s651vzZ-mqYtNS3eqq0xCiXQ
Toading... 1%,https://imperator-server.onrender.com/storage-proxy/gift_assets/models/sticker.tgs?token=bctJ0b2ksylmwNaQ0quLVgyeJAxPegY2G9Ihul7Ari7LOUyJvjToAqlv4twdUOU7LlOHBv3Kt7G0abTPLu-zsp_71vkGH8hb9j3tMh7mzUTz5uKnNA_9GTYdATyV0Fd-QSPSVU-19DoPzjvWM2BkaATJz0EfPYDVBd7NoE6joSnnnuuLslS72hqQrIpreRoZ4ZYE7Hidfi976BdRUfqf9rnNGcWCmWpzXZL85o3Gw4vY-7-dIepU28Ah-Z3hKugpMVn3I0z56lNL3-VBLhbfw8kLkJhe8AmOa39Lh0t-Z2V_jCHDwb79ECK4m6BDSUVvtFxARpT5ZXLgnJJBewA61g
Birmingham 2%,https://imperator-server.onrender.com/storage-proxy/gift_assets/models/sticker.tgs?token=kKAZldiS-GUuGarSns327E1TbtOpuuNfXGVdAHNxADep6gaMnO2yrQIsu8rr3B4ze3yw-oVUoDQ4fl1bhd5_n3mDOhFmx3T10Xovgw_eU3SiyFateGnTcIGtBZuNerqZIV-FpoStt56m2VK5nGw8gKKmZeKdp53PFclFtYHIarJWymw8JWPhRWXqppFJIAW-J8qHDkLt-AtDmXGkQ6VuNdrz156hOxl2stbaDuhKS2_sKQlStyikiKLaoxJSgCmzARLxo97sSxaPYUuIWpt-d-ITHKHsSo4UtTB-MLOvvNcrn4PwIgD9rolB2LcmkMky9RWt7NFdEMV2PFaddXe24A
Red Pepple 2%,https://imperator-server.onrender.com/storage-proxy/gift_assets/models/sticker.tgs?token=bP16Ug7Zj81pXVyX1SPLvazFjr4F2mdfsNseHTJ5rx38OvoiLd9dC7PZrskJQVqON0FZzPwVFZZaZEXj_I2hrN0a5ahXSfB1329egrLeDgM1rAbVU02iDXx7kMDbpTex-m4y_WC9kOebm-gYAg4BqlRtzieBPbnwnAC9tYaHA20z3BOhjtH2VXEB7jBDSK6HPL1bixof0jT7Km1bdaJZxluHUGjwRxQXTQbt7F8TLRQTvXexLBgciHXIPHf9mams-CcfaEmgF_WCQRtHNsm76iz9SlTG-qmtVGBH83uED5v1yUQQ2Icr1ere8Q5Sv8Bt3A6urfg5dYdMColG27SxJg
Raphael 1%,https://imperator-server.onrender.com/storage-proxy/gift_assets/models/sticker.tgs?token=YkqzZdGdFeILdnwNKmOizs-bxeIPdyB5mm-EjGiLIuMfDbd2JEDj9OEXEUE68y1HYzPJy1LlQegKcsC-9SzXVr7lI5S7SwU0dn8669H0L0XMy_Ee2-AhEMmbdz6BB0FoMsrv_olfdIxoiDwd1gbbzer6A_RHd_NZu1A_Ue-oucjdMj2yC3-WejNKVY0RXe6BsRTBmD4Oukj8DXZceiYpXecno9NGcJBxo6ezXXykl03lN_pksGMyzAkauMQYH1SRLjsBIC7HFBHvKcSiw65phd3nrHvRlwrAdXhJzOjYKDT7pxTT5hO2sLgSIjSkkqGG_ka2ZBeCqJaUu-IMxuFYVg
Leonardo 1%,https://imperator-server.onrender.com/storage-proxy/gift_assets/models/sticker.tgs?token=NPeX2QrbsKqoobwkgd4ABQINfTFSrWleXkKezCSWNpEvzHSqoU5B-vQjFbaB_3wWDMKxAXBEMWpxwaln-mJG1AIHgFQ-W531Qx-cKxhsKWZ571oTLroXNMsbOQKMaLNiyFX1i7qe70JDvbdgsn5Pz7q229u4OQnlHTdsfBnZr3AHkJbuzuBt9SaS4V4C1OVNRq5BCXSlukbExdtNLjr2OxPI53yg5M06pbMg8wU4JcdSE9OXx6H5esy4sMHDGiI_ViVtiCqfHHWmeBPzuypJsHUvOyxDFcvu0T-4v8T2A8nd6dL1edqzL8IJ2HuNMZ5-iUtytyJEizfRBgH-L9jVJQ
Gummy Frog 3%,https://imperator-server.onrender.com/storage-proxy/gift_assets/models/sticker.tgs?token=dhVSn58kL-MFIwsr8x8-y3tn5cbNYbUUjvzDVf7erufR50VjJsT0uzVB3dolflHGZ1eJbQF-CqqK8-mIkjS-J4h2RrsQUnodiQe1ziu608zWE1cxM0Bkfm2bY7qRSMSLoGzp5XuwBAI467JQFP7TMEuRD1ZrTbcv9YCVZx-EMc7LjeJqk2TYNJzAE8MxybPJ18lg9ekw-7wyYWrh4egEMZ74tPPwzxqr5igHaWdsjvs1flrB1uaxui0DypbWaIOZcL5AWGwxMVxHm-RsRA3IxzhOIIuBuIs_CrEahQOSsPhSf8cK3WXwW2UAYOxDp7L4WSXixxfqhPbNgb6zc7bFZg
Red Menace 3%,https://imperator-server.onrender.com/storage-proxy/gift_assets/models/sticker.tgs?token=gcejuEj2UNJQpfKDsc-0vreNrbRf-Qh4Z0AYLgcbd-2nhDXB-FHtEpBNh_G-uEdnYpdqiUVkMrNYEnoGPtLP4mt0CyKkC4qJKAK44DJ_INsIkaYwIwlvkcv5o3B7QAVecHDORnT0njGPDcUbZgg8qGLAOMTYKbxDSvLonvmfKndDvM1I4YMFEay6nFpHNnJ-2CDzMoP1KJS7Akj71mD8y25rNDT7YNCejR9nhDNbM3WB869kt3uCvNphadJ85ytqeI35EPlNreRx8fRO9-seMmwcXubalRsqbslJqw93wA_RIO-LCmf1roz9yBAPjw1c2MRYjyCTGdyMHSEZDmiQ1A
Donatello 1%,https://imperator-server.onrender.com/storage-proxy/gift_assets/models/sticker.tgs?token=WV7xOLTHQ5G0QoxHnOuKxDTUe8XqYSgbeWOGCGORdKYzdvOW8XtgpO25Fi38kep9YiPtcrYWM_EeP5K4gQUVk8TBN6iqDkwDMIRPK4bt_96mlODDr3vHHx66qwdIz51KsBvy8wPPDY8GRd5QS2MzJDXqhwmb5EhMw7BAH3VFxF9OZrowSgVL7c1aoI98PZhbbEI0iowNWLvNQuO_I8lzNq-T-u7y3jzdRK_09p71EWOIjxRuFJJi_U7Po6nnCFiKGaYaztdegrI7bFNXJpvkdxQ1KrP-RWazDi0FTC983PSGIHSUdJyLKaKU3mD4XERFyrHE_TGfyGlDSCvP9i9PWg
Puppy Pug 1%,https://imperator-server.onrender.com/storage-proxy/gift_assets/models/sticker.tgs?token=bB4Wu-W0EAn1fl0wrm9okhPv1SNjOmjvs3ne5y8jdWNGV568wH9CllmSCGgUOHUz1ppMemyod3A09numNHS2eaYJYpsKe_v7HWmw2F2lB4GidI7dwZl1a4bpaStCo3hZ8R2dU3Ty_ycDCoRK7aUwmzGneyfGU83IEieiFaGnc5WHLGNqWCM2VICifTQLiTjS_SFVKdsgr2CgHdJFr6EfauD9_lNXuO4F_AY5XmxTcFnTKrk76_c8uOOr_-c1FkcmxtVEmyuZD65eolUqZj3Q0OYIJV_yzCQitIHPv9gR_FKh3l9lRJhHgyve9bjfmCy4EPkavU494mnOnSUpgzsHwg
Kung Fu Pepe 2%,https://imperator-server.onrender.com/storage-proxy/gift_assets/models/sticker.tgs?token=KNCYEefy2X2-EQlKWknJBNve4gBrBXjOVGyJnW6Pw5Gtq7ZmU3gFnj7bPAw7FeeMx-A_g1Ra9n5nDuwrwAulCP5CsNCpuYu0nBQaR1gTKHaiPSjZ30InSbHtR0GT0Vj2r-6lkUIyTwB0UjbuJVoPAU49UH9TG189R-4-s8j1FprR3ukGwAM_CWpeyjg2lPLPLXdqSp3nGfgNgLVpF9M2FDGKNzgr5x3FHn3zNuslrdUD2itd9iYN5kYMax3cYMmQ52HOqMHsL9sTbsem8NdgmJBRDgGIY7xbJYMHzx3FQyTVQIECyxpBDUc-2V9pdZ-N3OgDzRqiKugkwB1IE5vCOA
Ninja Mike 1%,https://imperator-server.onrender.com/storage-proxy/gift_assets/models/sticker.tgs?token=AuxL7ACYNWS5n0t00K9154qO17qste2voU98OWmoH24w1UfaTQGF9gnYazQlkbPVUzCc44QoQWVLe50aJ9w8YyIyoyCLAv3oazIpEtTSyTWZTkcBAlvM1gFIpMVAK0EAMTlIoSO2joutjfQOS6i-kGUJfAo6uRSAmH5IXtWtVC3dK1qCqZhsoqiB0LjiIohavwl1T2RyERj0Pq3a6rHkaadMiu_IGEhTa9g69q2I3dGuIBLjpGKEEJzwn-02VLwsnOWSuCIlvic8LBvxKWzZR9M5vnSckaoQpdtqmy3Sg1bRNauuOe8jW26_m_N-6X9WTfzWjUiMgig818kiNRU4Pg
Pepe La Rana 2%,https://imperator-server.onrender.com/storage-proxy/gift_assets/models/sticker.tgs?token=AXHaOfJWD3FFOHrvGepbAu92Sk4JlOQtm4D_zJYY8-mDQap6adP_2JENtcNKOHLVe43syoyiwzAISci-u-MkavuZs6w5laDyOY4TZDSk3AwvizurPhXDWnUOy6nWrCfawcDI9j9bVL-AWsBkcsmc6q7C0iOrbnmUQ2f6tgMwS7KMVr73cR_QqAHaxo9RkmYsMzMpmAgB3zju6vSLqT0_51ZRGzjMBUeyUziMH5REKD7ayabNDx3TGmhQUMrDarsji0HS-UW6DlXJZM8R_r5k04tL36EKFBRGQQShFYXpW4W0ZJM_wyX4rohpgSAdryVdFH9F4lkWjqHLzolLPdk2MA
Steel Frog 1%,https://imperator-server.onrender.com/storage-proxy/gift_assets/models/sticker.tgs?token=ikOnVcCNYZZkRsfBgpGYEA1EoasEiSYCpLnGH7_4ZbEajGRP-AJ7H3SbiikybsXli19zPg1ZpnByn13QmJfOzHiSsNhMwCMSbwOZnFy-viz0HNMRvSeOo8iilY2HtLVlHeTDCGILgvD35__PIuKSpJjr89wEmCqd1dPn5mAwNOEBGqxB5GeTavF3n5_rAbMeyN9GFkQT2Gt5IxSlr8VA1qM8GRWmWywdIjzMxVyzQTXvw19T60fTgneWMfHAwGlZhiN4P29tHe4p8TEONX61BrjcVwvNNB_7XMxD5mU4hlSE425ciLWYFlMN6qopsWqT0AIX4_vKjH7tpJshKUUsLw
Marble 2%,https://imperator-server.onrender.com/storage-proxy/gift_assets/models/sticker.tgs?token=ooDsTvY7pNHOSJUNPa0g31IxnuP-OvWp10RYMxkp5bINxxH7leIiEflXzLLHFqOpn3YdbQtAqWb9RO5fBC1ELjB3v74BNr7kFQqmDhHQtJLIcKgtwt-VPjMxOwEdZNGmN0YbmhRhWcuziGDskkZgVChd4alLMVkeJJKEZbhaZY528F1EzeNAC8Fk_EJp_4tkrnAggNGEVco3HnB8MM43Aq0XEqrkP8P0jF3w_fjv_zDipEJjkjkcfvnnTNy8Ki05GOrne9RjdX8mxwRUKRvyfjraOxEjcbJvGNXMvkQfyvZUb12EcPK6JQ9nryFP2ueFTCMyJaZPGNu0IRASSiZ8PA
Aqua Plush 3%,https://imperator-server.onrender.com/storage-proxy/gift_assets/models/sticker.tgs?token=ZOk3GumAf_jteTRLSUPHxuILo-pERtTL18FZnW0NqnL9iS_8kVsVjzy-WajPAJNcR25BYQwDkgAL_eDdrIPMh44UBc19q_HLuHSTOtyrquWJtVSIBZ0iVk-_ww_AO3LrgYe40g05ouWAATXS6tLk_zIcT9JzqYOUeH2D2LBUTQbnGJlvcR7TSguN09-iu-69wO2nz4q6m2SuYjba-UdoDRdgIkmeVMCPUR1v2lSpdv-u-ZvxRNb64dVAVBBCi1veO98iCSIn0XJzf7oOHRqDEZ7sCyKW5EVvAn5RCJPqhSIKW7izGmZnnUqQRnC0wNtUfNnQQUsl4QHuBWIrJY_f9A
Cozy Galaxy 1%,https://imperator-server.onrender.com/storage-proxy/gift_assets/models/sticker.tgs?token=ib_tSls5G0RipU5rqvVTzuQBtZXHwLfsiwi5Vip5q0ab1BTKGNZoHcSX_g4tysqobRCOqtjx5bvWLS2CSc_w-4lsjNZNZidAMHA7pT0nP2IagSA06h4h3IR-EoPDXO-0zcN5J8P54blAuWjFmV-Db8Utmz2v8V3oyEVtnpQJ9D_idI5AFhhOc1Q8XGWDWfID0Vgw5QRXu-9BH7ohRQIZzvDheMfWnkHy8tPW42Ey5ie9LWPbGDG6Pm6MyjWwczDL8OShxVp39iyMfK7imPD2uNUxapHl9_NnJfWUX33mngn4gfKaQD4ALGET9EnfOjdVPqox0LV2BmavP-u6QOqoEQ
Magnate 1%,https://imperator-server.onrender.com/storage-proxy/gift_assets/models/sticker.tgs?token=PiXM6D4fxyBnfh2FRCOZsqrWjftHkUOy1QzC6LU1qnUrjFMdGcEP-QvZfiS0HY94zocPssuR_Qx5KxqxkdDZeXwXHp-kdocLv9pV4SQMzQI5jopAOYvXKlLkUF-pzFMLDOkQPlixUqLDSyBCGbgQKqna5ZA1bM3VPlT623YoCRZRulIxMFNVe5eM5GzX6_msNym4GS1dKUqxMlHNy3pSuTYd6nu93JQzdKL3a_kfHsBy-IsaYTY4nGBi1rIMoniGD4lW3OgyD3coGisiNt6DqOHMjY_oMAI9gkmOAqaWkSk29aehavEJl7OErVTbzGl04S3NhS4QKq6bY3ajZl_3mQ
Louis Vuittoad 1%,https://imperator-server.onrender.com/storage-proxy/gift_assets/models/sticker.tgs?token=rYuVActe60Hv_bKHuFxhzVeR0kqRlYZGEtOMzTLL5thy1YHInH0qwGxisIFZGh3jq9OustzKh-bfa6mJ1pTHGBaIj2YPfkr6Kb0N73iZHmWUAUK-Inhr46Ks_zQW7gPjzjD5kUwCp-cs5qovP1dR6EiS2_5HPRLbHOtsjbNppENB5MgJcGyCurpwtkHynU_NLH48drrar274Fj0YBZxkPFpsEqEDCNi3nDIWMW-Gy6e_rcep7i3g_5w-yLL3cVHZZo478kox7Y6ISHU8swp4SaxA_Od7wQ8lOo1I3t1H67KYVwzrJMUXM0mn-RbD2ydGF5zi-JKs18JpATjr-jRH7w
Safari 1.5%,https://imperator-server.onrender.com/storage-proxy/gift_assets/models/Safari_1.tgs
Rescue Mission 2.5%,https://imperator-server.onrender.com/storage-proxy/gift_assets/models/Rescue_Mission_2.tgs
Private Jet 3%,https://imperator-server.onrender.com/storage-proxy/gift_assets/models/Private_Jet_3.tgs
Baywatch 0.5%,https://imperator-server.onrender.com/storage-proxy/gift_assets/models/Baywatch_0.tgs
Pool Pepe 1%,https://imperator-server.onrender.com/storage-proxy/gift_assets/models/Pool_Pepe_1.tgs
Lucky Dragon 3%,https://imperator-server.onrender.com/storage-proxy/gift_assets/models/Lucky_Dragon_3.tgs
Crypto Whale 1.5%,https://imperator-server.onrender.com/storage-proxy/gift_assets/models/Crypto_Whale_1.tgs
Water Scooter 1.5%,https://imperator-server.onrender.com/storage-proxy/gift_assets/models/Water_Scooter_1.tgs
Bald Eagle 2%,https://imperator-server.onrender.com/storage-proxy/gift_assets/models/Bald_Eagle_2.tgs
Nessie 0.5%,https://imperator-server.onrender.com/storage-proxy/gift_assets/models/Nessie_0.tgs
Duck Boss 2.5%,https://imperator-server.onrender.com/storage-proxy/gift_assets/models/Duck_Boss_2.tgs
Stonks 2%,https://imperator-server.onrender.com/storage-proxy/gift_assets/models/Stonks_2.tgs
Mojito 2.5%,https://imperator-server.onrender.com/storage-proxy/gift_assets/models/Mojito_2.tgs
Peach Shake 1.5%,https://imperator-server.onrender.com/storage-proxy/gift_assets/models/Peach_Shake_1.tgs
Palm Beach 3%,https://imperator-server.onrender.com/storage-proxy/gift_assets/models/Palm_Beach_3.tgs
Balloon Dog 3%,https://imperator-server.onrender.com/storage-proxy/gift_assets/models/Balloon_Dog_3.tgs
Homer 1.5%,https://imperator-server.onrender.com/storage-proxy/gift_assets/models/Homer_1.tgs
Quacky 3%,https://imperator-server.onrender.com/storage-proxy/gift_assets/models/Quacky_3.tgs
Hong Long 1.5%,https://imperator-server.onrender.com/storage-proxy/gift_assets/models/Hong_Long_1.tgs
Royal Peacock 2.5%,https://imperator-server.onrender.com/storage-proxy/gift_assets/models/Royal_Peacock_2.tgs
Anubis 1.5%,https://imperator-server.onrender.com/storage-proxy/gift_assets/models/Anubis_1.tgs
Disco 2%,https://imperator-server.onrender.com/storage-proxy/gift_assets/models/Disco_2.tgs
Dark Swan 3%,https://imperator-server.onrender.com/storage-proxy/gift_assets/models/Dark_Swan_3.tgs
Water Tank 1.5%,https://imperator-server.onrender.com/storage-proxy/gift_assets/models/Water_Tank_1.tgs
Air Bunny 3%,https://imperator-server.onrender.com/storage-proxy/gift_assets/models/Air_Bunny_3.tgs
Alpaca 3%,https://imperator-server.onrender.com/storage-proxy/gift_assets/models/Alpaca_3.tgs
Pool King 1%,https://imperator-server.onrender.com/storage-proxy/gift_assets/models/Pool_King_1.tgs
Motorboat 2%,https://imperator-server.onrender.com/storage-proxy/gift_assets/models/Motorboat_2.tgs
Skibidi 1.5%,https://imperator-server.onrender.com/storage-proxy/gift_assets/models/Skibidi_1.tgs
Giraffe 3%,https://imperator-server.onrender.com/storage-proxy/gift_assets/models/Giraffe_3.tgs
Khokhloma 1%,https://imperator-server.onrender.com/storage-proxy/gift_assets/models/Khokhloma_1.tgs
Pelican Decoy 2.5%,https://imperator-server.onrender.com/storage-proxy/gift_assets/models/Pelican_Decoy_2.tgs
Giant Panda 2.5%,https://imperator-server.onrender.com/storage-proxy/gift_assets/models/Giant_Panda_2.tgs
Leonardo 2%,https://imperator-server.onrender.com/storage-proxy/gift_assets/models/Leonardo_2.tgs
Lizard 3%,https://imperator-server.onrender.com/storage-proxy/gift_assets/models/Lizard_3.tgs
Going Merry 1%,https://imperator-server.onrender.com/storage-proxy/gift_assets/models/Going_Merry_1.tgs
Gzhel 1%,https://imperator-server.onrender.com/storage-proxy/gift_assets/models/Gzhel_1.tgs
Slick Track 1.5%,https://imperator-server.onrender.com/storage-proxy/gift_assets/models/Slick_Track_1.tgs
Sebastian 3%,https://imperator-server.onrender.com/storage-proxy/gift_assets/models/Sebastian_3.tgs
Los Muertos 1.5%,https://imperator-server.onrender.com/storage-proxy/gift_assets/models/Los_Muertos_1.tgs
Golden Cobra 3%,https://imperator-server.onrender.com/storage-proxy/gift_assets/models/Golden_Cobra_3.tgs
Pool Party 2%,https://imperator-server.onrender.com/storage-proxy/gift_assets/models/Pool_Party_2.tgs
Cash Flow 1.5%,https://imperator-server.onrender.com/storage-proxy/gift_assets/models/Cash_Flow_1.tgs
Toucan 2.5%,https://imperator-server.onrender.com/storage-proxy/gift_assets/models/Toucan_2.tgs
Stretching 1%,https://imperator-server.onrender.com/storage-proxy/gift_assets/models/Stretching_1.tgs
Show Seal 3%,https://imperator-server.onrender.com/storage-proxy/gift_assets/models/Show_Seal_3.tgs
Luxury Yacht 0.5%,https://imperator-server.onrender.com/storage-proxy/gift_assets/models/Luxury_Yacht_0.tgs
Bumblebee 1%,https://imperator-server.onrender.com/storage-proxy/gift_assets/models/Bumblebee_1.tgs
Saint Nickel 0.5%,https://imperator-server.onrender.com/storage-proxy/gift_assets/models/Saint_Nickel_0.tgs
Iridescent 1.5%,https://imperator-server.onrender.com/storage-proxy/gift_assets/models/Iridescent_1.tgs
Clear Sky 1.5%,https://imperator-server.onrender.com/storage-proxy/gift_assets/models/Clear_Sky_1.tgs
Peach Black 1.5%,https://imperator-server.onrender.com/storage-proxy/gift_assets/models/Peach_Black_1.tgs
Ripe Pink 2%,https://imperator-server.onrender.com/storage-proxy/gift_assets/models/Ripe_Pink_2.tgs
Mardi Gras 1.5%,https://imperator-server.onrender.com/storage-proxy/gift_assets/models/Mardi_Gras_1.tgs
Fuzzy Lilac 1.5%,https://imperator-server.onrender.com/storage-proxy/gift_assets/models/Fuzzy_Lilac_1.tgs
Cutie Pink 1.5%,https://imperator-server.onrender.com/storage-proxy/gift_assets/models/Cutie_Pink_1.tgs
Rosegold 2%,https://imperator-server.onrender.com/storage-proxy/gift_assets/models/Rosegold_2.tgs
Pyrite 2%,https://imperator-server.onrender.com/storage-proxy/gift_assets/models/Pyrite_2.tgs
Neptune 2%,https://imperator-server.onrender.com/storage-proxy/gift_assets/models/Neptune_2.tgs
Juicy Tones 1.5%,https://imperator-server.onrender.com/storage-proxy/gift_assets/models/Juicy_Tones_1.tgs
Terra Firma 1.5%,https://imperator-server.onrender.com/storage-proxy/gift_assets/models/Terra_Firma_1.tgs
Crypto Orange 1%,https://imperator-server.onrender.com/storage-proxy/gift_assets/models/Crypto_Orange_1.tgs
Gleam Bite 0.5%,https://imperator-server.onrender.com/storage-proxy/gift_assets/models/Gleam_Bite_0.tgs
Smooch 1%,https://imperator-server.onrender.com/storage-proxy/gift_assets/models/Smooch_1.tgs
Mushroom 1%,https://imperator-server.onrender.com/storage-proxy/gift_assets/models/Mushroom_1.tgs
Polaris 1.5%,https://imperator-server.onrender.com/storage-proxy/gift_assets/models/Polaris_1.tgs
Faded Silver 1.5%,https://imperator-server.onrender.com/storage-proxy/gift_assets/models/Faded_Silver_1.tgs
Morning Haze 1.5%,https://imperator-server.onrender.com/storage-proxy/gift_assets/models/Morning_Haze_1.tgs
Party-Ready 1.5%,https://imperator-server.onrender.com/storage-proxy/gift_assets/models/Party-Ready_1.tgs
Cutout 1%,https://imperator-server.onrender.com/storage-proxy/gift_assets/models/Cutout_1.tgs
Ruby Red 1.5%,https://imperator-server.onrender.com/storage-proxy/gift_assets/models/Ruby_Red_1.tgs
Moss Posh 1.5%,https://imperator-server.onrender.com/storage-proxy/gift_assets/models/Moss_Posh_1.tgs
Bright Amber 1.5%,https://imperator-server.onrender.com/storage-proxy/gift_assets/models/Bright_Amber_1.tgs
Ogre Green 2%,https://imperator-server.onrender.com/storage-proxy/gift_assets/models/Ogre_Green_2.tgs
Dreamer 1.5%,https://imperator-server.onrender.com/storage-proxy/gift_assets/models/Dreamer_1.tgs
Pink Cupid 1%,https://imperator-server.onrender.com/storage-proxy/gift_assets/models/Pink_Cupid_1.tgs
Heirloom 1.5%,https://imperator-server.onrender.com/storage-proxy/gift_assets/models/Heirloom_1.tgs
Soft Sunset 2%,https://imperator-server.onrender.com/storage-proxy/gift_assets/models/Soft_Sunset_2.tgs
Neo-Chrome 1.5%,https://imperator-server.onrender.com/storage-proxy/gift_assets/models/Neo-Chrome_1.tgs
Ladybug 1%,https://imperator-server.onrender.com/storage-proxy/gift_assets/models/Ladybug_1.tgs
Glass Heart 1%,https://imperator-server.onrender.com/storage-proxy/gift_assets/models/Glass_Heart_1.tgs
Iron Blush 1.5%,https://imperator-server.onrender.com/storage-proxy/gift_assets/models/Iron_Blush_1.tgs
Lush Green 1.5%,https://imperator-server.onrender.com/storage-proxy/gift_assets/models/Lush_Green_1.tgs
Christmas 1.5%,https://imperator-server.onrender.com/storage-proxy/gift_assets/models/Christmas_1.tgs
Ripe Green 1.5%,https://imperator-server.onrender.com/storage-proxy/gift_assets/models/Ripe_Green_1.tgs
Cherry Season 1%,https://imperator-server.onrender.com/storage-proxy/gift_assets/models/Cherry_Season_1.tgs
Juicy Orange 1.5%,https://imperator-server.onrender.com/storage-proxy/gift_assets/models/Juicy_Orange_1.tgs
Rich Green 1%,https://imperator-server.onrender.com/storage-proxy/gift_assets/models/Rich_Green_1.tgs
Jelly Bubble 1%,https://imperator-server.onrender.com/storage-proxy/gift_assets/models/Jelly_Bubble_1.tgs
Premium 1%,https://imperator-server.onrender.com/storage-proxy/gift_assets/models/Premium_1.tgs
Bright Coral 1.5%,https://imperator-server.onrender.com/storage-proxy/gift_assets/models/Bright_Coral_1.tgs
Berry Pit 1.5%,https://imperator-server.onrender.com/storage-proxy/gift_assets/models/Berry_Pit_1.tgs
Jelly Stars 1%,https://imperator-server.onrender.com/storage-proxy/gift_assets/models/Jelly_Stars_1.tgs
Cold Iron 1.5%,https://imperator-server.onrender.com/storage-proxy/gift_assets/models/Cold_Iron_1.tgs
Pure Peach 1.5%,https://imperator-server.onrender.com/storage-proxy/gift_assets/models/Pure_Peach_1.tgs
Malachite 1.5%,https://imperator-server.onrender.com/storage-proxy/gift_assets/models/Malachite_1.tgs
Tonfruit 1%,https://imperator-server.onrender.com/storage-proxy/gift_assets/models/Tonfruit_1.tgs
Cherry Secret 0.2%,https://imperator-server.onrender.com/storage-proxy/gift_assets/models/Cherry_Secret_0.tgs
Glossy Pink 1.5%,https://imperator-server.onrender.com/storage-proxy/gift_assets/models/Glossy_Pink_1.tgs
Purple Glow 1.5%,https://imperator-server.onrender.com/storage-proxy/gift_assets/models/Purple_Glow_1.tgs
Cozy Warmth 1.5%,https://imperator-server.onrender.com/storage-proxy/gift_assets/models/Cozy_Warmth_1.tgs
Smelting 0.2%,https://imperator-server.onrender.com/storage-proxy/gift_assets/models/Smelting_0.tgs
Spoiled 0.5%,https://imperator-server.onrender.com/storage-proxy/gift_assets/models/Spoiled_0.tgs
Soap Bubble 1.5%,https://imperator-server.onrender.com/storage-proxy/gift_assets/models/Soap_Bubble_1.tgs
Bronze 1.5%,https://imperator-server.onrender.com/storage-proxy/gift_assets/models/Bronze_1.tgs
Golden Shine 1.5%,https://imperator-server.onrender.com/storage-proxy/gift_assets/models/Golden_Shine_1.tgs
Bubbling Blue 0.5%,https://imperator-server.onrender.com/storage-proxy/gift_assets/models/Bubbling_Blue_0.tgs
Honey Gold 1.5%,https://imperator-server.onrender.com/storage-proxy/gift_assets/models/Honey_Gold_1.tgs
Smooth Touch 1.5%,https://imperator-server.onrender.com/storage-proxy/gift_assets/models/Smooth_Touch_1.tgs
Morningstar 1%,https://imperator-server.onrender.com/storage-proxy/gift_assets/models/Morningstar_1.tgs
Xmas Lights 0.5%,https://imperator-server.onrender.com/storage-proxy/gift_assets/models/Xmas_Lights_0.tgs
Glossy Finish 2%,https://imperator-server.onrender.com/storage-proxy/gift_assets/models/Glossy_Finish_2.tgs
Bismuth 1.5%,https://imperator-server.onrender.com/storage-proxy/gift_assets/models/Bismuth_1.tgs
Yin Yang 1%,https://imperator-server.onrender.com/storage-proxy/gift_assets/models/Yin_Yang_1.tgs
Impeached 0.5%,https://imperator-server.onrender.com/storage-proxy/gift_assets/models/Impeached_0.tgs
Elegance 1.5%,https://imperator-server.onrender.com/storage-proxy/gift_assets/models/Elegance_1.tgs
Caramel Red 0.2%,https://imperator-server.onrender.com/storage-proxy/gift_assets/models/Caramel_Red_0.tgs
Shocking 0.2%,https://imperator-server.onrender.com/storage-proxy/gift_assets/models/Shocking_0.tgs
Ruby Slice 1.5%,https://imperator-server.onrender.com/storage-proxy/gift_assets/models/Ruby_Slice_1.tgs
Airy Bright 1%,https://imperator-server.onrender.com/storage-proxy/gift_assets/models/Airy_Bright_1.tgs
999 Karat 1%,https://imperator-server.onrender.com/storage-proxy/gift_assets/models/999_Karat_1.tgs
Blizzard 0.5%,https://imperator-server.onrender.com/storage-proxy/gift_assets/models/Blizzard_0.tgs
Hollywood 3%,https://imperator-server.onrender.com/storage-proxy/gift_assets/models/Hollywood_3.tgs
Waffle Cone 2.5%,https://imperator-server.onrender.com/storage-proxy/gift_assets/models/Waffle_Cone_2.tgs
Boom Bloom 1.5%,https://imperator-server.onrender.com/storage-proxy/gift_assets/models/Boom_Bloom_1.tgs
Rich Lilac 3%,https://imperator-server.onrender.com/storage-proxy/gift_assets/models/Rich_Lilac_3.tgs
Fresh Cash 2.5%,https://imperator-server.onrender.com/storage-proxy/gift_assets/models/Fresh_Cash_2.tgs
Van Gogh 1%,https://imperator-server.onrender.com/storage-proxy/gift_assets/models/Van_Gogh_1.tgs
Lotus Pay 2.5%,https://imperator-server.onrender.com/storage-proxy/gift_assets/models/Lotus_Pay_2.tgs
Payday 3%,https://imperator-server.onrender.com/storage-proxy/gift_assets/models/Payday_3.tgs
Viva Italia 2%,https://imperator-server.onrender.com/storage-proxy/gift_assets/models/Viva_Italia_2.tgs
Edelweiss 2.5%,https://imperator-server.onrender.com/storage-proxy/gift_assets/models/Edelweiss_2.tgs
Frankfurter 3%,https://imperator-server.onrender.com/storage-proxy/gift_assets/models/Frankfurter_3.tgs
Cinnabon 2%,https://imperator-server.onrender.com/storage-proxy/gift_assets/models/Cinnabon_2.tgs
Teddy Luxe 1.5%,https://imperator-server.onrender.com/storage-proxy/gift_assets/models/Teddy_Luxe_1.tgs
Halloween 2.5%,https://imperator-server.onrender.com/storage-proxy/gift_assets/models/Halloween_2.tgs
Fast Food 1.5%,https://imperator-server.onrender.com/storage-proxy/gift_assets/models/Fast_Food_1.tgs
Cinema 2.5%,https://imperator-server.onrender.com/storage-proxy/gift_assets/models/Cinema_2.tgs
Art Therapy 3%,https://imperator-server.onrender.com/storage-proxy/gift_assets/models/Art_Therapy_3.tgs
Duck Spa 1.5%,https://imperator-server.onrender.com/storage-proxy/gift_assets/models/Duck_Spa_1.tgs
Tangerine 2.5%,https://imperator-server.onrender.com/storage-proxy/gift_assets/models/Tangerine_2.tgs
Rose Diamond 2.5%,https://imperator-server.onrender.com/storage-proxy/gift_assets/models/Rose_Diamond_2.tgs
Croissant 2%,https://imperator-server.onrender.com/storage-proxy/gift_assets/models/Croissant_2.tgs
Sunflower Oil 1%,https://imperator-server.onrender.com/storage-proxy/gift_assets/models/Sunflower_Oil_1.tgs
Temaki 2.5%,https://imperator-server.onrender.com/storage-proxy/gift_assets/models/Temaki_2.tgs
Orchids 2.5%,https://imperator-server.onrender.com/storage-proxy/gift_assets/models/Orchids_2.tgs
Salami Set 2.5%,https://imperator-server.onrender.com/storage-proxy/gift_assets/models/Salami_Set_2.tgs
Moon Shrooms 1.5%,https://imperator-server.onrender.com/storage-proxy/gift_assets/models/Moon_Shrooms_1.tgs
Zen Garden 2%,https://imperator-server.onrender.com/storage-proxy/gift_assets/models/Zen_Garden_2.tgs
Semki 0.5%,https://imperator-server.onrender.com/storage-proxy/gift_assets/models/Semki_0.tgs
Snake Den 3%,https://imperator-server.onrender.com/storage-proxy/gift_assets/models/Snake_Den_3.tgs
Gummy Bears 2%,https://imperator-server.onrender.com/storage-proxy/gift_assets/models/Gummy_Bears_2.tgs
Rock Band 3%,https://imperator-server.onrender.com/storage-proxy/gift_assets/models/Rock_Band_3.tgs
Roadworks 0.5%,https://imperator-server.onrender.com/storage-proxy/gift_assets/models/Roadworks_0.tgs
Jackpot 1%,https://imperator-server.onrender.com/storage-proxy/gift_assets/models/Jackpot_1.tgs
Duty Free 2%,https://imperator-server.onrender.com/storage-proxy/gift_assets/models/Duty_Free_2.tgs
Momo 1%,https://imperator-server.onrender.com/storage-proxy/gift_assets/models/Momo_1.tgs
Provence 3%,https://imperator-server.onrender.com/storage-proxy/gift_assets/models/Provence_3.tgs
Forester 2%,https://imperator-server.onrender.com/storage-proxy/gift_assets/models/Forester_2.tgs
Dead Roses 1.5%,https://imperator-server.onrender.com/storage-proxy/gift_assets/models/Dead_Roses_1.tgs
Clown Flowers 1%,https://imperator-server.onrender.com/storage-proxy/gift_assets/models/Clown_Flowers_1.tgs
Shawarma 1%,https://imperator-server.onrender.com/storage-proxy/gift_assets/models/Shawarma_1.tgs
Sakura 2.5%,https://imperator-server.onrender.com/storage-proxy/gift_assets/models/Sakura_2.tgs
Sea Shanty 1.5%,https://imperator-server.onrender.com/storage-proxy/gift_assets/models/Sea_Shanty_1.tgs
Funeral 1%,https://imperator-server.onrender.com/storage-proxy/gift_assets/models/Funeral_1.tgs
Aubergines 0.5%,https://imperator-server.onrender.com/storage-proxy/gift_assets/models/Aubergines_0.tgs
Garnet Koel 2.5%,https://imperator-server.onrender.com/storage-proxy/gift_assets/models/Garnet_Koel_2.tgs
Phoenix 3.5%,https://imperator-server.onrender.com/storage-proxy/gift_assets/models/Phoenix_3.tgs
Kakapo 2.5%,https://imperator-server.onrender.com/storage-proxy/gift_assets/models/Kakapo_2.tgs
Amber Toucan 3.5%,https://imperator-server.onrender.com/storage-proxy/gift_assets/models/Amber_Toucan_3.tgs
Fire Rooster 1.5%,https://imperator-server.onrender.com/storage-proxy/gift_assets/models/Fire_Rooster_1.tgs
Pegasus 2.5%,https://imperator-server.onrender.com/storage-proxy/gift_assets/models/Pegasus_2.tgs
Silver Spike 2.5%,https://imperator-server.onrender.com/storage-proxy/gift_assets/models/Silver_Spike_2.tgs
Crystal Swan 3.5%,https://imperator-server.onrender.com/storage-proxy/gift_assets/models/Crystal_Swan_3.tgs
Red Vulture 3%,https://imperator-server.onrender.com/storage-proxy/gift_assets/models/Red_Vulture_3.tgs
Jade Jay 3.5%,https://imperator-server.onrender.com/storage-proxy/gift_assets/models/Jade_Jay_3.tgs
The Emperor 2.5%,https://imperator-server.onrender.com/storage-proxy/gift_assets/models/The_Emperor_2.tgs
Paradise 4%,https://imperator-server.onrender.com/storage-proxy/gift_assets/models/Paradise_4.tgs
Dark Knight 1%,https://imperator-server.onrender.com/storage-proxy/gift_assets/models/Dark_Knight_1.tgs
Chickadee 2.5%,https://imperator-server.onrender.com/storage-proxy/gift_assets/models/Chickadee_2.tgs
Battlewing 2%,https://imperator-server.onrender.com/storage-proxy/gift_assets/models/Battlewing_2.tgs
Pigeon 3%,https://imperator-server.onrender.com/storage-proxy/gift_assets/models/Pigeon_3.tgs
Winged Victory 1.5%,https://imperator-server.onrender.com/storage-proxy/gift_assets/models/Winged_Victory_1.tgs
Treasure 1.5%,https://imperator-server.onrender.com/storage-proxy/gift_assets/models/Treasure_1.tgs
Noble Puffin 3.5%,https://imperator-server.onrender.com/storage-proxy/gift_assets/models/Noble_Puffin_3.tgs
Ruby Dodo 1%,https://imperator-server.onrender.com/storage-proxy/gift_assets/models/Ruby_Dodo_1.tgs
Zombie Rider 0.5%,https://imperator-server.onrender.com/storage-proxy/gift_assets/models/Zombie_Rider_0.tgs
Silver Wings 2.5%,https://imperator-server.onrender.com/storage-proxy/gift_assets/models/Silver_Wings_2.tgs
Prehistoric 2%,https://imperator-server.onrender.com/storage-proxy/gift_assets/models/Prehistoric_2.tgs
Azure Spark 3.5%,https://imperator-server.onrender.com/storage-proxy/gift_assets/models/Azure_Spark_3.tgs
Necromancer 2%,https://imperator-server.onrender.com/storage-proxy/gift_assets/models/Necromancer_2.tgs
Icarus 2%,https://imperator-server.onrender.com/storage-proxy/gift_assets/models/Icarus_2.tgs
Hippogriff 2%,https://imperator-server.onrender.com/storage-proxy/gift_assets/models/Hippogriff_2.tgs
Diamond Owl 2%,https://imperator-server.onrender.com/storage-proxy/gift_assets/models/Diamond_Owl_2.tgs
Manticore 1.5%,https://imperator-server.onrender.com/storage-proxy/gift_assets/models/Manticore_1.tgs
Sphinx 1.5%,https://imperator-server.onrender.com/storage-proxy/gift_assets/models/Sphinx_1.tgs
Pelican 3.5%,https://imperator-server.onrender.com/storage-proxy/gift_assets/models/Pelican_3.tgs
Gargoyle 1.5%,https://imperator-server.onrender.com/storage-proxy/gift_assets/models/Gargoyle_1.tgs
Thunderbird 0.5%,https://imperator-server.onrender.com/storage-proxy/gift_assets/models/Thunderbird_0.tgs
Dark Prince 1%,https://imperator-server.onrender.com/storage-proxy/gift_assets/models/Dark_Prince_1.tgs
Copper Quack 3%,https://imperator-server.onrender.com/storage-proxy/gift_assets/models/Copper_Quack_3.tgs
Crystal Swift 2%,https://imperator-server.onrender.com/storage-proxy/gift_assets/models/Crystal_Swift_2.tgs
Bat King 2%,https://imperator-server.onrender.com/storage-proxy/gift_assets/models/Bat_King_2.tgs
Apex Drone 1.5%,https://imperator-server.onrender.com/storage-proxy/gift_assets/models/Apex_Drone_1.tgs
Aurora Moth 1.5%,https://imperator-server.onrender.com/storage-proxy/gift_assets/models/Aurora_Moth_1.tgs
Gilded Heron 1.5%,https://imperator-server.onrender.com/storage-proxy/gift_assets/models/Gilded_Heron_1.tgs
Lucifer 1%,https://imperator-server.onrender.com/storage-proxy/gift_assets/models/Lucifer_1.tgs
Golden Falcon 1.5%,https://imperator-server.onrender.com/storage-proxy/gift_assets/models/Golden_Falcon_1.tgs
Wave Glider 1%,https://imperator-server.onrender.com/storage-proxy/gift_assets/models/Wave_Glider_1.tgs
Black Hawk 1.5%,https://imperator-server.onrender.com/storage-proxy/gift_assets/models/Black_Hawk_1.tgs
Frozen Gold 0.5%,https://imperator-server.onrender.com/storage-proxy/gift_assets/models/Frozen_Gold_0.tgs
Rose Fairy 1%,https://imperator-server.onrender.com/storage-proxy/gift_assets/models/Rose_Fairy_1.tgs
Shadow Raven 1.5%,https://imperator-server.onrender.com/storage-proxy/gift_assets/models/Shadow_Raven_1.tgs
Hot Chick 1%,https://imperator-server.onrender.com/storage-proxy/gift_assets/models/Hot_Chick_1.tgs
Royal Pavo 0.5%,https://imperator-server.onrender.com/storage-proxy/gift_assets/models/Royal_Pavo_0.tgs
Fiscal Hawk 0.5%,https://imperator-server.onrender.com/storage-proxy/gift_assets/models/Fiscal_Hawk_0.tgs
Dark Noir 0.5%,https://imperator-server.onrender.com/storage-proxy/gift_assets/models/Dark_Noir_0.tgs
Meadow 1%,https://imperator-server.onrender.com/storage-proxy/gift_assets/models/Meadow_1.tgs
Retrowave 1%,https://imperator-server.onrender.com/storage-proxy/gift_assets/models/Retrowave_1.tgs
Melon Blues 1%,https://imperator-server.onrender.com/storage-proxy/gift_assets/models/Melon_Blues_1.tgs
Mangosteen 1.5%,https://imperator-server.onrender.com/storage-proxy/gift_assets/models/Mangosteen_1.tgs
Red Mirage 1.5%,https://imperator-server.onrender.com/storage-proxy/gift_assets/models/Red_Mirage_1.tgs
Birthday 0.5%,https://imperator-server.onrender.com/storage-proxy/gift_assets/models/Birthday_0.tgs
Red Cruiser 1.5%,https://imperator-server.onrender.com/storage-proxy/gift_assets/models/Red_Cruiser_1.tgs
Mr. Orange 1.5%,https://imperator-server.onrender.com/storage-proxy/gift_assets/models/Mr._Orange_1.tgs
Poisonwave 0.5%,https://imperator-server.onrender.com/storage-proxy/gift_assets/models/Poisonwave_0.tgs
Neo-Noir 0.5%,https://imperator-server.onrender.com/storage-proxy/gift_assets/models/Neo-Noir_0.tgs
Pink Records 1.5%,https://imperator-server.onrender.com/storage-proxy/gift_assets/models/Pink_Records_1.tgs
Coldwave 1.5%,https://imperator-server.onrender.com/storage-proxy/gift_assets/models/Coldwave_1.tgs
Fizzy Dizzy 1.5%,https://imperator-server.onrender.com/storage-proxy/gift_assets/models/Fizzy_Dizzy_1.tgs
Retro Silver 1.5%,https://imperator-server.onrender.com/storage-proxy/gift_assets/models/Retro_Silver_1.tgs
Azure Dream 1%,https://imperator-server.onrender.com/storage-proxy/gift_assets/models/Azure_Dream_1.tgs
Toxic Rave 0.5%,https://imperator-server.onrender.com/storage-proxy/gift_assets/models/Toxic_Rave_0.tgs
Blueberry Hill 1.5%,https://imperator-server.onrender.com/storage-proxy/gift_assets/models/Blueberry_Hill_1.tgs
Velvet Draft 2%,https://imperator-server.onrender.com/storage-proxy/gift_assets/models/Velvet_Draft_2.tgs
Mint Vinyl 1%,https://imperator-server.onrender.com/storage-proxy/gift_assets/models/Mint_Vinyl_1.tgs
Pink Noir 2%,https://imperator-server.onrender.com/storage-proxy/gift_assets/models/Pink_Noir_2.tgs
Folk Revival 1%,https://imperator-server.onrender.com/storage-proxy/gift_assets/models/Folk_Revival_1.tgs
Jazz Bar 2%,https://imperator-server.onrender.com/storage-proxy/gift_assets/models/Jazz_Bar_2.tgs
Until Dusk 0.5%,https://imperator-server.onrender.com/storage-proxy/gift_assets/models/Until_Dusk_0.tgs
Black Gold 1%,https://imperator-server.onrender.com/storage-proxy/gift_assets/models/Black_Gold_1.tgs
Gentle Soul 2%,https://imperator-server.onrender.com/storage-proxy/gift_assets/models/Gentle_Soul_2.tgs
Police Party 1%,https://imperator-server.onrender.com/storage-proxy/gift_assets/models/Police_Party_1.tgs
The Wall 0.5%,https://imperator-server.onrender.com/storage-proxy/gift_assets/models/The_Wall_0.tgs
Punk Forever! 0.5%,https://imperator-server.onrender.com/storage-proxy/gift_assets/models/Punk_Forever_0.tgs
Acid Neon 1%,https://imperator-server.onrender.com/storage-proxy/gift_assets/models/Acid_Neon_1.tgs
Acid Jazz 2%,https://imperator-server.onrender.com/storage-proxy/gift_assets/models/Acid_Jazz_2.tgs
Maroon 2%,https://imperator-server.onrender.com/storage-proxy/gift_assets/models/Maroon_2.tgs
School Disco 0.5%,https://imperator-server.onrender.com/storage-proxy/gift_assets/models/School_Disco_0.tgs
Midas Jazz 1%,https://imperator-server.onrender.com/storage-proxy/gift_assets/models/Midas_Jazz_1.tgs
Pink Chrome 2%,https://imperator-server.onrender.com/storage-proxy/gift_assets/models/Pink_Chrome_2.tgs
Hot Ruby 1%,https://imperator-server.onrender.com/storage-proxy/gift_assets/models/Hot_Ruby_1.tgs
Emocore 0.2%,https://imperator-server.onrender.com/storage-proxy/gift_assets/models/Emocore_0.tgs
Olive Groove 1.5%,https://imperator-server.onrender.com/storage-proxy/gift_assets/models/Olive_Groove_1.tgs
Inverted 2%,https://imperator-server.onrender.com/storage-proxy/gift_assets/models/Inverted_2.tgs
Inktober 2%,https://imperator-server.onrender.com/storage-proxy/gift_assets/models/Inktober_2.tgs
Yin-Yang 0.5%,https://imperator-server.onrender.com/storage-proxy/gift_assets/models/Yin-Yang_0.tgs
Jamaica 1%,https://imperator-server.onrender.com/storage-proxy/gift_assets/models/Jamaica_1.tgs
Matrix 1%,https://imperator-server.onrender.com/storage-proxy/gift_assets/models/Matrix_1.tgs
Jade Beat 2%,https://imperator-server.onrender.com/storage-proxy/gift_assets/models/Jade_Beat_2.tgs
Banana Split 0.5%,https://imperator-server.onrender.com/storage-proxy/gift_assets/models/Banana_Split_0.tgs
Snow White 1%,https://imperator-server.onrender.com/storage-proxy/gift_assets/models/Snow_White_1.tgs
Golden Record 1%,https://imperator-server.onrender.com/storage-proxy/gift_assets/models/Golden_Record_1.tgs
Lemonight 1%,https://imperator-server.onrender.com/storage-proxy/gift_assets/models/Lemonight_1.tgs
Moonglows 1%,https://imperator-server.onrender.com/storage-proxy/gift_assets/models/Moonglows_1.tgs
Vanilla Sky 2%,https://imperator-server.onrender.com/storage-proxy/gift_assets/models/Vanilla_Sky_2.tgs
Driftwood 1%,https://imperator-server.onrender.com/storage-proxy/gift_assets/models/Driftwood_1.tgs
Color Splash 0.5%,https://imperator-server.onrender.com/storage-proxy/gift_assets/models/Color_Splash_0.tgs
Chartreuse 2%,https://imperator-server.onrender.com/storage-proxy/gift_assets/models/Chartreuse_2.tgs
Stardust 0.5%,https://imperator-server.onrender.com/storage-proxy/gift_assets/models/Stardust_0.tgs
Neon Citrus 0.5%,https://imperator-server.onrender.com/storage-proxy/gift_assets/models/Neon_Citrus_0.tgs
Neon Disco 1%,https://imperator-server.onrender.com/storage-proxy/gift_assets/models/Neon_Disco_1.tgs
Mono Chrome 1%,https://imperator-server.onrender.com/storage-proxy/gift_assets/models/Mono_Chrome_1.tgs
Passion Funk 1.5%,https://imperator-server.onrender.com/storage-proxy/gift_assets/models/Passion_Funk_1.tgs
Unicorn Pop 0.5%,https://imperator-server.onrender.com/storage-proxy/gift_assets/models/Unicorn_Pop_0.tgs
Milk Pop 0.5%,https://imperator-server.onrender.com/storage-proxy/gift_assets/models/Milk_Pop_0.tgs
DJ Neon 1%,https://imperator-server.onrender.com/storage-proxy/gift_assets/models/DJ_Neon_1.tgs
Electric Pink 0.5%,https://imperator-server.onrender.com/storage-proxy/gift_assets/models/Electric_Pink_0.tgs
Yellow Line 2%,https://imperator-server.onrender.com/storage-proxy/gift_assets/models/Yellow_Line_2.tgs
Dragon Brute 1%,https://imperator-server.onrender.com/storage-proxy/gift_assets/models/Dragon_Brute_1.tgs
Misfits 0.5%,https://imperator-server.onrender.com/storage-proxy/gift_assets/models/Misfits_0.tgs
Party Time 0.5%,https://imperator-server.onrender.com/storage-proxy/gift_assets/models/Party_Time_0.tgs
Holy Spirit 0.5%,https://imperator-server.onrender.com/storage-proxy/gift_assets/models/Holy_Spirit_0.tgs
Party Hard 0.5%,https://imperator-server.onrender.com/storage-proxy/gift_assets/models/Party_Hard_0.tgs
Purple Swag 2%,https://imperator-server.onrender.com/storage-proxy/gift_assets/models/Purple_Swag_2.tgs
Broken Record 0.2%,https://imperator-server.onrender.com/storage-proxy/gift_assets/models/Broken_Record_0.tgs
Eucalyptus 1%,https://imperator-server.onrender.com/storage-proxy/gift_assets/models/Eucalyptus_1.tgs
Candyland 0.5%,https://imperator-server.onrender.com/storage-proxy/gift_assets/models/Candyland_0.tgs
Cameroon 1%,https://imperator-server.onrender.com/storage-proxy/gift_assets/models/Cameroon_1.tgs
Bloodbeat 1%,https://imperator-server.onrender.com/storage-proxy/gift_assets/models/Bloodbeat_1.tgs
Mon Cherry 1%,https://imperator-server.onrender.com/storage-proxy/gift_assets/models/Mon_Cherry_1.tgs
Mood Swing 0.5%,https://imperator-server.onrender.com/storage-proxy/gift_assets/models/Mood_Swing_0.tgs
Fire Show 0.5%,https://imperator-server.onrender.com/storage-proxy/gift_assets/models/Fire_Show_0.tgs
Happy Clown 0.5%,https://imperator-server.onrender.com/storage-proxy/gift_assets/models/Happy_Clown_0.tgs
Sunny 0.5%,https://imperator-server.onrender.com/storage-proxy/gift_assets/models/Sunny_0.tgs
Golden Blues 1%,https://imperator-server.onrender.com/storage-proxy/gift_assets/models/Golden_Blues_1.tgs
Sonic Fuchsia 1%,https://imperator-server.onrender.com/storage-proxy/gift_assets/models/Sonic_Fuchsia_1.tgs
Hellfire 0.5%,https://imperator-server.onrender.com/storage-proxy/gift_assets/models/Hellfire_0.tgs
Ladybugs 0.5%,https://imperator-server.onrender.com/storage-proxy/gift_assets/models/Ladybugs_0.tgs
Bang-Bang 0.5%,https://imperator-server.onrender.com/storage-proxy/gift_assets/models/Bang-Bang_0.tgs
Disco Fever 0.5%,https://imperator-server.onrender.com/storage-proxy/gift_assets/models/Disco_Fever_0.tgs
Barbie Rock 2%,https://imperator-server.onrender.com/storage-proxy/gift_assets/models/Barbie_Rock_2.tgs
High Voltage 0.5%,https://imperator-server.onrender.com/storage-proxy/gift_assets/models/High_Voltage_0.tgs
Sunset Beach 0.5%,https://imperator-server.onrender.com/storage-proxy/gift_assets/models/Sunset_Beach_0.tgs
Rattlesnake 1%,https://imperator-server.onrender.com/storage-proxy/gift_assets/models/Rattlesnake_1.tgs
Illuminati 0.2%,https://imperator-server.onrender.com/storage-proxy/gift_assets/models/Illuminati_0.tgs
Radio Active 0.5%,https://imperator-server.onrender.com/storage-proxy/gift_assets/models/Radio_Active_0.tgs
Barbie Land 0.2%,https://imperator-server.onrender.com/storage-proxy/gift_assets/models/Barbie_Land_0.tgs
Chocolate 3.3%,https://imperator-server.onrender.com/storage-proxy/gift_assets/models/Chocolate_3.tgs
Marshmallow 3%,https://imperator-server.onrender.com/storage-proxy/gift_assets/models/Marshmallow_3.tgs
Painkillers 1.5%,https://imperator-server.onrender.com/storage-proxy/gift_assets/models/Painkillers_1.tgs
Cold Mint 3%,https://imperator-server.onrender.com/storage-proxy/gift_assets/models/Cold_Mint_3.tgs
Mocktail 1.5%,https://imperator-server.onrender.com/storage-proxy/gift_assets/models/Mocktail_1.tgs
Frundles 0.9%,https://imperator-server.onrender.com/storage-proxy/gift_assets/models/Frundles_0.tgs
Charcoal 3%,https://imperator-server.onrender.com/storage-proxy/gift_assets/models/Charcoal_3.tgs
Pineapple 3%,https://imperator-server.onrender.com/storage-proxy/gift_assets/models/Pineapple_3.tgs
Tomatoes 1.7%,https://imperator-server.onrender.com/storage-proxy/gift_assets/models/Tomatoes_1.tgs
Mini Blocks 2.5%,https://imperator-server.onrender.com/storage-proxy/gift_assets/models/Mini_Blocks_2.tgs
Solar System 2.5%,https://imperator-server.onrender.com/storage-proxy/gift_assets/models/Solar_System_2.tgs
Bubble Bugs 2.5%,https://imperator-server.onrender.com/storage-proxy/gift_assets/models/Bubble_Bugs_2.tgs
Uranium 1.5%,https://imperator-server.onrender.com/storage-proxy/gift_assets/models/Uranium_1.tgs
Sketch 3%,https://imperator-server.onrender.com/storage-proxy/gift_assets/models/Sketch_3.tgs
Cotton Candy 3%,https://imperator-server.onrender.com/storage-proxy/gift_assets/models/Cotton_Candy_3.tgs
Coffee Beans 2.5%,https://imperator-server.onrender.com/storage-proxy/gift_assets/models/Coffee_Beans_2.tgs
Tiny Tulips 1.5%,https://imperator-server.onrender.com/storage-proxy/gift_assets/models/Tiny_Tulips_1.tgs
Gummy Bears 2.5%,https://imperator-server.onrender.com/storage-proxy/gift_assets/models/Gummy_Bears_2.tgs
Honey Bees 2.5%,https://imperator-server.onrender.com/storage-proxy/gift_assets/models/Honey_Bees_2.tgs
Hot Tea 2.5%,https://imperator-server.onrender.com/storage-proxy/gift_assets/models/Hot_Tea_2.tgs
Miniland 1.5%,https://imperator-server.onrender.com/storage-proxy/gift_assets/models/Miniland_1.tgs
Popcorn 1.7%,https://imperator-server.onrender.com/storage-proxy/gift_assets/models/Popcorn_1.tgs
Happy Pills 1.5%,https://imperator-server.onrender.com/storage-proxy/gift_assets/models/Happy_Pills_1.tgs
Choco Cookies 2.5%,https://imperator-server.onrender.com/storage-proxy/gift_assets/models/Choco_Cookies_2.tgs
Succulents 1.5%,https://imperator-server.onrender.com/storage-proxy/gift_assets/models/Succulents_1.tgs
Booster 1.5%,https://imperator-server.onrender.com/storage-proxy/gift_assets/models/Booster_1.tgs
Blueberry 3%,https://imperator-server.onrender.com/storage-proxy/gift_assets/models/Blueberry_3.tgs
Neon Crystals 1.5%,https://imperator-server.onrender.com/storage-proxy/gift_assets/models/Neon_Crystals_1.tgs
Tornado 2.5%,https://imperator-server.onrender.com/storage-proxy/gift_assets/models/Tornado_2.tgs
Sugar Free 3%,https://imperator-server.onrender.com/storage-proxy/gift_assets/models/Sugar_Free_3.tgs
Piggy Bank 0.7%,https://imperator-server.onrender.com/storage-proxy/gift_assets/models/Piggy_Bank_0.tgs
Autumn Candle 2.5%,https://imperator-server.onrender.com/storage-proxy/gift_assets/models/Autumn_Candle_2.tgs
Pop Art 3%,https://imperator-server.onrender.com/storage-proxy/gift_assets/models/Pop_Art_3.tgs
Tricky Treats 2.2%,https://imperator-server.onrender.com/storage-proxy/gift_assets/models/Tricky_Treats_2.tgs
Kittens 0.7%,https://imperator-server.onrender.com/storage-proxy/gift_assets/models/Kittens_0.tgs
Snack Bones 1.5%,https://imperator-server.onrender.com/storage-proxy/gift_assets/models/Snack_Bones_1.tgs
Witchcraft 1.5%,https://imperator-server.onrender.com/storage-proxy/gift_assets/models/Witchcraft_1.tgs
Utya Duck 0.7%,https://imperator-server.onrender.com/storage-proxy/gift_assets/models/Utya_Duck_0.tgs
Cherry Punch 1.7%,https://imperator-server.onrender.com/storage-proxy/gift_assets/models/Cherry_Punch_1.tgs
Sweet Dreams 1.5%,https://imperator-server.onrender.com/storage-proxy/gift_assets/models/Sweet_Dreams_1.tgs
Arcade 1.5%,https://imperator-server.onrender.com/storage-proxy/gift_assets/models/Arcade_1.tgs
Pickles 1.7%,https://imperator-server.onrender.com/storage-proxy/gift_assets/models/Pickles_1.tgs
Silver Moths 2.5%,https://imperator-server.onrender.com/storage-proxy/gift_assets/models/Silver_Moths_2.tgs
Chained Soul 1.5%,https://imperator-server.onrender.com/storage-proxy/gift_assets/models/Chained_Soul_1.tgs
Pepe Pod 0.7%,https://imperator-server.onrender.com/storage-proxy/gift_assets/models/Pepe_Pod_0.tgs
Soul Shards 1.5%,https://imperator-server.onrender.com/storage-proxy/gift_assets/models/Soul_Shards_1.tgs
Gift Holder 0.5%,https://imperator-server.onrender.com/storage-proxy/gift_assets/models/Gift_Holder_0.tgs
Repair Kit 1.5%,https://imperator-server.onrender.com/storage-proxy/gift_assets/models/Repair_Kit_1.tgs
Dahlia 1.2%,https://imperator-server.onrender.com/storage-proxy/gift_assets/models/Dahlia_1.tgs
Savanna 0.7%,https://imperator-server.onrender.com/storage-proxy/gift_assets/models/Savanna_0.tgs
Silveria 0.8%,https://imperator-server.onrender.com/storage-proxy/gift_assets/models/Silveria_0.tgs
Marigold 1.5%,https://imperator-server.onrender.com/storage-proxy/gift_assets/models/Marigold_1.tgs
Allamanda 1.1%,https://imperator-server.onrender.com/storage-proxy/gift_assets/models/Allamanda_1.tgs
Sylvaris 1.5%,https://imperator-server.onrender.com/storage-proxy/gift_assets/models/Sylvaris_1.tgs
Floris 1.5%,https://imperator-server.onrender.com/storage-proxy/gift_assets/models/Floris_1.tgs
Solivine 1.5%,https://imperator-server.onrender.com/storage-proxy/gift_assets/models/Solivine_1.tgs
Bronzula 0.8%,https://imperator-server.onrender.com/storage-proxy/gift_assets/models/Bronzula_0.tgs
Noctivis 1.5%,https://imperator-server.onrender.com/storage-proxy/gift_assets/models/Noctivis_1.tgs
Morning Sun 0.8%,https://imperator-server.onrender.com/storage-proxy/gift_assets/models/Morning_Sun_0.tgs
Clivia 1.1%,https://imperator-server.onrender.com/storage-proxy/gift_assets/models/Clivia_1.tgs
Floraven 1.5%,https://imperator-server.onrender.com/storage-proxy/gift_assets/models/Floraven_1.tgs
Bubblia 0.4%,https://imperator-server.onrender.com/storage-proxy/gift_assets/models/Bubblia_0.tgs
Wildflower 0.6%,https://imperator-server.onrender.com/storage-proxy/gift_assets/models/Wildflower_0.tgs
Lunaris 1.5%,https://imperator-server.onrender.com/storage-proxy/gift_assets/models/Lunaris_1.tgs
Spotty Leo 0.7%,https://imperator-server.onrender.com/storage-proxy/gift_assets/models/Spotty_Leo_0.tgs
Violet 1.5%,https://imperator-server.onrender.com/storage-proxy/gift_assets/models/Violet_1.tgs
Dark Loader 0.8%,https://imperator-server.onrender.com/storage-proxy/gift_assets/models/Dark_Loader_0.tgs
Orchidra 1.5%,https://imperator-server.onrender.com/storage-proxy/gift_assets/models/Orchidra_1.tgs
Oxalis 1.3%,https://imperator-server.onrender.com/storage-proxy/gift_assets/models/Oxalis_1.tgs
Myrtella 0.5%,https://imperator-server.onrender.com/storage-proxy/gift_assets/models/Myrtella_0.tgs
Meadowlyn 1.5%,https://imperator-server.onrender.com/storage-proxy/gift_assets/models/Meadowlyn_1.tgs
Primrose 1.5%,https://imperator-server.onrender.com/storage-proxy/gift_assets/models/Primrose_1.tgs
Luminosia 0.7%,https://imperator-server.onrender.com/storage-proxy/gift_assets/models/Luminosia_0.tgs
Shimeria 0.7%,https://imperator-server.onrender.com/storage-proxy/gift_assets/models/Shimeria_0.tgs
Indigo 1.3%,https://imperator-server.onrender.com/storage-proxy/gift_assets/models/Indigo_1.tgs
Aster 1.5%,https://imperator-server.onrender.com/storage-proxy/gift_assets/models/Aster_1.tgs
Nectarium 1.5%,https://imperator-server.onrender.com/storage-proxy/gift_assets/models/Nectarium_1.tgs
Brunnera 1.1%,https://imperator-server.onrender.com/storage-proxy/gift_assets/models/Brunnera_1.tgs
Goldensia 0.8%,https://imperator-server.onrender.com/storage-proxy/gift_assets/models/Goldensia_0.tgs
Icebound 0.4%,https://imperator-server.onrender.com/storage-proxy/gift_assets/models/Icebound_0.tgs
Cosmea 1.5%,https://imperator-server.onrender.com/storage-proxy/gift_assets/models/Cosmea_1.tgs
Hybrid 1.2%,https://imperator-server.onrender.com/storage-proxy/gift_assets/models/Hybrid_1.tgs
Seraphina 1.5%,https://imperator-server.onrender.com/storage-proxy/gift_assets/models/Seraphina_1.tgs
Violet Iris 1.5%,https://imperator-server.onrender.com/storage-proxy/gift_assets/models/Violet_Iris_1.tgs
Blazing Dusk 0.4%,https://imperator-server.onrender.com/storage-proxy/gift_assets/models/Blazing_Dusk_0.tgs
Peach Perfect 1.5%,https://imperator-server.onrender.com/storage-proxy/gift_assets/models/Peach_Perfect_1.tgs
Red Poppy 0.8%,https://imperator-server.onrender.com/storage-proxy/gift_assets/models/Red_Poppy_0.tgs
Aubrieta 1.5%,https://imperator-server.onrender.com/storage-proxy/gift_assets/models/Aubrieta_1.tgs
Floravelle 1.5%,https://imperator-server.onrender.com/storage-proxy/gift_assets/models/Floravelle_1.tgs
Windy 0.8%,https://imperator-server.onrender.com/storage-proxy/gift_assets/models/Windy_0.tgs
Crimsonia 1.3%,https://imperator-server.onrender.com/storage-proxy/gift_assets/models/Crimsonia_1.tgs
Hellebore 1.1%,https://imperator-server.onrender.com/storage-proxy/gift_assets/models/Hellebore_1.tgs
Shake It 0.4%,https://imperator-server.onrender.com/storage-proxy/gift_assets/models/Shake_It_0.tgs
Bull’s Eye 0.4%,https://imperator-server.onrender.com/storage-proxy/gift_assets/models/Bulls_Eye_0.tgs
Party Time 0.7%,https://imperator-server.onrender.com/storage-proxy/gift_assets/models/Party_Time_0.tgs
Eclipsia 1.5%,https://imperator-server.onrender.com/storage-proxy/gift_assets/models/Eclipsia_1.tgs
Lanceolata 1.5%,https://imperator-server.onrender.com/storage-proxy/gift_assets/models/Lanceolata_1.tgs
Geranium 1.1%,https://imperator-server.onrender.com/storage-proxy/gift_assets/models/Geranium_1.tgs
Sakura 0.4%,https://imperator-server.onrender.com/storage-proxy/gift_assets/models/Sakura_0.tgs
Hollyhock 1.2%,https://imperator-server.onrender.com/storage-proxy/gift_assets/models/Hollyhock_1.tgs
Loves Or Not 0.4%,https://imperator-server.onrender.com/storage-proxy/gift_assets/models/Loves_Or_Not_0.tgs
Glitch 0.7%,https://imperator-server.onrender.com/storage-proxy/gift_assets/models/Glitch_0.tgs
Pokerface 0.7%,https://imperator-server.onrender.com/storage-proxy/gift_assets/models/Pokerface_0.tgs
Big Bang 0.4%,https://imperator-server.onrender.com/storage-proxy/gift_assets/models/Big_Bang_0.tgs
Barbia 1.5%,https://imperator-server.onrender.com/storage-proxy/gift_assets/models/Barbia_1.tgs
Zephyra 1.5%,https://imperator-server.onrender.com/storage-proxy/gift_assets/models/Zephyra_1.tgs
Hydrangea 1.1%,https://imperator-server.onrender.com/storage-proxy/gift_assets/models/Hydrangea_1.tgs
Petunia 1.1%,https://imperator-server.onrender.com/storage-proxy/gift_assets/models/Petunia_1.tgs
Aurivelle 1.5%,https://imperator-server.onrender.com/storage-proxy/gift_assets/models/Aurivelle_1.tgs
Bumblebee 1.1%,https://imperator-server.onrender.com/storage-proxy/gift_assets/models/Bumblebee_1.tgs
Verdania 1.5%,https://imperator-server.onrender.com/storage-proxy/gift_assets/models/Verdania_1.tgs
Jellybud 0.6%,https://imperator-server.onrender.com/storage-proxy/gift_assets/models/Jellybud_0.tgs
Flameris 1.5%,https://imperator-server.onrender.com/storage-proxy/gift_assets/models/Flameris_1.tgs
Hawaii 1.5%,https://imperator-server.onrender.com/storage-proxy/gift_assets/models/Hawaii_1.tgs
Plumeria 0.8%,https://imperator-server.onrender.com/storage-proxy/gift_assets/models/Plumeria_0.tgs
White Peony 0.8%,https://imperator-server.onrender.com/storage-proxy/gift_assets/models/White_Peony_0.tgs
Peony 0.8%,https://imperator-server.onrender.com/storage-proxy/gift_assets/models/Peony_0.tgs
Celestara 1.5%,https://imperator-server.onrender.com/storage-proxy/gift_assets/models/Celestara_1.tgs
Monsoon 0.4%,https://imperator-server.onrender.com/storage-proxy/gift_assets/models/Monsoon_0.tgs
Gerbera 1.1%,https://imperator-server.onrender.com/storage-proxy/gift_assets/models/Gerbera_1.tgs
Snowdrop 0.4%,https://imperator-server.onrender.com/storage-proxy/gift_assets/models/Snowdrop_0.tgs
Lemon Queen 1.2%,https://imperator-server.onrender.com/storage-proxy/gift_assets/models/Lemon_Queen_1.tgs
Aetheris 1.1%,https://imperator-server.onrender.com/storage-proxy/gift_assets/models/Aetheris_1.tgs
Yellow Poppy 0.8%,https://imperator-server.onrender.com/storage-proxy/gift_assets/models/Yellow_Poppy_0.tgs
Pixel Bloom 0.4%,https://imperator-server.onrender.com/storage-proxy/gift_assets/models/Pixel_Bloom_0.tgs
Nightshade 1.1%,https://imperator-server.onrender.com/storage-proxy/gift_assets/models/Nightshade_1.tgs
False Bird 1.5%,https://imperator-server.onrender.com/storage-proxy/gift_assets/models/False_Bird_1.tgs
Tropicana 1.3%,https://imperator-server.onrender.com/storage-proxy/gift_assets/models/Tropicana_1.tgs
Hibiscus 1.5%,https://imperator-server.onrender.com/storage-proxy/gift_assets/models/Hibiscus_1.tgs
Ghostia 1.5%,https://imperator-server.onrender.com/storage-proxy/gift_assets/models/Ghostia_1.tgs
Venus Flytrap 0.4%,https://imperator-server.onrender.com/storage-proxy/gift_assets/models/Venus_Flytrap_0.tgs
Party Bloom 0.8%,https://imperator-server.onrender.com/storage-proxy/gift_assets/models/Party_Bloom_0.tgs
Azure 1.5%,https://imperator-server.onrender.com/storage-proxy/gift_assets/models/Azure_1.tgs
Fire Bloom 0.4%,https://imperator-server.onrender.com/storage-proxy/gift_assets/models/Fire_Bloom_0.tgs
Anemone 1.2%,https://imperator-server.onrender.com/storage-proxy/gift_assets/models/Anemone_1.tgs
Dark Neo 0.4%,https://imperator-server.onrender.com/storage-proxy/gift_assets/models/Dark_Neo_0.tgs
Zap Aster 0.2%,https://imperator-server.onrender.com/storage-proxy/gift_assets/models/Zap_Aster_0.tgs
Fabulous 1.5%,https://imperator-server.onrender.com/storage-proxy/gift_assets/models/Fabulous_1.tgs
Ping Blossom 0.7%,https://imperator-server.onrender.com/storage-proxy/gift_assets/models/Ping_Blossom_0.tgs
Dog Flower 0.2%,https://imperator-server.onrender.com/storage-proxy/gift_assets/models/Dog_Flower_0.tgs
Heartbeat 0.4%,https://imperator-server.onrender.com/storage-proxy/gift_assets/models/Heartbeat_0.tgs
Wilted 0.2%,https://imperator-server.onrender.com/storage-proxy/gift_assets/models/Wilted_0.tgs
Carnation 0.2%,https://imperator-server.onrender.com/storage-proxy/gift_assets/models/Carnation_0.tgs
Sunflower 0.2%,https://imperator-server.onrender.com/storage-proxy/gift_assets/models/Sunflower_0.tgs
Flowey 0.1%,https://imperator-server.onrender.com/storage-proxy/gift_assets/models/Flowey_0.tgs
Meower 0.2%,https://imperator-server.onrender.com/storage-proxy/gift_assets/models/Meower_0.tgs
Black Drops 1.5%,https://imperator-server.onrender.com/storage-proxy/gift_assets/models/Black_Drops_1.tgs
Dandelion 2%,https://imperator-server.onrender.com/storage-proxy/gift_assets/models/Dandelion_2.tgs
Pinkie Cap 1.5%,https://imperator-server.onrender.com/storage-proxy/gift_assets/models/Pinkie_Cap_1.tgs
Warm Light 2%,https://imperator-server.onrender.com/storage-proxy/gift_assets/models/Warm_Light_2.tgs
Ice Cap 2%,https://imperator-server.onrender.com/storage-proxy/gift_assets/models/Ice_Cap_2.tgs
Pure Chill 1.5%,https://imperator-server.onrender.com/storage-proxy/gift_assets/models/Pure_Chill_1.tgs
Rave 1%,https://imperator-server.onrender.com/storage-proxy/gift_assets/models/Rave_1.tgs
Panda Puff 1.5%,https://imperator-server.onrender.com/storage-proxy/gift_assets/models/Panda_Puff_1.tgs
Sleepy Claus 1.5%,https://imperator-server.onrender.com/storage-proxy/gift_assets/models/Sleepy_Claus_1.tgs
Lagoon 2%,https://imperator-server.onrender.com/storage-proxy/gift_assets/models/Lagoon_2.tgs
Berry Frosty 2%,https://imperator-server.onrender.com/storage-proxy/gift_assets/models/Berry_Frosty_2.tgs
RGBling 1%,https://imperator-server.onrender.com/storage-proxy/gift_assets/models/RGBling_1.tgs
Hearth’s Fire 2%,https://imperator-server.onrender.com/storage-proxy/gift_assets/models/Hearths_Fire_2.tgs
All-Star 0.5%,https://imperator-server.onrender.com/storage-proxy/gift_assets/models/All-Star_0.tgs
Blueberry Mint 1.5%,https://imperator-server.onrender.com/storage-proxy/gift_assets/models/Blueberry_Mint_1.tgs
Zesty 1.5%,https://imperator-server.onrender.com/storage-proxy/gift_assets/models/Zesty_1.tgs
Below Zero 2%,https://imperator-server.onrender.com/storage-proxy/gift_assets/models/Below_Zero_2.tgs
Cheery Vibe 2%,https://imperator-server.onrender.com/storage-proxy/gift_assets/models/Cheery_Vibe_2.tgs
Sweet Night 2%,https://imperator-server.onrender.com/storage-proxy/gift_assets/models/Sweet_Night_2.tgs
80s TV 1.5%,https://imperator-server.onrender.com/storage-proxy/gift_assets/models/80s_TV_1.tgs
Mother Frost 1.5%,https://imperator-server.onrender.com/storage-proxy/gift_assets/models/Mother_Frost_1.tgs
Night Sky 1.5%,https://imperator-server.onrender.com/storage-proxy/gift_assets/models/Night_Sky_1.tgs
Frosted Sun 2%,https://imperator-server.onrender.com/storage-proxy/gift_assets/models/Frosted_Sun_2.tgs
Peachy 2%,https://imperator-server.onrender.com/storage-proxy/gift_assets/models/Peachy_2.tgs
Magic Love 0.2%,https://imperator-server.onrender.com/storage-proxy/gift_assets/models/Magic_Love_0.tgs
Jingle Bells 0.5%,https://imperator-server.onrender.com/storage-proxy/gift_assets/models/Jingle_Bells_0.tgs
Nighttime 1.5%,https://imperator-server.onrender.com/storage-proxy/gift_assets/models/Nighttime_1.tgs
Minted Rose 2%,https://imperator-server.onrender.com/storage-proxy/gift_assets/models/Minted_Rose_2.tgs
Thin Ice 1.5%,https://imperator-server.onrender.com/storage-proxy/gift_assets/models/Thin_Ice_1.tgs
Citrus Flakes 2%,https://imperator-server.onrender.com/storage-proxy/gift_assets/models/Citrus_Flakes_2.tgs
Lemon Sorbet 2%,https://imperator-server.onrender.com/storage-proxy/gift_assets/models/Lemon_Sorbet_2.tgs
Cherry Ice 2%,https://imperator-server.onrender.com/storage-proxy/gift_assets/models/Cherry_Ice_2.tgs
Icicle 2%,https://imperator-server.onrender.com/storage-proxy/gift_assets/models/Icicle_2.tgs
Inky White 1.5%,https://imperator-server.onrender.com/storage-proxy/gift_assets/models/Inky_White_1.tgs
Mistletoe 1.5%,https://imperator-server.onrender.com/storage-proxy/gift_assets/models/Mistletoe_1.tgs
Golden Tide 2%,https://imperator-server.onrender.com/storage-proxy/gift_assets/models/Golden_Tide_2.tgs
Yule Hat 0.2%,https://imperator-server.onrender.com/storage-proxy/gift_assets/models/Yule_Hat_0.tgs
Dreamy 1.5%,https://imperator-server.onrender.com/storage-proxy/gift_assets/models/Dreamy_1.tgs
Cold Limeade 1.5%,https://imperator-server.onrender.com/storage-proxy/gift_assets/models/Cold_Limeade_1.tgs
Fireball 0.2%,https://imperator-server.onrender.com/storage-proxy/gift_assets/models/Fireball_0.tgs
Sunrise 2%,https://imperator-server.onrender.com/storage-proxy/gift_assets/models/Sunrise_2.tgs
Cold Vapor 1.5%,https://imperator-server.onrender.com/storage-proxy/gift_assets/models/Cold_Vapor_1.tgs
Cold Slushy 2%,https://imperator-server.onrender.com/storage-proxy/gift_assets/models/Cold_Slushy_2.tgs
Monosnow 1.5%,https://imperator-server.onrender.com/storage-proxy/gift_assets/models/Monosnow_1.tgs
Candy Coral 2%,https://imperator-server.onrender.com/storage-proxy/gift_assets/models/Candy_Coral_2.tgs
Holiday Spirit 2%,https://imperator-server.onrender.com/storage-proxy/gift_assets/models/Holiday_Spirit_2.tgs
Cold Autumn 2%,https://imperator-server.onrender.com/storage-proxy/gift_assets/models/Cold_Autumn_2.tgs
Warm Sky 2%,https://imperator-server.onrender.com/storage-proxy/gift_assets/models/Warm_Sky_2.tgs
Minty Fresh 1.5%,https://imperator-server.onrender.com/storage-proxy/gift_assets/models/Minty_Fresh_1.tgs
Aurora Borealis 2%,https://imperator-server.onrender.com/storage-proxy/gift_assets/models/Aurora_Borealis_2.tgs
Evergreen 2%,https://imperator-server.onrender.com/storage-proxy/gift_assets/models/Evergreen_2.tgs
Santa Claus 2%,https://imperator-server.onrender.com/storage-proxy/gift_assets/models/Santa_Claus_2.tgs
Royal Gleam 1%,https://imperator-server.onrender.com/storage-proxy/gift_assets/models/Royal_Gleam_1.tgs
Warm Winter 2%,https://imperator-server.onrender.com/storage-proxy/gift_assets/models/Warm_Winter_2.tgs
Night Cap 1.5%,https://imperator-server.onrender.com/storage-proxy/gift_assets/models/Night_Cap_1.tgs
Sweet Tooth 1%,https://imperator-server.onrender.com/storage-proxy/gift_assets/models/Sweet_Tooth_1.tgs
Polar Glow 1.5%,https://imperator-server.onrender.com/storage-proxy/gift_assets/models/Polar_Glow_1.tgs
Whipped Lime 2%,https://imperator-server.onrender.com/storage-proxy/gift_assets/models/Whipped_Lime_2.tgs
Sweet Cane 0.2%,https://imperator-server.onrender.com/storage-proxy/gift_assets/models/Sweet_Cane_0.tgs
Festive 0.5%,https://imperator-server.onrender.com/storage-proxy/gift_assets/models/Festive_0.tgs
The Grinch 2%,https://imperator-server.onrender.com/storage-proxy/gift_assets/models/The_Grinch_2.tgs
Telecap 0.2%,https://imperator-server.onrender.com/storage-proxy/gift_assets/models/Telecap_0.tgs
Rave 0.2%,https://imperator-server.onrender.com/storage-proxy/gift_assets/models/Rave_0.tgs
Jingle Volts 0.2%,https://imperator-server.onrender.com/storage-proxy/gift_assets/models/Jingle_Volts_0.tgs
Lollipop 0.5%,https://imperator-server.onrender.com/storage-proxy/gift_assets/models/Lollipop_0.tgs
Bubbly 0.5%,https://imperator-server.onrender.com/storage-proxy/gift_assets/models/Bubbly_0.tgs
Creamy 0.2%,https://imperator-server.onrender.com/storage-proxy/gift_assets/models/Creamy_0.tgs
Let It Go 0.2%,https://imperator-server.onrender.com/storage-proxy/gift_assets/models/Let_It_Go_0.tgs
Endercat 3%,https://imperator-server.onrender.com/storage-proxy/gift_assets/models/Endercat_3.tgs
Mentos 0.5%,https://imperator-server.onrender.com/storage-proxy/gift_assets/models/Mentos_0.tgs
Caustic 3%,https://imperator-server.onrender.com/storage-proxy/gift_assets/models/Caustic_3.tgs
Cat Nukem 4%,https://imperator-server.onrender.com/storage-proxy/gift_assets/models/Cat_Nukem_4.tgs
Puss in Boots 4%,https://imperator-server.onrender.com/storage-proxy/gift_assets/models/Puss_in_Boots_4.tgs
Fern 0.5%,https://imperator-server.onrender.com/storage-proxy/gift_assets/models/Fern_0.tgs
Voodoo 4%,https://imperator-server.onrender.com/storage-proxy/gift_assets/models/Voodoo_4.tgs
Purrlion 3.5%,https://imperator-server.onrender.com/storage-proxy/gift_assets/models/Purrlion_3.tgs
Esmeralda 2.5%,https://imperator-server.onrender.com/storage-proxy/gift_assets/models/Esmeralda_2.tgs
Virus 4%,https://imperator-server.onrender.com/storage-proxy/gift_assets/models/Virus_4.tgs
Creeper 3.5%,https://imperator-server.onrender.com/storage-proxy/gift_assets/models/Creeper_3.tgs
Weedcat 3.5%,https://imperator-server.onrender.com/storage-proxy/gift_assets/models/Weedcat_3.tgs
Goodbye Kitty 1.5%,https://imperator-server.onrender.com/storage-proxy/gift_assets/models/Goodbye_Kitty_1.tgs
Jeopard 1.5%,https://imperator-server.onrender.com/storage-proxy/gift_assets/models/Jeopard_1.tgs
Ranni 1.5%,https://imperator-server.onrender.com/storage-proxy/gift_assets/models/Ranni_1.tgs
Vampkitty 1%,https://imperator-server.onrender.com/storage-proxy/gift_assets/models/Vampkitty_1.tgs
Torracat 3.5%,https://imperator-server.onrender.com/storage-proxy/gift_assets/models/Torracat_3.tgs
Azuki Siam 0.5%,https://imperator-server.onrender.com/storage-proxy/gift_assets/models/Azuki_Siam_0.tgs
Cathulhu 3%,https://imperator-server.onrender.com/storage-proxy/gift_assets/models/Cathulhu_3.tgs
Jaddy 1%,https://imperator-server.onrender.com/storage-proxy/gift_assets/models/Jaddy_1.tgs
Niko 2.5%,https://imperator-server.onrender.com/storage-proxy/gift_assets/models/Niko_2.tgs
El Tigre 1.5%,https://imperator-server.onrender.com/storage-proxy/gift_assets/models/El_Tigre_1.tgs
Ruby 1.5%,https://imperator-server.onrender.com/storage-proxy/gift_assets/models/Ruby_1.tgs
Pepe Paws 3%,https://imperator-server.onrender.com/storage-proxy/gift_assets/models/Pepe_Paws_3.tgs
Nyan Cat 3.5%,https://imperator-server.onrender.com/storage-proxy/gift_assets/models/Nyan_Cat_3.tgs
Celestia 3%,https://imperator-server.onrender.com/storage-proxy/gift_assets/models/Celestia_3.tgs
Vapurr 4%,https://imperator-server.onrender.com/storage-proxy/gift_assets/models/Vapurr_4.tgs
Garfield 0.5%,https://imperator-server.onrender.com/storage-proxy/gift_assets/models/Garfield_0.tgs
Copperclaw 1.5%,https://imperator-server.onrender.com/storage-proxy/gift_assets/models/Copperclaw_1.tgs
Obelisk 2%,https://imperator-server.onrender.com/storage-proxy/gift_assets/models/Obelisk_2.tgs
Cookie 1%,https://imperator-server.onrender.com/storage-proxy/gift_assets/models/Cookie_1.tgs
Phantom 1.5%,https://imperator-server.onrender.com/storage-proxy/gift_assets/models/Phantom_1.tgs
Blitzo 1.5%,https://imperator-server.onrender.com/storage-proxy/gift_assets/models/Blitzo_1.tgs
Silver Napper 2%,https://imperator-server.onrender.com/storage-proxy/gift_assets/models/Silver_Napper_2.tgs
Instacat 3.5%,https://imperator-server.onrender.com/storage-proxy/gift_assets/models/Instacat_3.tgs
Chili Whisk 1%,https://imperator-server.onrender.com/storage-proxy/gift_assets/models/Chili_Whisk_1.tgs
Gecko Cat 1.5%,https://imperator-server.onrender.com/storage-proxy/gift_assets/models/Gecko_Cat_1.tgs
Cat2O 1%,https://imperator-server.onrender.com/storage-proxy/gift_assets/models/Cat2O_1.tgs
Bubblegum 0.5%,https://imperator-server.onrender.com/storage-proxy/gift_assets/models/Bubblegum_0.tgs
Bipolar Cat 1.5%,https://imperator-server.onrender.com/storage-proxy/gift_assets/models/Bipolar_Cat_1.tgs
Salem 1%,https://imperator-server.onrender.com/storage-proxy/gift_assets/models/Salem_1.tgs
Oreo 1%,https://imperator-server.onrender.com/storage-proxy/gift_assets/models/Oreo_1.tgs
Purrrple 1%,https://imperator-server.onrender.com/storage-proxy/gift_assets/models/Purrrple_1.tgs
Cake 1%,https://imperator-server.onrender.com/storage-proxy/gift_assets/models/Cake_1.tgs
Yolkster 1%,https://imperator-server.onrender.com/storage-proxy/gift_assets/models/Yolkster_1.tgs
Meowdas 2.5%,https://imperator-server.onrender.com/storage-proxy/gift_assets/models/Meowdas_2.tgs
Misty Ash 0.5%,https://imperator-server.onrender.com/storage-proxy/gift_assets/models/Misty_Ash_0.tgs
Caramel 1%,https://imperator-server.onrender.com/storage-proxy/gift_assets/models/Caramel_1.tgs
Vice Kitty 1%,https://imperator-server.onrender.com/storage-proxy/gift_assets/models/Vice_Kitty_1.tgs
Spicy Mint 2.5%,https://imperator-server.onrender.com/storage-proxy/gift_assets/models/Spicy_Mint_2.tgs
Pink Mamba 2.5%,https://imperator-server.onrender.com/storage-proxy/gift_assets/models/Pink_Mamba_2.tgs
Frostbite 1.5%,https://imperator-server.onrender.com/storage-proxy/gift_assets/models/Frostbite_1.tgs
Pepelicious 2.5%,https://imperator-server.onrender.com/storage-proxy/gift_assets/models/Pepelicious_2.tgs
Manga Smile 2.5%,https://imperator-server.onrender.com/storage-proxy/gift_assets/models/Manga_Smile_2.tgs
Morticia 2.5%,https://imperator-server.onrender.com/storage-proxy/gift_assets/models/Morticia_2.tgs
Daring Kiss 2.5%,https://imperator-server.onrender.com/storage-proxy/gift_assets/models/Daring_Kiss_2.tgs
Lady Night 2.5%,https://imperator-server.onrender.com/storage-proxy/gift_assets/models/Lady_Night_2.tgs
Redlight 1.5%,https://imperator-server.onrender.com/storage-proxy/gift_assets/models/Redlight_1.tgs
Lizard 2%,https://imperator-server.onrender.com/storage-proxy/gift_assets/models/Lizard_2.tgs
Sweety 1.5%,https://imperator-server.onrender.com/storage-proxy/gift_assets/models/Sweety_1.tgs
Leopard 2%,https://imperator-server.onrender.com/storage-proxy/gift_assets/models/Leopard_2.tgs
Hypnotic 2.5%,https://imperator-server.onrender.com/storage-proxy/gift_assets/models/Hypnotic_2.tgs
Sunset 2.5%,https://imperator-server.onrender.com/storage-proxy/gift_assets/models/Sunset_2.tgs
Minimalipstick 2%,https://imperator-server.onrender.com/storage-proxy/gift_assets/models/Minimalipstick_2.tgs
Glossy Hot 2.5%,https://imperator-server.onrender.com/storage-proxy/gift_assets/models/Glossy_Hot_2.tgs
Vegan Snake 2.5%,https://imperator-server.onrender.com/storage-proxy/gift_assets/models/Vegan_Snake_2.tgs
Sour Bite 2.5%,https://imperator-server.onrender.com/storage-proxy/gift_assets/models/Sour_Bite_2.tgs
Rainbow 2.5%,https://imperator-server.onrender.com/storage-proxy/gift_assets/models/Rainbow_2.tgs
Karlach 1.5%,https://imperator-server.onrender.com/storage-proxy/gift_assets/models/Karlach_1.tgs
Secret Look 0.5%,https://imperator-server.onrender.com/storage-proxy/gift_assets/models/Secret_Look_0.tgs
Comics 1.5%,https://imperator-server.onrender.com/storage-proxy/gift_assets/models/Comics_1.tgs
High Voltage 2%,https://imperator-server.onrender.com/storage-proxy/gift_assets/models/High_Voltage_2.tgs
Femme Fatale 2.5%,https://imperator-server.onrender.com/storage-proxy/gift_assets/models/Femme_Fatale_2.tgs
Cold Bite 2.5%,https://imperator-server.onrender.com/storage-proxy/gift_assets/models/Cold_Bite_2.tgs
Galaxy 2%,https://imperator-server.onrender.com/storage-proxy/gift_assets/models/Galaxy_2.tgs
Velvety 2.5%,https://imperator-server.onrender.com/storage-proxy/gift_assets/models/Velvety_2.tgs
Neon Club 1.5%,https://imperator-server.onrender.com/storage-proxy/gift_assets/models/Neon_Club_1.tgs
Glamour 2.5%,https://imperator-server.onrender.com/storage-proxy/gift_assets/models/Glamour_2.tgs
Mystique 2.5%,https://imperator-server.onrender.com/storage-proxy/gift_assets/models/Mystique_2.tgs
Sweet Berry 2%,https://imperator-server.onrender.com/storage-proxy/gift_assets/models/Sweet_Berry_2.tgs
Succubus 2%,https://imperator-server.onrender.com/storage-proxy/gift_assets/models/Succubus_2.tgs
Queen 2.5%,https://imperator-server.onrender.com/storage-proxy/gift_assets/models/Queen_2.tgs
Night Club 2%,https://imperator-server.onrender.com/storage-proxy/gift_assets/models/Night_Club_2.tgs
Tangy Coil 2.5%,https://imperator-server.onrender.com/storage-proxy/gift_assets/models/Tangy_Coil_2.tgs
Padme 2%,https://imperator-server.onrender.com/storage-proxy/gift_assets/models/Padme_2.tgs
Avatar 2.5%,https://imperator-server.onrender.com/storage-proxy/gift_assets/models/Avatar_2.tgs
Devilfish 2%,https://imperator-server.onrender.com/storage-proxy/gift_assets/models/Devilfish_2.tgs
Punk Girl 1.5%,https://imperator-server.onrender.com/storage-proxy/gift_assets/models/Punk_Girl_1.tgs
Glitch 0.5%,https://imperator-server.onrender.com/storage-proxy/gift_assets/models/Glitch_0.tgs
Golden Girl 2%,https://imperator-server.onrender.com/storage-proxy/gift_assets/models/Golden_Girl_2.tgs
Ferrum Fatale 2%,https://imperator-server.onrender.com/storage-proxy/gift_assets/models/Ferrum_Fatale_2.tgs
Melony 1.5%,https://imperator-server.onrender.com/storage-proxy/gift_assets/models/Melony_1.tgs
Hot Summer 2.5%,https://imperator-server.onrender.com/storage-proxy/gift_assets/models/Hot_Summer_2.tgs
Coral Reef 2%,https://imperator-server.onrender.com/storage-proxy/gift_assets/models/Coral_Reef_2.tgs
Teasing Look 0.5%,https://imperator-server.onrender.com/storage-proxy/gift_assets/models/Teasing_Look_0.tgs
Acid Witch 1.5%,https://imperator-server.onrender.com/storage-proxy/gift_assets/models/Acid_Witch_1.tgs
Zombie Bite 0.5%,https://imperator-server.onrender.com/storage-proxy/gift_assets/models/Zombie_Bite_0.tgs
Gold 4%,https://imperator-server.onrender.com/storage-proxy/gift_assets/models/Gold_4.tgs
Jade Lord 3%,https://imperator-server.onrender.com/storage-proxy/gift_assets/models/Jade_Lord_3.tgs
Candy Cane 2%,https://imperator-server.onrender.com/storage-proxy/gift_assets/models/Candy_Cane_2.tgs
White Gold 4%,https://imperator-server.onrender.com/storage-proxy/gift_assets/models/White_Gold_4.tgs
Silverscreen 1.5%,https://imperator-server.onrender.com/storage-proxy/gift_assets/models/Silverscreen_1.tgs
Rose Gold 4%,https://imperator-server.onrender.com/storage-proxy/gift_assets/models/Rose_Gold_4.tgs
Green Lantern 2%,https://imperator-server.onrender.com/storage-proxy/gift_assets/models/Green_Lantern_2.tgs
Good Boy 1%,https://imperator-server.onrender.com/storage-proxy/gift_assets/models/Good_Boy_1.tgs
Liberty 2%,https://imperator-server.onrender.com/storage-proxy/gift_assets/models/Liberty_2.tgs
Star Platinum 1.5%,https://imperator-server.onrender.com/storage-proxy/gift_assets/models/Star_Platinum_1.tgs
Onyx Demon 3%,https://imperator-server.onrender.com/storage-proxy/gift_assets/models/Onyx_Demon_3.tgs
Ring of Power 1%,https://imperator-server.onrender.com/storage-proxy/gift_assets/models/Ring_of_Power_1.tgs
Diamonds 2%,https://imperator-server.onrender.com/storage-proxy/gift_assets/models/Diamonds_2.tgs
Pristine 2%,https://imperator-server.onrender.com/storage-proxy/gift_assets/models/Pristine_2.tgs
Saturn Ring 1%,https://imperator-server.onrender.com/storage-proxy/gift_assets/models/Saturn_Ring_1.tgs
Blue Gold 3%,https://imperator-server.onrender.com/storage-proxy/gift_assets/models/Blue_Gold_3.tgs
Little Star 3%,https://imperator-server.onrender.com/storage-proxy/gift_assets/models/Little_Star_3.tgs
TON 2%,https://imperator-server.onrender.com/storage-proxy/gift_assets/models/TON_2.tgs
Golden Pearl 4%,https://imperator-server.onrender.com/storage-proxy/gift_assets/models/Golden_Pearl_4.tgs
Platinum 4%,https://imperator-server.onrender.com/storage-proxy/gift_assets/models/Platinum_4.tgs
Carpenter 1%,https://imperator-server.onrender.com/storage-proxy/gift_assets/models/Carpenter_1.tgs
Symbolic 1.5%,https://imperator-server.onrender.com/storage-proxy/gift_assets/models/Symbolic_1.tgs
Nyan Cat 1.2%,https://imperator-server.onrender.com/storage-proxy/gift_assets/models/Nyan_Cat_1.tgs
Kitteh 1%,https://imperator-server.onrender.com/storage-proxy/gift_assets/models/Kitteh_1.tgs
Black Noir 1%,https://imperator-server.onrender.com/storage-proxy/gift_assets/models/Black_Noir_1.tgs
Skull 1%,https://imperator-server.onrender.com/storage-proxy/gift_assets/models/Skull_1.tgs
Black Opal 3%,https://imperator-server.onrender.com/storage-proxy/gift_assets/models/Black_Opal_3.tgs
Citrine 2%,https://imperator-server.onrender.com/storage-proxy/gift_assets/models/Citrine_2.tgs
Dirt Diamond 1%,https://imperator-server.onrender.com/storage-proxy/gift_assets/models/Dirt_Diamond_1.tgs
Off-Axis 1%,https://imperator-server.onrender.com/storage-proxy/gift_assets/models/Off-Axis_1.tgs
Blued Steel 3%,https://imperator-server.onrender.com/storage-proxy/gift_assets/models/Blued_Steel_3.tgs
Hearts 2%,https://imperator-server.onrender.com/storage-proxy/gift_assets/models/Hearts_2.tgs
Clubs 2%,https://imperator-server.onrender.com/storage-proxy/gift_assets/models/Clubs_2.tgs
Sakura Gold 2%,https://imperator-server.onrender.com/storage-proxy/gift_assets/models/Sakura_Gold_2.tgs
Green Rose 3.2%,https://imperator-server.onrender.com/storage-proxy/gift_assets/models/Green_Rose_3.tgs
Titanium 2%,https://imperator-server.onrender.com/storage-proxy/gift_assets/models/Titanium_2.tgs
Yin-Yang 2.5%,https://imperator-server.onrender.com/storage-proxy/gift_assets/models/Yin-Yang_2.tgs
Utya 1.5%,https://imperator-server.onrender.com/storage-proxy/gift_assets/models/Utya_1.tgs
Spades 2%,https://imperator-server.onrender.com/storage-proxy/gift_assets/models/Spades_2.tgs
Tony Stark 1%,https://imperator-server.onrender.com/storage-proxy/gift_assets/models/Tony_Stark_1.tgs
Ice Queen 1%,https://imperator-server.onrender.com/storage-proxy/gift_assets/models/Ice_Queen_1.tgs
Skibidi 0.3%,https://imperator-server.onrender.com/storage-proxy/gift_assets/models/Skibidi_0.tgs
Crypto Boom 0.8%,https://imperator-server.onrender.com/storage-proxy/gift_assets/models/Crypto_Boom_0.tgs
Frozen Violet 3%,https://imperator-server.onrender.com/storage-proxy/gift_assets/models/Frozen_Violet_3.tgs
Calavera 1%,https://imperator-server.onrender.com/storage-proxy/gift_assets/models/Calavera_1.tgs
Royal Azure 3%,https://imperator-server.onrender.com/storage-proxy/gift_assets/models/Royal_Azure_3.tgs
Wreath 3%,https://imperator-server.onrender.com/storage-proxy/gift_assets/models/Wreath_3.tgs
Azalea 3%,https://imperator-server.onrender.com/storage-proxy/gift_assets/models/Azalea_3.tgs
Neon Pink 2%,https://imperator-server.onrender.com/storage-proxy/gift_assets/models/Neon_Pink_2.tgs
Carnation 3%,https://imperator-server.onrender.com/storage-proxy/gift_assets/models/Carnation_3.tgs
Peony 3%,https://imperator-server.onrender.com/storage-proxy/gift_assets/models/Peony_3.tgs
Blue Iris 3%,https://imperator-server.onrender.com/storage-proxy/gift_assets/models/Blue_Iris_3.tgs
Blue Bull 1%,https://imperator-server.onrender.com/storage-proxy/gift_assets/models/Blue_Bull_1.tgs
Dark Carnival 1.5%,https://imperator-server.onrender.com/storage-proxy/gift_assets/models/Dark_Carnival_1.tgs
Poinsettia 3%,https://imperator-server.onrender.com/storage-proxy/gift_assets/models/Poinsettia_3.tgs
Silversage 3%,https://imperator-server.onrender.com/storage-proxy/gift_assets/models/Silversage_3.tgs
Nightshade 3%,https://imperator-server.onrender.com/storage-proxy/gift_assets/models/Nightshade_3.tgs
Newspaper 2%,https://imperator-server.onrender.com/storage-proxy/gift_assets/models/Newspaper_2.tgs
Daisy 3%,https://imperator-server.onrender.com/storage-proxy/gift_assets/models/Daisy_3.tgs
Secret Sprout 2%,https://imperator-server.onrender.com/storage-proxy/gift_assets/models/Secret_Sprout_2.tgs
Mystic 3%,https://imperator-server.onrender.com/storage-proxy/gift_assets/models/Mystic_3.tgs
Health Risk 1%,https://imperator-server.onrender.com/storage-proxy/gift_assets/models/Health_Risk_1.tgs
Joyful Duck 1.5%,https://imperator-server.onrender.com/storage-proxy/gift_assets/models/Joyful_Duck_1.tgs
Black Cat 0.5%,https://imperator-server.onrender.com/storage-proxy/gift_assets/models/Black_Cat_0.tgs
Sunburst 3%,https://imperator-server.onrender.com/storage-proxy/gift_assets/models/Sunburst_3.tgs
Sun Dazzle 2%,https://imperator-server.onrender.com/storage-proxy/gift_assets/models/Sun_Dazzle_2.tgs
Graffiti 1.5%,https://imperator-server.onrender.com/storage-proxy/gift_assets/models/Graffiti_1.tgs
Pink Caprice 3%,https://imperator-server.onrender.com/storage-proxy/gift_assets/models/Pink_Caprice_3.tgs
Black Dahlia 3%,https://imperator-server.onrender.com/storage-proxy/gift_assets/models/Black_Dahlia_3.tgs
Luau Lily 2%,https://imperator-server.onrender.com/storage-proxy/gift_assets/models/Luau_Lily_2.tgs
Technicolor 1.5%,https://imperator-server.onrender.com/storage-proxy/gift_assets/models/Technicolor_1.tgs
Glowing Goth 1.5%,https://imperator-server.onrender.com/storage-proxy/gift_assets/models/Glowing_Goth_1.tgs
Soft Puff 1%,https://imperator-server.onrender.com/storage-proxy/gift_assets/models/Soft_Puff_1.tgs
Cocoon 1%,https://imperator-server.onrender.com/storage-proxy/gift_assets/models/Cocoon_1.tgs
Early Green 3%,https://imperator-server.onrender.com/storage-proxy/gift_assets/models/Early_Green_3.tgs
Hypercolor 2%,https://imperator-server.onrender.com/storage-proxy/gift_assets/models/Hypercolor_2.tgs
Cobweb 1%,https://imperator-server.onrender.com/storage-proxy/gift_assets/models/Cobweb_1.tgs
Gothic 3%,https://imperator-server.onrender.com/storage-proxy/gift_assets/models/Gothic_3.tgs
Neon Green 2%,https://imperator-server.onrender.com/storage-proxy/gift_assets/models/Neon_Green_2.tgs
Dewdrop 3%,https://imperator-server.onrender.com/storage-proxy/gift_assets/models/Dewdrop_3.tgs
Marigold 2%,https://imperator-server.onrender.com/storage-proxy/gift_assets/models/Marigold_2.tgs
Vector 2%,https://imperator-server.onrender.com/storage-proxy/gift_assets/models/Vector_2.tgs
Citrus Twist 2%,https://imperator-server.onrender.com/storage-proxy/gift_assets/models/Citrus_Twist_2.tgs
Jack Sparrow 1.5%,https://imperator-server.onrender.com/storage-proxy/gift_assets/models/Jack_Sparrow_1.tgs
Tim Burton 0.5%,https://imperator-server.onrender.com/storage-proxy/gift_assets/models/Tim_Burton_0.tgs
Pamplona 1%,https://imperator-server.onrender.com/storage-proxy/gift_assets/models/Pamplona_1.tgs
White Rose 3%,https://imperator-server.onrender.com/storage-proxy/gift_assets/models/White_Rose_3.tgs
Chromium 1%,https://imperator-server.onrender.com/storage-proxy/gift_assets/models/Chromium_1.tgs
Sand Goldbud 1%,https://imperator-server.onrender.com/storage-proxy/gift_assets/models/Sand_Goldbud_1.tgs
Copper Rose 3%,https://imperator-server.onrender.com/storage-proxy/gift_assets/models/Copper_Rose_3.tgs
Holy Grenade 1.5%,https://imperator-server.onrender.com/storage-proxy/gift_assets/models/Holy_Grenade_1.tgs
Deep Echo 3%,https://imperator-server.onrender.com/storage-proxy/gift_assets/models/Deep_Echo_3.tgs
Dead Space 1%,https://imperator-server.onrender.com/storage-proxy/gift_assets/models/Dead_Space_1.tgs
Soap Bubble 1%,https://imperator-server.onrender.com/storage-proxy/gift_assets/models/Soap_Bubble_1.tgs
Green Light 4%,https://imperator-server.onrender.com/storage-proxy/gift_assets/models/Green_Light_4.tgs
Rose Gold 2.5%,https://imperator-server.onrender.com/storage-proxy/gift_assets/models/Rose_Gold_2.tgs
Purple Gold 4%,https://imperator-server.onrender.com/storage-proxy/gift_assets/models/Purple_Gold_4.tgs
Fairycore 5%,https://imperator-server.onrender.com/storage-proxy/gift_assets/models/Fairycore_5.tgs
Arctic Igloo 2%,https://imperator-server.onrender.com/storage-proxy/gift_assets/models/Arctic_Igloo_2.tgs
Truffle 4%,https://imperator-server.onrender.com/storage-proxy/gift_assets/models/Truffle_4.tgs
Ghost Fog 1%,https://imperator-server.onrender.com/storage-proxy/gift_assets/models/Ghost_Fog_1.tgs
Cherry 1.5%,https://imperator-server.onrender.com/storage-proxy/gift_assets/models/Cherry_1.tgs
Candy Cloud 3%,https://imperator-server.onrender.com/storage-proxy/gift_assets/models/Candy_Cloud_3.tgs
Sparkles 3%,https://imperator-server.onrender.com/storage-proxy/gift_assets/models/Sparkles_3.tgs
Pistachio 2.5%,https://imperator-server.onrender.com/storage-proxy/gift_assets/models/Pistachio_2.tgs
Dark Orb 1%,https://imperator-server.onrender.com/storage-proxy/gift_assets/models/Dark_Orb_1.tgs
Raspberry 3%,https://imperator-server.onrender.com/storage-proxy/gift_assets/models/Raspberry_3.tgs
Black Silver 2%,https://imperator-server.onrender.com/storage-proxy/gift_assets/models/Black_Silver_2.tgs
Golden Zebra 2%,https://imperator-server.onrender.com/storage-proxy/gift_assets/models/Golden_Zebra_2.tgs
Iron Mint 2%,https://imperator-server.onrender.com/storage-proxy/gift_assets/models/Iron_Mint_2.tgs
Fireball 1.5%,https://imperator-server.onrender.com/storage-proxy/gift_assets/models/Fireball_1.tgs
Golden Dusk 1.5%,https://imperator-server.onrender.com/storage-proxy/gift_assets/models/Golden_Dusk_1.tgs
Bronze 4%,https://imperator-server.onrender.com/storage-proxy/gift_assets/models/Bronze_4.tgs
Faint Pearl 2.5%,https://imperator-server.onrender.com/storage-proxy/gift_assets/models/Faint_Pearl_2.tgs
Last Player 1%,https://imperator-server.onrender.com/storage-proxy/gift_assets/models/Last_Player_1.tgs
Argentum 4%,https://imperator-server.onrender.com/storage-proxy/gift_assets/models/Argentum_4.tgs
Deutschland 2.5%,https://imperator-server.onrender.com/storage-proxy/gift_assets/models/Deutschland_2.tgs
Tinker Bell 1%,https://imperator-server.onrender.com/storage-proxy/gift_assets/models/Tinker_Bell_1.tgs
Spetsnaz 2%,https://imperator-server.onrender.com/storage-proxy/gift_assets/models/Spetsnaz_2.tgs
Satin Brass 2.5%,https://imperator-server.onrender.com/storage-proxy/gift_assets/models/Satin_Brass_2.tgs
Mortabella 1.5%,https://imperator-server.onrender.com/storage-proxy/gift_assets/models/Mortabella_1.tgs
Piranha Plant 1.5%,https://imperator-server.onrender.com/storage-proxy/gift_assets/models/Piranha_Plant_1.tgs
Beehive 1%,https://imperator-server.onrender.com/storage-proxy/gift_assets/models/Beehive_1.tgs
Moon Ride 1.5%,https://imperator-server.onrender.com/storage-proxy/gift_assets/models/Moon_Ride_1.tgs
Line Art 1%,https://imperator-server.onrender.com/storage-proxy/gift_assets/models/Line_Art_1.tgs
Poké Bell 1.5%,https://imperator-server.onrender.com/storage-proxy/gift_assets/models/Poké_Bell_1.tgs
Joker 2.5%,https://imperator-server.onrender.com/storage-proxy/gift_assets/models/Joker_2.tgs
Obsidian Oak 2%,https://imperator-server.onrender.com/storage-proxy/gift_assets/models/Obsidian_Oak_2.tgs
Confetti 1%,https://imperator-server.onrender.com/storage-proxy/gift_assets/models/Confetti_1.tgs
Police Siren 2%,https://imperator-server.onrender.com/storage-proxy/gift_assets/models/Police_Siren_2.tgs
Stuart 0.5%,https://imperator-server.onrender.com/storage-proxy/gift_assets/models/Stuart_0.tgs
Cowbell 1.5%,https://imperator-server.onrender.com/storage-proxy/gift_assets/models/Cowbell_1.tgs
Blizzard 1%,https://imperator-server.onrender.com/storage-proxy/gift_assets/models/Blizzard_1.tgs
Stellar Map 0.5%,https://imperator-server.onrender.com/storage-proxy/gift_assets/models/Stellar_Map_0.tgs
Disco Blast 0.5%,https://imperator-server.onrender.com/storage-proxy/gift_assets/models/Disco_Blast_0.tgs
Darth Vader 0.5%,https://imperator-server.onrender.com/storage-proxy/gift_assets/models/Darth_Vader_0.tgs
Interstellar 1.5%,https://imperator-server.onrender.com/storage-proxy/gift_assets/models/Interstellar_1.tgs
Pink Bloom 3%,https://imperator-server.onrender.com/storage-proxy/gift_assets/models/Pink_Bloom_3.tgs
Fresh Mint 3%,https://imperator-server.onrender.com/storage-proxy/gift_assets/models/Fresh_Mint_3.tgs
Fluorescent 0.8%,https://imperator-server.onrender.com/storage-proxy/gift_assets/models/Fluorescent_0.tgs
Meadow 3%,https://imperator-server.onrender.com/storage-proxy/gift_assets/models/Meadow_3.tgs
Bluebell 3%,https://imperator-server.onrender.com/storage-proxy/gift_assets/models/Bluebell_3.tgs
Seashore 3%,https://imperator-server.onrender.com/storage-proxy/gift_assets/models/Seashore_3.tgs
Morning Fog 2%,https://imperator-server.onrender.com/storage-proxy/gift_assets/models/Morning_Fog_2.tgs
Love Nest 1%,https://imperator-server.onrender.com/storage-proxy/gift_assets/models/Love_Nest_1.tgs
Player 456 1%,https://imperator-server.onrender.com/storage-proxy/gift_assets/models/Player_456_1.tgs
Sketch 1.5%,https://imperator-server.onrender.com/storage-proxy/gift_assets/models/Sketch_1.tgs
Cobra Noir 3%,https://imperator-server.onrender.com/storage-proxy/gift_assets/models/Cobra_Noir_3.tgs
Birthday 0.6%,https://imperator-server.onrender.com/storage-proxy/gift_assets/models/Birthday_0.tgs
Bento 0.6%,https://imperator-server.onrender.com/storage-proxy/gift_assets/models/Bento_0.tgs
Black Box 3%,https://imperator-server.onrender.com/storage-proxy/gift_assets/models/Black_Box_3.tgs
Burger 0.6%,https://imperator-server.onrender.com/storage-proxy/gift_assets/models/Burger_0.tgs
Purple 3%,https://imperator-server.onrender.com/storage-proxy/gift_assets/models/Purple_3.tgs
Silver Award 0.4%,https://imperator-server.onrender.com/storage-proxy/gift_assets/models/Silver_Award_0.tgs
Holly Jolly 3%,https://imperator-server.onrender.com/storage-proxy/gift_assets/models/Holly_Jolly_3.tgs
Dream Big 0.8%,https://imperator-server.onrender.com/storage-proxy/gift_assets/models/Dream_Big_0.tgs
Fuchsia 3%,https://imperator-server.onrender.com/storage-proxy/gift_assets/models/Fuchsia_3.tgs
Fantasy 3%,https://imperator-server.onrender.com/storage-proxy/gift_assets/models/Fantasy_3.tgs
Scarlet Gold 3%,https://imperator-server.onrender.com/storage-proxy/gift_assets/models/Scarlet_Gold_3.tgs
Fragile 0.8%,https://imperator-server.onrender.com/storage-proxy/gift_assets/models/Fragile_0.tgs
Santa Cobrus 0.6%,https://imperator-server.onrender.com/storage-proxy/gift_assets/models/Santa_Cobrus_0.tgs
Shopping 0.6%,https://imperator-server.onrender.com/storage-proxy/gift_assets/models/Shopping_0.tgs
Neon Fang 0.8%,https://imperator-server.onrender.com/storage-proxy/gift_assets/models/Neon_Fang_0.tgs
Red Dash 3%,https://imperator-server.onrender.com/storage-proxy/gift_assets/models/Red_Dash_3.tgs
Lemonade 2%,https://imperator-server.onrender.com/storage-proxy/gift_assets/models/Lemonade_2.tgs
Shine Bright 0.8%,https://imperator-server.onrender.com/storage-proxy/gift_assets/models/Shine_Bright_0.tgs
Buttercup 3%,https://imperator-server.onrender.com/storage-proxy/gift_assets/models/Buttercup_3.tgs
Secret Santa 3%,https://imperator-server.onrender.com/storage-proxy/gift_assets/models/Secret_Santa_3.tgs
Candy Bubble 0.6%,https://imperator-server.onrender.com/storage-proxy/gift_assets/models/Candy_Bubble_0.tgs
Bronze Award 0.4%,https://imperator-server.onrender.com/storage-proxy/gift_assets/models/Bronze_Award_0.tgs
Shimmer 1.5%,https://imperator-server.onrender.com/storage-proxy/gift_assets/models/Shimmer_1.tgs
Berry Box 0.6%,https://imperator-server.onrender.com/storage-proxy/gift_assets/models/Berry_Box_0.tgs
Red Ribbon 3%,https://imperator-server.onrender.com/storage-proxy/gift_assets/models/Red_Ribbon_3.tgs
Shamrock 1%,https://imperator-server.onrender.com/storage-proxy/gift_assets/models/Shamrock_1.tgs
Prison Cell 0.4%,https://imperator-server.onrender.com/storage-proxy/gift_assets/models/Prison_Cell_0.tgs
Popcorn 0.6%,https://imperator-server.onrender.com/storage-proxy/gift_assets/models/Popcorn_0.tgs
Gold Award 0.4%,https://imperator-server.onrender.com/storage-proxy/gift_assets/models/Gold_Award_0.tgs
Choco Surprise 1.5%,https://imperator-server.onrender.com/storage-proxy/gift_assets/models/Choco_Surprise_1.tgs
Best Hisses! 0.8%,https://imperator-server.onrender.com/storage-proxy/gift_assets/models/Best_Hisses_0.tgs
Copper 1.5%,https://imperator-server.onrender.com/storage-proxy/gift_assets/models/Copper_1.tgs
Golden Fang 1%,https://imperator-server.onrender.com/storage-proxy/gift_assets/models/Golden_Fang_1.tgs
Jelly Snake 0.6%,https://imperator-server.onrender.com/storage-proxy/gift_assets/models/Jelly_Snake_0.tgs
Green Spots 0.8%,https://imperator-server.onrender.com/storage-proxy/gift_assets/models/Green_Spots_0.tgs
Aquarium 0.2%,https://imperator-server.onrender.com/storage-proxy/gift_assets/models/Aquarium_0.tgs
Claw Crane 0.1%,https://imperator-server.onrender.com/storage-proxy/gift_assets/models/Claw_Crane_0.tgs
Furnace 0.4%,https://imperator-server.onrender.com/storage-proxy/gift_assets/models/Furnace_0.tgs
Ice Cube 0.2%,https://imperator-server.onrender.com/storage-proxy/gift_assets/models/Ice_Cube_0.tgs
Pink Boa 0.6%,https://imperator-server.onrender.com/storage-proxy/gift_assets/models/Pink_Boa_0.tgs
Gummy Worms 0.2%,https://imperator-server.onrender.com/storage-proxy/gift_assets/models/Gummy_Worms_0.tgs
Pixel Cobra 0.6%,https://imperator-server.onrender.com/storage-proxy/gift_assets/models/Pixel_Cobra_0.tgs
Double Joy 1%,https://imperator-server.onrender.com/storage-proxy/gift_assets/models/Double_Joy_1.tgs
Balloons 0.2%,https://imperator-server.onrender.com/storage-proxy/gift_assets/models/Balloons_0.tgs
Heart Box 0.8%,https://imperator-server.onrender.com/storage-proxy/gift_assets/models/Heart_Box_0.tgs
Poison Ivy 0.6%,https://imperator-server.onrender.com/storage-proxy/gift_assets/models/Poison_Ivy_0.tgs
Donut Box 0.6%,https://imperator-server.onrender.com/storage-proxy/gift_assets/models/Donut_Box_0.tgs
Honey Bee 1%,https://imperator-server.onrender.com/storage-proxy/gift_assets/models/Honey_Bee_1.tgs
Jackbox 0.1%,https://imperator-server.onrender.com/storage-proxy/gift_assets/models/Jackbox_0.tgs
Cheese 0.4%,https://imperator-server.onrender.com/storage-proxy/gift_assets/models/Cheese_0.tgs
Snake Wok 0.2%,https://imperator-server.onrender.com/storage-proxy/gift_assets/models/Snake_Wok_0.tgs
Love Naga 0.2%,https://imperator-server.onrender.com/storage-proxy/gift_assets/models/Love_Naga_0.tgs
Puff Puff Pass 3%,https://imperator-server.onrender.com/storage-proxy/gift_assets/models/Puff_Puff_Pass_3.tgs
Snooperman 2%,https://imperator-server.onrender.com/storage-proxy/gift_assets/models/Snooperman_2.tgs
California 1%,https://imperator-server.onrender.com/storage-proxy/gift_assets/models/California_1.tgs
Cabbage Roll 2.5%,https://imperator-server.onrender.com/storage-proxy/gift_assets/models/Cabbage_Roll_2.tgs
Ice Prince 2.5%,https://imperator-server.onrender.com/storage-proxy/gift_assets/models/Ice_Prince_2.tgs
Hot Rod 2.5%,https://imperator-server.onrender.com/storage-proxy/gift_assets/models/Hot_Rod_2.tgs
Smoke Sway 1%,https://imperator-server.onrender.com/storage-proxy/gift_assets/models/Smoke_Sway_1.tgs
Angel Dust 2.5%,https://imperator-server.onrender.com/storage-proxy/gift_assets/models/Angel_Dust_2.tgs
Eurotrip 2.5%,https://imperator-server.onrender.com/storage-proxy/gift_assets/models/Eurotrip_2.tgs
Snoop Ring 3%,https://imperator-server.onrender.com/storage-proxy/gift_assets/models/Snoop_Ring_3.tgs
Royalty 2.5%,https://imperator-server.onrender.com/storage-proxy/gift_assets/models/Royalty_2.tgs
Ruby Doobie 3%,https://imperator-server.onrender.com/storage-proxy/gift_assets/models/Ruby_Doobie_3.tgs
The King 3%,https://imperator-server.onrender.com/storage-proxy/gift_assets/models/The_King_3.tgs
Dolla Rolla 3%,https://imperator-server.onrender.com/storage-proxy/gift_assets/models/Dolla_Rolla_3.tgs
Old School 3%,https://imperator-server.onrender.com/storage-proxy/gift_assets/models/Old_School_3.tgs
Vinyl Vibes 2.5%,https://imperator-server.onrender.com/storage-proxy/gift_assets/models/Vinyl_Vibes_2.tgs
Happy Face 2%,https://imperator-server.onrender.com/storage-proxy/gift_assets/models/Happy_Face_2.tgs
Herbalist 3%,https://imperator-server.onrender.com/storage-proxy/gift_assets/models/Herbalist_3.tgs
Lion King 3%,https://imperator-server.onrender.com/storage-proxy/gift_assets/models/Lion_King_3.tgs
America 2.5%,https://imperator-server.onrender.com/storage-proxy/gift_assets/models/America_2.tgs
Triple Shot 2%,https://imperator-server.onrender.com/storage-proxy/gift_assets/models/Triple_Shot_2.tgs
Rasta 3%,https://imperator-server.onrender.com/storage-proxy/gift_assets/models/Rasta_3.tgs
Mushizzle 2.5%,https://imperator-server.onrender.com/storage-proxy/gift_assets/models/Mushizzle_2.tgs
Doggystyle 1.5%,https://imperator-server.onrender.com/storage-proxy/gift_assets/models/Doggystyle_1.tgs
Debut Album 2.5%,https://imperator-server.onrender.com/storage-proxy/gift_assets/models/Debut_Album_2.tgs
Smoke Nukem 1.5%,https://imperator-server.onrender.com/storage-proxy/gift_assets/models/Smoke_Nukem_1.tgs
Bandana 3%,https://imperator-server.onrender.com/storage-proxy/gift_assets/models/Bandana_3.tgs
Jade Fade 3%,https://imperator-server.onrender.com/storage-proxy/gift_assets/models/Jade_Fade_3.tgs
Smoke Dogg 2.5%,https://imperator-server.onrender.com/storage-proxy/gift_assets/models/Smoke_Dogg_2.tgs
Mirage 3%,https://imperator-server.onrender.com/storage-proxy/gift_assets/models/Mirage_3.tgs
Space Wrap 2%,https://imperator-server.onrender.com/storage-proxy/gift_assets/models/Space_Wrap_2.tgs
Hot Stuff 2%,https://imperator-server.onrender.com/storage-proxy/gift_assets/models/Hot_Stuff_2.tgs
Record Label 1.5%,https://imperator-server.onrender.com/storage-proxy/gift_assets/models/Record_Label_1.tgs
Cartoon Roll 0.5%,https://imperator-server.onrender.com/storage-proxy/gift_assets/models/Cartoon_Roll_0.tgs
Funk Dunk 2.5%,https://imperator-server.onrender.com/storage-proxy/gift_assets/models/Funk_Dunk_2.tgs
Charmed Roll 1%,https://imperator-server.onrender.com/storage-proxy/gift_assets/models/Charmed_Roll_1.tgs
Snoop Doggy 1.5%,https://imperator-server.onrender.com/storage-proxy/gift_assets/models/Snoop_Doggy_1.tgs
Stargazer 1.5%,https://imperator-server.onrender.com/storage-proxy/gift_assets/models/Stargazer_1.tgs
Rap Battle 1%,https://imperator-server.onrender.com/storage-proxy/gift_assets/models/Rap_Battle_1.tgs
Baked Beats 2%,https://imperator-server.onrender.com/storage-proxy/gift_assets/models/Baked_Beats_2.tgs
Gilded Copper 1%,https://imperator-server.onrender.com/storage-proxy/gift_assets/models/Gilded_Copper_1.tgs
Infinity Stoned 0.5%,https://imperator-server.onrender.com/storage-proxy/gift_assets/models/Infinity_Stoned_0.tgs
Snoop Graffiti 0.5%,https://imperator-server.onrender.com/storage-proxy/gift_assets/models/Snoop_Graffiti_0.tgs
Snoop’s Pipe 1%,https://imperator-server.onrender.com/storage-proxy/gift_assets/models/Snoops_Pipe_1.tgs
Hyperdrive 1%,https://imperator-server.onrender.com/storage-proxy/gift_assets/models/Hyperdrive_1.tgs
Meteor Impact 1.5%,https://imperator-server.onrender.com/storage-proxy/gift_assets/models/Meteor_Impact_1.tgs
Double G 3%,https://imperator-server.onrender.com/storage-proxy/gift_assets/models/Double_G_3.tgs
Club Dawg 3%,https://imperator-server.onrender.com/storage-proxy/gift_assets/models/Club_Dawg_3.tgs
Barks A Locks 2%,https://imperator-server.onrender.com/storage-proxy/gift_assets/models/Barks_A_Locks_2.tgs
Chill Homie 3%,https://imperator-server.onrender.com/storage-proxy/gift_assets/models/Chill_Homie_3.tgs
Doggfather 0.5%,https://imperator-server.onrender.com/storage-proxy/gift_assets/models/Doggfather_0.tgs
Super Bowl 3%,https://imperator-server.onrender.com/storage-proxy/gift_assets/models/Super_Bowl_3.tgs
Huggy Bear 3%,https://imperator-server.onrender.com/storage-proxy/gift_assets/models/Huggy_Bear_3.tgs
Woofee 2%,https://imperator-server.onrender.com/storage-proxy/gift_assets/models/Woofee_2.tgs
Olympics 2.5%,https://imperator-server.onrender.com/storage-proxy/gift_assets/models/Olympics_2.tgs
Black Diamond 2.5%,https://imperator-server.onrender.com/storage-proxy/gift_assets/models/Black_Diamond_2.tgs
Blonde 2%,https://imperator-server.onrender.com/storage-proxy/gift_assets/models/Blonde_2.tgs
Y2K Skin 2%,https://imperator-server.onrender.com/storage-proxy/gift_assets/models/Y2K_Skin_2.tgs
Funky Homie 2.5%,https://imperator-server.onrender.com/storage-proxy/gift_assets/models/Funky_Homie_2.tgs
Bollywood 2%,https://imperator-server.onrender.com/storage-proxy/gift_assets/models/Bollywood_2.tgs
AI Dogg 1%,https://imperator-server.onrender.com/storage-proxy/gift_assets/models/AI_Dogg_1.tgs
Peach Mode 3%,https://imperator-server.onrender.com/storage-proxy/gift_assets/models/Peach_Mode_3.tgs
Iconic Dude 3%,https://imperator-server.onrender.com/storage-proxy/gift_assets/models/Iconic_Dude_3.tgs
Yap Yap 2%,https://imperator-server.onrender.com/storage-proxy/gift_assets/models/Yap_Yap_2.tgs
Purple Hoodie 2.5%,https://imperator-server.onrender.com/storage-proxy/gift_assets/models/Purple_Hoodie_2.tgs
Shower Cap 2.5%,https://imperator-server.onrender.com/storage-proxy/gift_assets/models/Shower_Cap_2.tgs
Retro Vibe 1.5%,https://imperator-server.onrender.com/storage-proxy/gift_assets/models/Retro_Vibe_1.tgs
Black Gold 1.5%,https://imperator-server.onrender.com/storage-proxy/gift_assets/models/Black_Gold_1.tgs
Barks Lightyear 2.5%,https://imperator-server.onrender.com/storage-proxy/gift_assets/models/Barks_Lightyear_2.tgs
Groove Pup 3%,https://imperator-server.onrender.com/storage-proxy/gift_assets/models/Groove_Pup_3.tgs
Afro Disco 1.5%,https://imperator-server.onrender.com/storage-proxy/gift_assets/models/Afro_Disco_1.tgs
Long Beach 2.5%,https://imperator-server.onrender.com/storage-proxy/gift_assets/models/Long_Beach_2.tgs
Streetwise 2%,https://imperator-server.onrender.com/storage-proxy/gift_assets/models/Streetwise_2.tgs
Team USA 2.5%,https://imperator-server.onrender.com/storage-proxy/gift_assets/models/Team_USA_2.tgs
Fish Hat 3%,https://imperator-server.onrender.com/storage-proxy/gift_assets/models/Fish_Hat_3.tgs
Plastic Beach 1%,https://imperator-server.onrender.com/storage-proxy/gift_assets/models/Plastic_Beach_1.tgs
Green Light 2%,https://imperator-server.onrender.com/storage-proxy/gift_assets/models/Green_Light_2.tgs
Beanie 2.5%,https://imperator-server.onrender.com/storage-proxy/gift_assets/models/Beanie_2.tgs
Bow Wizzle 2%,https://imperator-server.onrender.com/storage-proxy/gift_assets/models/Bow_Wizzle_2.tgs
Doberman 1%,https://imperator-server.onrender.com/storage-proxy/gift_assets/models/Doberman_1.tgs
Dapper Doggo 1.5%,https://imperator-server.onrender.com/storage-proxy/gift_assets/models/Dapper_Doggo_1.tgs
Backspin 1.5%,https://imperator-server.onrender.com/storage-proxy/gift_assets/models/Backspin_1.tgs
Captain Mack 1.5%,https://imperator-server.onrender.com/storage-proxy/gift_assets/models/Captain_Mack_1.tgs
King Ruby 2%,https://imperator-server.onrender.com/storage-proxy/gift_assets/models/King_Ruby_2.tgs
Label Lord 1%,https://imperator-server.onrender.com/storage-proxy/gift_assets/models/Label_Lord_1.tgs
Cold Topaz 2%,https://imperator-server.onrender.com/storage-proxy/gift_assets/models/Cold_Topaz_2.tgs
Chow Wow 2%,https://imperator-server.onrender.com/storage-proxy/gift_assets/models/Chow_Wow_2.tgs
Horseman 1%,https://imperator-server.onrender.com/storage-proxy/gift_assets/models/Horseman_1.tgs
Goldizzle 0.5%,https://imperator-server.onrender.com/storage-proxy/gift_assets/models/Goldizzle_0.tgs
King Snoop 0.5%,https://imperator-server.onrender.com/storage-proxy/gift_assets/models/King_Snoop_0.tgs
Red Fur Coat 1%,https://imperator-server.onrender.com/storage-proxy/gift_assets/models/Red_Fur_Coat_1.tgs
Midas Manor 3%,https://imperator-server.onrender.com/storage-proxy/gift_assets/models/Midas_Manor_3.tgs
Apocalypse 2%,https://imperator-server.onrender.com/storage-proxy/gift_assets/models/Apocalypse_2.tgs
Minehouse 1.5%,https://imperator-server.onrender.com/storage-proxy/gift_assets/models/Minehouse_1.tgs
Sky Terrace 3%,https://imperator-server.onrender.com/storage-proxy/gift_assets/models/Sky_Terrace_3.tgs
Ocean Oasis 3%,https://imperator-server.onrender.com/storage-proxy/gift_assets/models/Ocean_Oasis_3.tgs
Bronze Temple 1.5%,https://imperator-server.onrender.com/storage-proxy/gift_assets/models/Bronze_Temple_1.tgs
Cherry Duck 0.5%,https://imperator-server.onrender.com/storage-proxy/gift_assets/models/Cherry_Duck_0.tgs
Fish Tank 1%,https://imperator-server.onrender.com/storage-proxy/gift_assets/models/Fish_Tank_1.tgs
Night Snow 3%,https://imperator-server.onrender.com/storage-proxy/gift_assets/models/Night_Snow_3.tgs
Caramel 3%,https://imperator-server.onrender.com/storage-proxy/gift_assets/models/Caramel_3.tgs
Diamond 3%,https://imperator-server.onrender.com/storage-proxy/gift_assets/models/Diamond_3.tgs
Mango Lodge 3%,https://imperator-server.onrender.com/storage-proxy/gift_assets/models/Mango_Lodge_3.tgs
Bedrock 1.5%,https://imperator-server.onrender.com/storage-proxy/gift_assets/models/Bedrock_1.tgs
Inversion 3%,https://imperator-server.onrender.com/storage-proxy/gift_assets/models/Inversion_3.tgs
Summer 1.5%,https://imperator-server.onrender.com/storage-proxy/gift_assets/models/Summer_1.tgs
Secret Gift 1%,https://imperator-server.onrender.com/storage-proxy/gift_assets/models/Secret_Gift_1.tgs
Nether House 1.5%,https://imperator-server.onrender.com/storage-proxy/gift_assets/models/Nether_House_1.tgs
Lost Color 3%,https://imperator-server.onrender.com/storage-proxy/gift_assets/models/Lost_Color_3.tgs
Choco Waffle 3%,https://imperator-server.onrender.com/storage-proxy/gift_assets/models/Choco_Waffle_3.tgs
Pink Dreams 3%,https://imperator-server.onrender.com/storage-proxy/gift_assets/models/Pink_Dreams_3.tgs
Orange Tale 3%,https://imperator-server.onrender.com/storage-proxy/gift_assets/models/Orange_Tale_3.tgs
Green Villa 3%,https://imperator-server.onrender.com/storage-proxy/gift_assets/models/Green_Villa_3.tgs
Bag End 1%,https://imperator-server.onrender.com/storage-proxy/gift_assets/models/Bag_End_1.tgs
Ginger House 1%,https://imperator-server.onrender.com/storage-proxy/gift_assets/models/Ginger_House_1.tgs
Garnet Dawn 3%,https://imperator-server.onrender.com/storage-proxy/gift_assets/models/Garnet_Dawn_3.tgs
Autumn 1.5%,https://imperator-server.onrender.com/storage-proxy/gift_assets/models/Autumn_1.tgs
Party Cat 1%,https://imperator-server.onrender.com/storage-proxy/gift_assets/models/Party_Cat_1.tgs
Ender Estate 1.5%,https://imperator-server.onrender.com/storage-proxy/gift_assets/models/Ender_Estate_1.tgs
Happy Town 1.5%,https://imperator-server.onrender.com/storage-proxy/gift_assets/models/Happy_Town_1.tgs
Crimson Cabin 1.5%,https://imperator-server.onrender.com/storage-proxy/gift_assets/models/Crimson_Cabin_1.tgs
Smurf Cabin 1%,https://imperator-server.onrender.com/storage-proxy/gift_assets/models/Smurf_Cabin_1.tgs
Wild West 1.5%,https://imperator-server.onrender.com/storage-proxy/gift_assets/models/Wild_West_1.tgs
Sea Whisper 3%,https://imperator-server.onrender.com/storage-proxy/gift_assets/models/Sea_Whisper_3.tgs
Baobab 1.5%,https://imperator-server.onrender.com/storage-proxy/gift_assets/models/Baobab_1.tgs
Bikini Bottom 1.5%,https://imperator-server.onrender.com/storage-proxy/gift_assets/models/Bikini_Bottom_1.tgs
White Day 3%,https://imperator-server.onrender.com/storage-proxy/gift_assets/models/White_Day_3.tgs
Silver Frost 1.5%,https://imperator-server.onrender.com/storage-proxy/gift_assets/models/Silver_Frost_1.tgs
House of Cards 1%,https://imperator-server.onrender.com/storage-proxy/gift_assets/models/House_of_Cards_1.tgs
Pepe Frost 0.5%,https://imperator-server.onrender.com/storage-proxy/gift_assets/models/Pepe_Frost_0.tgs
Spring 1.5%,https://imperator-server.onrender.com/storage-proxy/gift_assets/models/Spring_1.tgs
Musk 0.5%,https://imperator-server.onrender.com/storage-proxy/gift_assets/models/Musk_0.tgs
Piggy Bank 1%,https://imperator-server.onrender.com/storage-proxy/gift_assets/models/Piggy_Bank_1.tgs
Magenta Mist 1.3%,https://imperator-server.onrender.com/storage-proxy/gift_assets/models/Magenta_Mist_1.tgs
Going Grape 1.3%,https://imperator-server.onrender.com/storage-proxy/gift_assets/models/Going_Grape_1.tgs
Pink Orange 1.3%,https://imperator-server.onrender.com/storage-proxy/gift_assets/models/Pink_Orange_1.tgs
Kalamansi 1.3%,https://imperator-server.onrender.com/storage-proxy/gift_assets/models/Kalamansi_1.tgs
Gluhwein 1.3%,https://imperator-server.onrender.com/storage-proxy/gift_assets/models/Gluhwein_1.tgs
Aries Rum 0.8%,https://imperator-server.onrender.com/storage-proxy/gift_assets/models/Aries_Rum_0.tgs
Vague Berry 1.3%,https://imperator-server.onrender.com/storage-proxy/gift_assets/models/Vague_Berry_1.tgs
Rosemary 1.3%,https://imperator-server.onrender.com/storage-proxy/gift_assets/models/Rosemary_1.tgs
Copper Sun 1.3%,https://imperator-server.onrender.com/storage-proxy/gift_assets/models/Copper_Sun_1.tgs
Blood Orange 1.3%,https://imperator-server.onrender.com/storage-proxy/gift_assets/models/Blood_Orange_1.tgs
Color Theory 1.3%,https://imperator-server.onrender.com/storage-proxy/gift_assets/models/Color_Theory_1.tgs
Brass Monkey 1.3%,https://imperator-server.onrender.com/storage-proxy/gift_assets/models/Brass_Monkey_1.tgs
Kiwi Degree 0.8%,https://imperator-server.onrender.com/storage-proxy/gift_assets/models/Kiwi_Degree_0.tgs
Purple Potion 1.3%,https://imperator-server.onrender.com/storage-proxy/gift_assets/models/Purple_Potion_1.tgs
Night Sky 0.8%,https://imperator-server.onrender.com/storage-proxy/gift_assets/models/Night_Sky_0.tgs
Earl Grey 1.3%,https://imperator-server.onrender.com/storage-proxy/gift_assets/models/Earl_Grey_1.tgs
Gin Gemini 0.8%,https://imperator-server.onrender.com/storage-proxy/gift_assets/models/Gin_Gemini_0.tgs
Scuba Dive 0.8%,https://imperator-server.onrender.com/storage-proxy/gift_assets/models/Scuba_Dive_0.tgs
Deep Blue Sea 0.8%,https://imperator-server.onrender.com/storage-proxy/gift_assets/models/Deep_Blue_Sea_0.tgs
Lightly Chilled 0.4%,https://imperator-server.onrender.com/storage-proxy/gift_assets/models/Lightly_Chilled_0.tgs
Scorpio Sling 0.8%,https://imperator-server.onrender.com/storage-proxy/gift_assets/models/Scorpio_Sling_0.tgs
South Pacific 1.3%,https://imperator-server.onrender.com/storage-proxy/gift_assets/models/South_Pacific_1.tgs
Citrus Punch 1.3%,https://imperator-server.onrender.com/storage-proxy/gift_assets/models/Citrus_Punch_1.tgs
Turquoise 1.3%,https://imperator-server.onrender.com/storage-proxy/gift_assets/models/Turquoise_1.tgs
Cancer Collins 0.8%,https://imperator-server.onrender.com/storage-proxy/gift_assets/models/Cancer_Collins_0.tgs
Capri Sun 0.8%,https://imperator-server.onrender.com/storage-proxy/gift_assets/models/Capri_Sun_0.tgs
Melted Ice 1.3%,https://imperator-server.onrender.com/storage-proxy/gift_assets/models/Melted_Ice_1.tgs
Chocolate Cherry 0.8%,https://imperator-server.onrender.com/storage-proxy/gift_assets/models/Chocolate_Cherry_0.tgs
Milky Way 0.4%,https://imperator-server.onrender.com/storage-proxy/gift_assets/models/Milky_Way_0.tgs
Thought Tonic 0.8%,https://imperator-server.onrender.com/storage-proxy/gift_assets/models/Thought_Tonic_0.tgs
Hot Cold 1.3%,https://imperator-server.onrender.com/storage-proxy/gift_assets/models/Hot_Cold_1.tgs
Blue Brew 1.3%,https://imperator-server.onrender.com/storage-proxy/gift_assets/models/Blue_Brew_1.tgs
Blueberry 1.3%,https://imperator-server.onrender.com/storage-proxy/gift_assets/models/Blueberry_1.tgs
Lime Slice 1.3%,https://imperator-server.onrender.com/storage-proxy/gift_assets/models/Lime_Slice_1.tgs
Light Grape 1.3%,https://imperator-server.onrender.com/storage-proxy/gift_assets/models/Light_Grape_1.tgs
Cranberry Lime 1.3%,https://imperator-server.onrender.com/storage-proxy/gift_assets/models/Cranberry_Lime_1.tgs
High Class 0.5%,https://imperator-server.onrender.com/storage-proxy/gift_assets/models/High_Class_0.tgs
Water Spout 0.4%,https://imperator-server.onrender.com/storage-proxy/gift_assets/models/Water_Spout_0.tgs
Flaming Mint 0.8%,https://imperator-server.onrender.com/storage-proxy/gift_assets/models/Flaming_Mint_0.tgs
With Caution 0.8%,https://imperator-server.onrender.com/storage-proxy/gift_assets/models/With_Caution_0.tgs
Shark Attack 0.8%,https://imperator-server.onrender.com/storage-proxy/gift_assets/models/Shark_Attack_0.tgs
Absinthe 1.3%,https://imperator-server.onrender.com/storage-proxy/gift_assets/models/Absinthe_1.tgs
Taurus-tini 0.8%,https://imperator-server.onrender.com/storage-proxy/gift_assets/models/Taurus-tini_0.tgs
Leonade 0.8%,https://imperator-server.onrender.com/storage-proxy/gift_assets/models/Leonade_0.tgs
Aqua Vita 1.3%,https://imperator-server.onrender.com/storage-proxy/gift_assets/models/Aqua_Vita_1.tgs
Tea Infusion 1.3%,https://imperator-server.onrender.com/storage-proxy/gift_assets/models/Tea_Infusion_1.tgs
Greenwein 1.3%,https://imperator-server.onrender.com/storage-proxy/gift_assets/models/Greenwein_1.tgs
Whiskey Wine 1.3%,https://imperator-server.onrender.com/storage-proxy/gift_assets/models/Whiskey_Wine_1.tgs
Dusky Draft 1.3%,https://imperator-server.onrender.com/storage-proxy/gift_assets/models/Dusky_Draft_1.tgs
The Grinch 1.3%,https://imperator-server.onrender.com/storage-proxy/gift_assets/models/The_Grinch_1.tgs
Desaturated 1.3%,https://imperator-server.onrender.com/storage-proxy/gift_assets/models/Desaturated_1.tgs
Shadow Spirit 1.3%,https://imperator-server.onrender.com/storage-proxy/gift_assets/models/Shadow_Spirit_1.tgs
Birthday Parfait 0.8%,https://imperator-server.onrender.com/storage-proxy/gift_assets/models/Birthday_Parfait_0.tgs
Green Glitter 0.8%,https://imperator-server.onrender.com/storage-proxy/gift_assets/models/Green_Glitter_0.tgs
Aquarium 0.8%,https://imperator-server.onrender.com/storage-proxy/gift_assets/models/Aquarium_0.tgs
Blew Bubble 0.8%,https://imperator-server.onrender.com/storage-proxy/gift_assets/models/Blew_Bubble_0.tgs
Vin Virgo 0.8%,https://imperator-server.onrender.com/storage-proxy/gift_assets/models/Vin_Virgo_0.tgs
Low Tide 1.3%,https://imperator-server.onrender.com/storage-proxy/gift_assets/models/Low_Tide_1.tgs
Mellow Merlot 1.3%,https://imperator-server.onrender.com/storage-proxy/gift_assets/models/Mellow_Merlot_1.tgs
Magenta Mix 0.8%,https://imperator-server.onrender.com/storage-proxy/gift_assets/models/Magenta_Mix_0.tgs
Dehydrated 1.3%,https://imperator-server.onrender.com/storage-proxy/gift_assets/models/Dehydrated_1.tgs
Intense Indigo 0.8%,https://imperator-server.onrender.com/storage-proxy/gift_assets/models/Intense_Indigo_0.tgs
Nightbulb 0.8%,https://imperator-server.onrender.com/storage-proxy/gift_assets/models/Nightbulb_0.tgs
Buckwheat 1.3%,https://imperator-server.onrender.com/storage-proxy/gift_assets/models/Buckwheat_1.tgs
Yellow Pop 0.8%,https://imperator-server.onrender.com/storage-proxy/gift_assets/models/Yellow_Pop_0.tgs
Green Gradient 1.3%,https://imperator-server.onrender.com/storage-proxy/gift_assets/models/Green_Gradient_1.tgs
Sag Sangria 0.8%,https://imperator-server.onrender.com/storage-proxy/gift_assets/models/Sag_Sangria_0.tgs
Cool Water 1.3%,https://imperator-server.onrender.com/storage-proxy/gift_assets/models/Cool_Water_1.tgs
Love Elixir 0.8%,https://imperator-server.onrender.com/storage-proxy/gift_assets/models/Love_Elixir_0.tgs
Brain Enhancer 0.8%,https://imperator-server.onrender.com/storage-proxy/gift_assets/models/Brain_Enhancer_0.tgs
Black Hole 0.4%,https://imperator-server.onrender.com/storage-proxy/gift_assets/models/Black_Hole_0.tgs
Vitamin C 1.3%,https://imperator-server.onrender.com/storage-proxy/gift_assets/models/Vitamin_C_1.tgs
Blackout 1.3%,https://imperator-server.onrender.com/storage-proxy/gift_assets/models/Blackout_1.tgs
Pink Colada 1.3%,https://imperator-server.onrender.com/storage-proxy/gift_assets/models/Pink_Colada_1.tgs
Cube Libra 0.8%,https://imperator-server.onrender.com/storage-proxy/gift_assets/models/Cube_Libra_0.tgs
Golden Goblet 1.3%,https://imperator-server.onrender.com/storage-proxy/gift_assets/models/Golden_Goblet_1.tgs
Tequila Sunrise 1.3%,https://imperator-server.onrender.com/storage-proxy/gift_assets/models/Tequila_Sunrise_1.tgs
Tarkhuna 1.3%,https://imperator-server.onrender.com/storage-proxy/gift_assets/models/Tarkhuna_1.tgs
Blue Burn 0.8%,https://imperator-server.onrender.com/storage-proxy/gift_assets/models/Blue_Burn_0.tgs
Gaso Green 0.8%,https://imperator-server.onrender.com/storage-proxy/gift_assets/models/Gaso_Green_0.tgs
Moon Rocks 0.4%,https://imperator-server.onrender.com/storage-proxy/gift_assets/models/Moon_Rocks_0.tgs
Captain Nemo 0.4%,https://imperator-server.onrender.com/storage-proxy/gift_assets/models/Captain_Nemo_0.tgs
Persimmon 1.3%,https://imperator-server.onrender.com/storage-proxy/gift_assets/models/Persimmon_1.tgs
Glitterwine 0.8%,https://imperator-server.onrender.com/storage-proxy/gift_assets/models/Glitterwine_0.tgs
Pisces Sour 0.8%,https://imperator-server.onrender.com/storage-proxy/gift_assets/models/Pisces_Sour_0.tgs
Ember Elixir 0.8%,https://imperator-server.onrender.com/storage-proxy/gift_assets/models/Ember_Elixir_0.tgs
Pink Flame 0.8%,https://imperator-server.onrender.com/storage-proxy/gift_assets/models/Pink_Flame_0.tgs
Loading 0.4%,https://imperator-server.onrender.com/storage-proxy/gift_assets/models/Loading_0.tgs
Magmarita 0.4%,https://imperator-server.onrender.com/storage-proxy/gift_assets/models/Magmarita_0.tgs
Tiny Trifle 0.8%,https://imperator-server.onrender.com/storage-proxy/gift_assets/models/Tiny_Trifle_0.tgs
Purplexed 1.3%,https://imperator-server.onrender.com/storage-proxy/gift_assets/models/Purplexed_1.tgs
Indigo Orange 1.3%,https://imperator-server.onrender.com/storage-proxy/gift_assets/models/Indigo_Orange_1.tgs
Over Ice 0.5%,https://imperator-server.onrender.com/storage-proxy/gift_assets/models/Over_Ice_0.tgs
Dark Disco 0.4%,https://imperator-server.onrender.com/storage-proxy/gift_assets/models/Dark_Disco_0.tgs
Green Energy 0.8%,https://imperator-server.onrender.com/storage-proxy/gift_assets/models/Green_Energy_0.tgs
Hazmat 0.4%,https://imperator-server.onrender.com/storage-proxy/gift_assets/models/Hazmat_0.tgs
Swamp Gas 0.4%,https://imperator-server.onrender.com/storage-proxy/gift_assets/models/Swamp_Gas_0.tgs
Red Panda 3%,https://imperator-server.onrender.com/storage-proxy/gift_assets/models/Red_Panda_3.tgs
Crystal Dragon 2%,https://imperator-server.onrender.com/storage-proxy/gift_assets/models/Crystal_Dragon_2.tgs
Marmot 2.5%,https://imperator-server.onrender.com/storage-proxy/gift_assets/models/Marmot_2.tgs
Trash Pigeon 3%,https://imperator-server.onrender.com/storage-proxy/gift_assets/models/Trash_Pigeon_3.tgs
Strong Doge 1.5%,https://imperator-server.onrender.com/storage-proxy/gift_assets/models/Strong_Doge_1.tgs
Dalmatian Pup 2.5%,https://imperator-server.onrender.com/storage-proxy/gift_assets/models/Dalmatian_Pup_2.tgs
Cheems 1.5%,https://imperator-server.onrender.com/storage-proxy/gift_assets/models/Cheems_1.tgs
Lovely Lamb 3%,https://imperator-server.onrender.com/storage-proxy/gift_assets/models/Lovely_Lamb_3.tgs
Dom Pingouin 1%,https://imperator-server.onrender.com/storage-proxy/gift_assets/models/Dom_Pingouin_1.tgs
Choco Bunny 3%,https://imperator-server.onrender.com/storage-proxy/gift_assets/models/Choco_Bunny_3.tgs
Gold Retriever 2%,https://imperator-server.onrender.com/storage-proxy/gift_assets/models/Gold_Retriever_2.tgs
Bear Market 2.5%,https://imperator-server.onrender.com/storage-proxy/gift_assets/models/Bear_Market_2.tgs
Wonderland 1%,https://imperator-server.onrender.com/storage-proxy/gift_assets/models/Wonderland_1.tgs
Dragon Hoard 1.5%,https://imperator-server.onrender.com/storage-proxy/gift_assets/models/Dragon_Hoard_1.tgs
Kinder Hippo 1.5%,https://imperator-server.onrender.com/storage-proxy/gift_assets/models/Kinder_Hippo_1.tgs
Penguin 3%,https://imperator-server.onrender.com/storage-proxy/gift_assets/models/Penguin_3.tgs
Claw Machine 1.5%,https://imperator-server.onrender.com/storage-proxy/gift_assets/models/Claw_Machine_1.tgs
Trojan Horse 2.5%,https://imperator-server.onrender.com/storage-proxy/gift_assets/models/Trojan_Horse_2.tgs
Meme Snake 2%,https://imperator-server.onrender.com/storage-proxy/gift_assets/models/Meme_Snake_2.tgs
Magician 2%,https://imperator-server.onrender.com/storage-proxy/gift_assets/models/Magician_2.tgs
Baby Dragon 3%,https://imperator-server.onrender.com/storage-proxy/gift_assets/models/Baby_Dragon_3.tgs
Moon Frog 3%,https://imperator-server.onrender.com/storage-proxy/gift_assets/models/Moon_Frog_3.tgs
Usagi-Chan 3%,https://imperator-server.onrender.com/storage-proxy/gift_assets/models/Usagi-Chan_3.tgs
Bastet 0.5%,https://imperator-server.onrender.com/storage-proxy/gift_assets/models/Bastet_0.tgs
Rabbit Habit 0.2%,https://imperator-server.onrender.com/storage-proxy/gift_assets/models/Rabbit_Habit_0.tgs
Midas Bunny 1.5%,https://imperator-server.onrender.com/storage-proxy/gift_assets/models/Midas_Bunny_1.tgs
Hamster 2%,https://imperator-server.onrender.com/storage-proxy/gift_assets/models/Hamster_2.tgs
Monkey Boss 2.5%,https://imperator-server.onrender.com/storage-proxy/gift_assets/models/Monkey_Boss_2.tgs
Daisy Skunk 2.5%,https://imperator-server.onrender.com/storage-proxy/gift_assets/models/Daisy_Skunk_2.tgs
Eggsclusive 2.5%,https://imperator-server.onrender.com/storage-proxy/gift_assets/models/Eggsclusive_2.tgs
Beer Festival 1.5%,https://imperator-server.onrender.com/storage-proxy/gift_assets/models/Beer_Festival_1.tgs
Triceratops 2.5%,https://imperator-server.onrender.com/storage-proxy/gift_assets/models/Triceratops_2.tgs
Fire Fox 1%,https://imperator-server.onrender.com/storage-proxy/gift_assets/models/Fire_Fox_1.tgs
Candy Bat 1%,https://imperator-server.onrender.com/storage-proxy/gift_assets/models/Candy_Bat_1.tgs
Litter Box 1.5%,https://imperator-server.onrender.com/storage-proxy/gift_assets/models/Litter_Box_1.tgs
Bull Market 2.5%,https://imperator-server.onrender.com/storage-proxy/gift_assets/models/Bull_Market_2.tgs
Capybara 3%,https://imperator-server.onrender.com/storage-proxy/gift_assets/models/Capybara_3.tgs
Nocturne 2.5%,https://imperator-server.onrender.com/storage-proxy/gift_assets/models/Nocturne_2.tgs
Ritual Goat 0.5%,https://imperator-server.onrender.com/storage-proxy/gift_assets/models/Ritual_Goat_0.tgs
Cute Unicorn 3%,https://imperator-server.onrender.com/storage-proxy/gift_assets/models/Cute_Unicorn_3.tgs
Chihuahua 3%,https://imperator-server.onrender.com/storage-proxy/gift_assets/models/Chihuahua_3.tgs
Trash Bandit 3%,https://imperator-server.onrender.com/storage-proxy/gift_assets/models/Trash_Bandit_3.tgs
Knitty Kitty 3%,https://imperator-server.onrender.com/storage-proxy/gift_assets/models/Knitty_Kitty_3.tgs
Cash Bunny 1.5%,https://imperator-server.onrender.com/storage-proxy/gift_assets/models/Cash_Bunny_1.tgs
Pudel Lux 1%,https://imperator-server.onrender.com/storage-proxy/gift_assets/models/Pudel_Lux_1.tgs
Sushi Neko 2.5%,https://imperator-server.onrender.com/storage-proxy/gift_assets/models/Sushi_Neko_2.tgs
Bondage 0.2%,https://imperator-server.onrender.com/storage-proxy/gift_assets/models/Bondage_0.tgs
Blue Shark 0.5%,https://imperator-server.onrender.com/storage-proxy/gift_assets/models/Blue_Shark_0.tgs
Meme God 0.1%,https://imperator-server.onrender.com/storage-proxy/gift_assets/models/Meme_God_0.tgs
Lemon Haze 2%,https://imperator-server.onrender.com/storage-proxy/gift_assets/models/Lemon_Haze_2.tgs
Wizard Cap 1%,https://imperator-server.onrender.com/storage-proxy/gift_assets/models/Wizard_Cap_1.tgs
DuskBloom 2%,https://imperator-server.onrender.com/storage-proxy/gift_assets/models/DuskBloom_2.tgs
Mercury Drops 1.5%,https://imperator-server.onrender.com/storage-proxy/gift_assets/models/Mercury_Drops_1.tgs
Copper Sea 1.5%,https://imperator-server.onrender.com/storage-proxy/gift_assets/models/Copper_Sea_1.tgs
D’oh! Shroom 1%,https://imperator-server.onrender.com/storage-proxy/gift_assets/models/Doh_Shroom_1.tgs
Bleached 2%,https://imperator-server.onrender.com/storage-proxy/gift_assets/models/Bleached_2.tgs
Truffle Trip 2%,https://imperator-server.onrender.com/storage-proxy/gift_assets/models/Truffle_Trip_2.tgs
Ice Cold 0.5%,https://imperator-server.onrender.com/storage-proxy/gift_assets/models/Ice_Cold_0.tgs
Night Light 2%,https://imperator-server.onrender.com/storage-proxy/gift_assets/models/Night_Light_2.tgs
Scaly Cap 1%,https://imperator-server.onrender.com/storage-proxy/gift_assets/models/Scaly_Cap_1.tgs
Polka Dot 1.5%,https://imperator-server.onrender.com/storage-proxy/gift_assets/models/Polka_Dot_1.tgs
Twister 1.5%,https://imperator-server.onrender.com/storage-proxy/gift_assets/models/Twister_1.tgs
Red X 1.5%,https://imperator-server.onrender.com/storage-proxy/gift_assets/models/Red_X_1.tgs
Pink Neon 2%,https://imperator-server.onrender.com/storage-proxy/gift_assets/models/Pink_Neon_2.tgs
Monoshroom 2%,https://imperator-server.onrender.com/storage-proxy/gift_assets/models/Monoshroom_2.tgs
Lime Pop 1.5%,https://imperator-server.onrender.com/storage-proxy/gift_assets/models/Lime_Pop_1.tgs
Sunburst 2%,https://imperator-server.onrender.com/storage-proxy/gift_assets/models/Sunburst_2.tgs
Acid Trip 1%,https://imperator-server.onrender.com/storage-proxy/gift_assets/models/Acid_Trip_1.tgs
Safari Glam 1%,https://imperator-server.onrender.com/storage-proxy/gift_assets/models/Safari_Glam_1.tgs
Merry Cap 2%,https://imperator-server.onrender.com/storage-proxy/gift_assets/models/Merry_Cap_2.tgs
RoboCap 0.5%,https://imperator-server.onrender.com/storage-proxy/gift_assets/models/RoboCap_0.tgs
Dark Carnaval 1.5%,https://imperator-server.onrender.com/storage-proxy/gift_assets/models/Dark_Carnaval_1.tgs
Lab Rat 1.5%,https://imperator-server.onrender.com/storage-proxy/gift_assets/models/Lab_Rat_1.tgs
Bag Pipe 1.5%,https://imperator-server.onrender.com/storage-proxy/gift_assets/models/Bag_Pipe_1.tgs
Pixie Cap 2%,https://imperator-server.onrender.com/storage-proxy/gift_assets/models/Pixie_Cap_2.tgs
Herbalist 2%,https://imperator-server.onrender.com/storage-proxy/gift_assets/models/Herbalist_2.tgs
Mysctic 2%,https://imperator-server.onrender.com/storage-proxy/gift_assets/models/Mysctic_2.tgs
Pinecap 2%,https://imperator-server.onrender.com/storage-proxy/gift_assets/models/Pinecap_2.tgs
Periwinkle 2%,https://imperator-server.onrender.com/storage-proxy/gift_assets/models/Periwinkle_2.tgs
Milka 1.5%,https://imperator-server.onrender.com/storage-proxy/gift_assets/models/Milka_1.tgs
Cloudy Night 0.5%,https://imperator-server.onrender.com/storage-proxy/gift_assets/models/Cloudy_Night_0.tgs
Wet Fungus 1.5%,https://imperator-server.onrender.com/storage-proxy/gift_assets/models/Wet_Fungus_1.tgs
Limelight 2%,https://imperator-server.onrender.com/storage-proxy/gift_assets/models/Limelight_2.tgs
Prime Day 1.5%,https://imperator-server.onrender.com/storage-proxy/gift_assets/models/Prime_Day_1.tgs
Nosferatu 0.2%,https://imperator-server.onrender.com/storage-proxy/gift_assets/models/Nosferatu_0.tgs
Sour Gummy 2%,https://imperator-server.onrender.com/storage-proxy/gift_assets/models/Sour_Gummy_2.tgs
Acidic 2%,https://imperator-server.onrender.com/storage-proxy/gift_assets/models/Acidic_2.tgs
Skin Cap 1.5%,https://imperator-server.onrender.com/storage-proxy/gift_assets/models/Skin_Cap_1.tgs
Cheeto 2%,https://imperator-server.onrender.com/storage-proxy/gift_assets/models/Cheeto_2.tgs
Emerald Trip 0.5%,https://imperator-server.onrender.com/storage-proxy/gift_assets/models/Emerald_Trip_0.tgs
Sunspot 1%,https://imperator-server.onrender.com/storage-proxy/gift_assets/models/Sunspot_1.tgs
Nighteye 2%,https://imperator-server.onrender.com/storage-proxy/gift_assets/models/Nighteye_2.tgs
Mirage 1%,https://imperator-server.onrender.com/storage-proxy/gift_assets/models/Mirage_1.tgs
Ruby Glow 0.5%,https://imperator-server.onrender.com/storage-proxy/gift_assets/models/Ruby_Glow_0.tgs
Shrek Shroom 0.2%,https://imperator-server.onrender.com/storage-proxy/gift_assets/models/Shrek_Shroom_0.tgs
Royal Gold 0.5%,https://imperator-server.onrender.com/storage-proxy/gift_assets/models/Royal_Gold_0.tgs
Kilt Cap 1.5%,https://imperator-server.onrender.com/storage-proxy/gift_assets/models/Kilt_Cap_1.tgs
Teleshroom 1%,https://imperator-server.onrender.com/storage-proxy/gift_assets/models/Teleshroom_1.tgs
Fungal Dew 2%,https://imperator-server.onrender.com/storage-proxy/gift_assets/models/Fungal_Dew_2.tgs
Zebra Cap 0.5%,https://imperator-server.onrender.com/storage-proxy/gift_assets/models/Zebra_Cap_0.tgs
Safari 0.5%,https://imperator-server.onrender.com/storage-proxy/gift_assets/models/Safari_0.tgs
Camo 2%,https://imperator-server.onrender.com/storage-proxy/gift_assets/models/Camo_2.tgs
Blooming Cap 0.2%,https://imperator-server.onrender.com/storage-proxy/gift_assets/models/Blooming_Cap_0.tgs
Ghost Jelly 0.5%,https://imperator-server.onrender.com/storage-proxy/gift_assets/models/Ghost_Jelly_0.tgs
Golden Dust 1.5%,https://imperator-server.onrender.com/storage-proxy/gift_assets/models/Golden_Dust_1.tgs
Dalmatin 1.5%,https://imperator-server.onrender.com/storage-proxy/gift_assets/models/Dalmatin_1.tgs
Marshmallow 1%,https://imperator-server.onrender.com/storage-proxy/gift_assets/models/Marshmallow_1.tgs
Cloudy 2%,https://imperator-server.onrender.com/storage-proxy/gift_assets/models/Cloudy_2.tgs
Nitrous 0.5%,https://imperator-server.onrender.com/storage-proxy/gift_assets/models/Nitrous_0.tgs
Miner’s Bloom 1%,https://imperator-server.onrender.com/storage-proxy/gift_assets/models/Miners_Bloom_1.tgs
Cherry Drop 2%,https://imperator-server.onrender.com/storage-proxy/gift_assets/models/Cherry_Drop_2.tgs
Hot Stuff 1%,https://imperator-server.onrender.com/storage-proxy/gift_assets/models/Hot_Stuff_1.tgs
Hypnotoad 1.5%,https://imperator-server.onrender.com/storage-proxy/gift_assets/models/Hypnotoad_1.tgs
Die Agaric 0.5%,https://imperator-server.onrender.com/storage-proxy/gift_assets/models/Die_Agaric_0.tgs
Prime Night 1.5%,https://imperator-server.onrender.com/storage-proxy/gift_assets/models/Prime_Night_1.tgs
Amour Touch 0.2%,https://imperator-server.onrender.com/storage-proxy/gift_assets/models/Amour_Touch_0.tgs
Square Cap 0.5%,https://imperator-server.onrender.com/storage-proxy/gift_assets/models/Square_Cap_0.tgs
Sunset Glow 0.5%,https://imperator-server.onrender.com/storage-proxy/gift_assets/models/Sunset_Glow_0.tgs
Bliss 1%,https://imperator-server.onrender.com/storage-proxy/gift_assets/models/Bliss_1.tgs
Radiance 0.2%,https://imperator-server.onrender.com/storage-proxy/gift_assets/models/Radiance_0.tgs
Ocean Star 0.5%,https://imperator-server.onrender.com/storage-proxy/gift_assets/models/Ocean_Star_0.tgs
Savannah 0.5%,https://imperator-server.onrender.com/storage-proxy/gift_assets/models/Savannah_0.tgs
Mickey Cap 0.5%,https://imperator-server.onrender.com/storage-proxy/gift_assets/models/Mickey_Cap_0.tgs
Tiger’s Eye 1%,https://imperator-server.onrender.com/storage-proxy/gift_assets/models/Tigers_Eye_1.tgs
Pepe Mania 0.5%,https://imperator-server.onrender.com/storage-proxy/gift_assets/models/Pepe_Mania_0.tgs
Evil Eye 0.5%,https://imperator-server.onrender.com/storage-proxy/gift_assets/models/Evil_Eye_0.tgs
True Love 0.7%,https://imperator-server.onrender.com/storage-proxy/gift_assets/models/True_Love_0.tgs
Sterling 1.3%,https://imperator-server.onrender.com/storage-proxy/gift_assets/models/Sterling_1.tgs
Leather 1.3%,https://imperator-server.onrender.com/storage-proxy/gift_assets/models/Leather_1.tgs
Superstar 1%,https://imperator-server.onrender.com/storage-proxy/gift_assets/models/Superstar_1.tgs
Coyote 1.3%,https://imperator-server.onrender.com/storage-proxy/gift_assets/models/Coyote_1.tgs
Negative 1.3%,https://imperator-server.onrender.com/storage-proxy/gift_assets/models/Negative_1.tgs
Candy Pink 1.3%,https://imperator-server.onrender.com/storage-proxy/gift_assets/models/Candy_Pink_1.tgs
Timber 1.3%,https://imperator-server.onrender.com/storage-proxy/gift_assets/models/Timber_1.tgs
Daily Blues 1.3%,https://imperator-server.onrender.com/storage-proxy/gift_assets/models/Daily_Blues_1.tgs
Ink Splatter 0.5%,https://imperator-server.onrender.com/storage-proxy/gift_assets/models/Ink_Splatter_0.tgs
Blue Jeans 1.3%,https://imperator-server.onrender.com/storage-proxy/gift_assets/models/Blue_Jeans_1.tgs
Death Note 1.3%,https://imperator-server.onrender.com/storage-proxy/gift_assets/models/Death_Note_1.tgs
Girlboss 0.7%,https://imperator-server.onrender.com/storage-proxy/gift_assets/models/Girlboss_0.tgs
Joker’s Notes 1.3%,https://imperator-server.onrender.com/storage-proxy/gift_assets/models/Jokers_Notes_1.tgs
Novelist 1%,https://imperator-server.onrender.com/storage-proxy/gift_assets/models/Novelist_1.tgs
Leopard 0.7%,https://imperator-server.onrender.com/storage-proxy/gift_assets/models/Leopard_0.tgs
Matte Black 1.3%,https://imperator-server.onrender.com/storage-proxy/gift_assets/models/Matte_Black_1.tgs
Savoy Blue 1.3%,https://imperator-server.onrender.com/storage-proxy/gift_assets/models/Savoy_Blue_1.tgs
Cheerleader 1.3%,https://imperator-server.onrender.com/storage-proxy/gift_assets/models/Cheerleader_1.tgs
Lord Byron 1%,https://imperator-server.onrender.com/storage-proxy/gift_assets/models/Lord_Byron_1.tgs
Snow Globe 1%,https://imperator-server.onrender.com/storage-proxy/gift_assets/models/Snow_Globe_1.tgs
Paper Plane 1%,https://imperator-server.onrender.com/storage-proxy/gift_assets/models/Paper_Plane_1.tgs
Walnut 1.3%,https://imperator-server.onrender.com/storage-proxy/gift_assets/models/Walnut_1.tgs
Swatch 0.7%,https://imperator-server.onrender.com/storage-proxy/gift_assets/models/Swatch_0.tgs
Trade Ledger 0.7%,https://imperator-server.onrender.com/storage-proxy/gift_assets/models/Trade_Ledger_0.tgs
Snow White 1.3%,https://imperator-server.onrender.com/storage-proxy/gift_assets/models/Snow_White_1.tgs
Vice City 1.3%,https://imperator-server.onrender.com/storage-proxy/gift_assets/models/Vice_City_1.tgs
Love Affair 0.7%,https://imperator-server.onrender.com/storage-proxy/gift_assets/models/Love_Affair_0.tgs
Monarch 1.3%,https://imperator-server.onrender.com/storage-proxy/gift_assets/models/Monarch_1.tgs
Hippie 0.7%,https://imperator-server.onrender.com/storage-proxy/gift_assets/models/Hippie_0.tgs
Meadow 1.3%,https://imperator-server.onrender.com/storage-proxy/gift_assets/models/Meadow_1.tgs
Marakuja 1.3%,https://imperator-server.onrender.com/storage-proxy/gift_assets/models/Marakuja_1.tgs
Phoenix 0.7%,https://imperator-server.onrender.com/storage-proxy/gift_assets/models/Phoenix_0.tgs
Marmalade 1.3%,https://imperator-server.onrender.com/storage-proxy/gift_assets/models/Marmalade_1.tgs
Lemonade 1.3%,https://imperator-server.onrender.com/storage-proxy/gift_assets/models/Lemonade_1.tgs
King Arthur 1%,https://imperator-server.onrender.com/storage-proxy/gift_assets/models/King_Arthur_1.tgs
Anemone 1%,https://imperator-server.onrender.com/storage-proxy/gift_assets/models/Anemone_1.tgs
Central Park 1.3%,https://imperator-server.onrender.com/storage-proxy/gift_assets/models/Central_Park_1.tgs
Sunflower 1.3%,https://imperator-server.onrender.com/storage-proxy/gift_assets/models/Sunflower_1.tgs
Skies Above 1.3%,https://imperator-server.onrender.com/storage-proxy/gift_assets/models/Skies_Above_1.tgs
Oak Tree 1.3%,https://imperator-server.onrender.com/storage-proxy/gift_assets/models/Oak_Tree_1.tgs
Tobacco 1.3%,https://imperator-server.onrender.com/storage-proxy/gift_assets/models/Tobacco_1.tgs
Tiger 0.7%,https://imperator-server.onrender.com/storage-proxy/gift_assets/models/Tiger_0.tgs
Tropical 1.3%,https://imperator-server.onrender.com/storage-proxy/gift_assets/models/Tropical_1.tgs
Vineyard 1.3%,https://imperator-server.onrender.com/storage-proxy/gift_assets/models/Vineyard_1.tgs
Mustard 1.3%,https://imperator-server.onrender.com/storage-proxy/gift_assets/models/Mustard_1.tgs
Paw Pads 1%,https://imperator-server.onrender.com/storage-proxy/gift_assets/models/Paw_Pads_1.tgs
Cyprus 1.3%,https://imperator-server.onrender.com/storage-proxy/gift_assets/models/Cyprus_1.tgs
Color Switch 0.7%,https://imperator-server.onrender.com/storage-proxy/gift_assets/models/Color_Switch_0.tgs
Newmarket 1.3%,https://imperator-server.onrender.com/storage-proxy/gift_assets/models/Newmarket_1.tgs
Hot Pink 1.3%,https://imperator-server.onrender.com/storage-proxy/gift_assets/models/Hot_Pink_1.tgs
Pearlescent 0.7%,https://imperator-server.onrender.com/storage-proxy/gift_assets/models/Pearlescent_0.tgs
The Cutie 1.3%,https://imperator-server.onrender.com/storage-proxy/gift_assets/models/The_Cutie_1.tgs
Peachless 0.3%,https://imperator-server.onrender.com/storage-proxy/gift_assets/models/Peachless_0.tgs
Red Cover 1.3%,https://imperator-server.onrender.com/storage-proxy/gift_assets/models/Red_Cover_1.tgs
Fashion Doll 1.3%,https://imperator-server.onrender.com/storage-proxy/gift_assets/models/Fashion_Doll_1.tgs
Error Log 0.7%,https://imperator-server.onrender.com/storage-proxy/gift_assets/models/Error_Log_0.tgs
Hazelnut 1.3%,https://imperator-server.onrender.com/storage-proxy/gift_assets/models/Hazelnut_1.tgs
Hipster 1.3%,https://imperator-server.onrender.com/storage-proxy/gift_assets/models/Hipster_1.tgs
Ocean Wave 1.3%,https://imperator-server.onrender.com/storage-proxy/gift_assets/models/Ocean_Wave_1.tgs
Hologram 0.7%,https://imperator-server.onrender.com/storage-proxy/gift_assets/models/Hologram_0.tgs
Springfield 0.7%,https://imperator-server.onrender.com/storage-proxy/gift_assets/models/Springfield_0.tgs
Smoothie 0.7%,https://imperator-server.onrender.com/storage-proxy/gift_assets/models/Smoothie_0.tgs
Enigma 0.5%,https://imperator-server.onrender.com/storage-proxy/gift_assets/models/Enigma_0.tgs
Côte d’Azur 1.3%,https://imperator-server.onrender.com/storage-proxy/gift_assets/models/Côte_dAzur_1.tgs
Florist 0.7%,https://imperator-server.onrender.com/storage-proxy/gift_assets/models/Florist_0.tgs
Twin Stars 0.7%,https://imperator-server.onrender.com/storage-proxy/gift_assets/models/Twin_Stars_0.tgs
Mermaid 0.7%,https://imperator-server.onrender.com/storage-proxy/gift_assets/models/Mermaid_0.tgs
Metallic 0.7%,https://imperator-server.onrender.com/storage-proxy/gift_assets/models/Metallic_0.tgs
Brainstorm 0.7%,https://imperator-server.onrender.com/storage-proxy/gift_assets/models/Brainstorm_0.tgs
Neon Grid 0.7%,https://imperator-server.onrender.com/storage-proxy/gift_assets/models/Neon_Grid_0.tgs
Positive 1%,https://imperator-server.onrender.com/storage-proxy/gift_assets/models/Positive_1.tgs
Ranger 1.3%,https://imperator-server.onrender.com/storage-proxy/gift_assets/models/Ranger_1.tgs
Tangerine 1.3%,https://imperator-server.onrender.com/storage-proxy/gift_assets/models/Tangerine_1.tgs
Faculty 1.3%,https://imperator-server.onrender.com/storage-proxy/gift_assets/models/Faculty_1.tgs
Executive 1%,https://imperator-server.onrender.com/storage-proxy/gift_assets/models/Executive_1.tgs
Crimson 1.3%,https://imperator-server.onrender.com/storage-proxy/gift_assets/models/Crimson_1.tgs
Nightpad 1.3%,https://imperator-server.onrender.com/storage-proxy/gift_assets/models/Nightpad_1.tgs
Starry Night 1%,https://imperator-server.onrender.com/storage-proxy/gift_assets/models/Starry_Night_1.tgs
Chronicles 1%,https://imperator-server.onrender.com/storage-proxy/gift_assets/models/Chronicles_1.tgs
Princess 0.7%,https://imperator-server.onrender.com/storage-proxy/gift_assets/models/Princess_0.tgs
Daybook 1.3%,https://imperator-server.onrender.com/storage-proxy/gift_assets/models/Daybook_1.tgs
Golden Star 0.7%,https://imperator-server.onrender.com/storage-proxy/gift_assets/models/Golden_Star_0.tgs
Le Club 0.7%,https://imperator-server.onrender.com/storage-proxy/gift_assets/models/Le_Club_0.tgs
North Pole 0.7%,https://imperator-server.onrender.com/storage-proxy/gift_assets/models/North_Pole_0.tgs
Toilet Paper 0.3%,https://imperator-server.onrender.com/storage-proxy/gift_assets/models/Toilet_Paper_0.tgs
Spellbook 0.5%,https://imperator-server.onrender.com/storage-proxy/gift_assets/models/Spellbook_0.tgs
Matcha 1.3%,https://imperator-server.onrender.com/storage-proxy/gift_assets/models/Matcha_1.tgs
Alien Script 0.3%,https://imperator-server.onrender.com/storage-proxy/gift_assets/models/Alien_Script_0.tgs
Grimoire 0.5%,https://imperator-server.onrender.com/storage-proxy/gift_assets/models/Grimoire_0.tgs
Mon Amour 0.3%,https://imperator-server.onrender.com/storage-proxy/gift_assets/models/Mon_Amour_0.tgs
Cursed Tome 0.5%,https://imperator-server.onrender.com/storage-proxy/gift_assets/models/Cursed_Tome_0.tgs
Clown 0.3%,https://imperator-server.onrender.com/storage-proxy/gift_assets/models/Clown_0.tgs
Pepe Diary 0.3%,https://imperator-server.onrender.com/storage-proxy/gift_assets/models/Pepe_Diary_0.tgs
Sky Ghost 3%,https://imperator-server.onrender.com/storage-proxy/gift_assets/models/Sky_Ghost_3.tgs
Doomsday 2%,https://imperator-server.onrender.com/storage-proxy/gift_assets/models/Doomsday_2.tgs
Astro Peach 3%,https://imperator-server.onrender.com/storage-proxy/gift_assets/models/Astro_Peach_3.tgs
Laika 2%,https://imperator-server.onrender.com/storage-proxy/gift_assets/models/Laika_2.tgs
Submarine 1.5%,https://imperator-server.onrender.com/storage-proxy/gift_assets/models/Submarine_1.tgs
Ruby Sparkle 3%,https://imperator-server.onrender.com/storage-proxy/gift_assets/models/Ruby_Sparkle_3.tgs
Malfunction 2.5%,https://imperator-server.onrender.com/storage-proxy/gift_assets/models/Malfunction_2.tgs
Alien Pizza 2%,https://imperator-server.onrender.com/storage-proxy/gift_assets/models/Alien_Pizza_2.tgs
Neon Fuel 3%,https://imperator-server.onrender.com/storage-proxy/gift_assets/models/Neon_Fuel_3.tgs
Popsicle 3%,https://imperator-server.onrender.com/storage-proxy/gift_assets/models/Popsicle_3.tgs
Jewels 1%,https://imperator-server.onrender.com/storage-proxy/gift_assets/models/Jewels_1.tgs
Bitcoin 0.5%,https://imperator-server.onrender.com/storage-proxy/gift_assets/models/Bitcoin_0.tgs
Worm Gun 2%,https://imperator-server.onrender.com/storage-proxy/gift_assets/models/Worm_Gun_2.tgs
Soap Bubbles 2.5%,https://imperator-server.onrender.com/storage-proxy/gift_assets/models/Soap_Bubbles_2.tgs
Jet Bike 2.5%,https://imperator-server.onrender.com/storage-proxy/gift_assets/models/Jet_Bike_2.tgs
Green Jelly 3%,https://imperator-server.onrender.com/storage-proxy/gift_assets/models/Green_Jelly_3.tgs
Fireworks 3%,https://imperator-server.onrender.com/storage-proxy/gift_assets/models/Fireworks_3.tgs
Police Box 1.5%,https://imperator-server.onrender.com/storage-proxy/gift_assets/models/Police_Box_1.tgs
Hornet 3%,https://imperator-server.onrender.com/storage-proxy/gift_assets/models/Hornet_3.tgs
First Step 2.5%,https://imperator-server.onrender.com/storage-proxy/gift_assets/models/First_Step_2.tgs
Flower Power 2.5%,https://imperator-server.onrender.com/storage-proxy/gift_assets/models/Flower_Power_2.tgs
Cardboard 2.5%,https://imperator-server.onrender.com/storage-proxy/gift_assets/models/Cardboard_2.tgs
Chrome 1.5%,https://imperator-server.onrender.com/storage-proxy/gift_assets/models/Chrome_1.tgs
Knowledge 1.5%,https://imperator-server.onrender.com/storage-proxy/gift_assets/models/Knowledge_1.tgs
Lollipop 3%,https://imperator-server.onrender.com/storage-proxy/gift_assets/models/Lollipop_3.tgs
Gunship 1%,https://imperator-server.onrender.com/storage-proxy/gift_assets/models/Gunship_1.tgs
Rocket Plush 2.5%,https://imperator-server.onrender.com/storage-proxy/gift_assets/models/Rocket_Plush_2.tgs
Banana 2.5%,https://imperator-server.onrender.com/storage-proxy/gift_assets/models/Banana_2.tgs
Black Wing 1%,https://imperator-server.onrender.com/storage-proxy/gift_assets/models/Black_Wing_1.tgs
Fishing Cat 2%,https://imperator-server.onrender.com/storage-proxy/gift_assets/models/Fishing_Cat_2.tgs
Checkered 2.5%,https://imperator-server.onrender.com/storage-proxy/gift_assets/models/Checkered_2.tgs
Silver Ride 2.5%,https://imperator-server.onrender.com/storage-proxy/gift_assets/models/Silver_Ride_2.tgs
Clever Bird 2%,https://imperator-server.onrender.com/storage-proxy/gift_assets/models/Clever_Bird_2.tgs
Squirrel 2%,https://imperator-server.onrender.com/storage-proxy/gift_assets/models/Squirrel_2.tgs
Little Journey 2%,https://imperator-server.onrender.com/storage-proxy/gift_assets/models/Little_Journey_2.tgs
Space Veggie 1%,https://imperator-server.onrender.com/storage-proxy/gift_assets/models/Space_Veggie_1.tgs
Vintage Toy 3%,https://imperator-server.onrender.com/storage-proxy/gift_assets/models/Vintage_Toy_3.tgs
Mission Uranus 0.5%,https://imperator-server.onrender.com/storage-proxy/gift_assets/models/Mission_Uranus_0.tgs
Lava Lamp 2.5%,https://imperator-server.onrender.com/storage-proxy/gift_assets/models/Lava_Lamp_2.tgs
Space Bot 1%,https://imperator-server.onrender.com/storage-proxy/gift_assets/models/Space_Bot_1.tgs
Normandy 1%,https://imperator-server.onrender.com/storage-proxy/gift_assets/models/Normandy_1.tgs
Planet Express 1.5%,https://imperator-server.onrender.com/storage-proxy/gift_assets/models/Planet_Express_1.tgs
To The Moon 0.5%,https://imperator-server.onrender.com/storage-proxy/gift_assets/models/To_The_Moon_0.tgs
Nostromo 1%,https://imperator-server.onrender.com/storage-proxy/gift_assets/models/Nostromo_1.tgs
Baby Carrot 2%,https://imperator-server.onrender.com/storage-proxy/gift_assets/models/Baby_Carrot_2.tgs
Pepelatz 1.5%,https://imperator-server.onrender.com/storage-proxy/gift_assets/models/Pepelatz_1.tgs
Mega Death 1%,https://imperator-server.onrender.com/storage-proxy/gift_assets/models/Mega_Death_1.tgs
Bulk Order 2%,https://imperator-server.onrender.com/storage-proxy/gift_assets/models/Bulk_Order_2.tgs
Doggystyle 2%,https://imperator-server.onrender.com/storage-proxy/gift_assets/models/Doggystyle_2.tgs
Choco Kush 3%,https://imperator-server.onrender.com/storage-proxy/gift_assets/models/Choco_Kush_3.tgs
Tag Bag 2.5%,https://imperator-server.onrender.com/storage-proxy/gift_assets/models/Tag_Bag_2.tgs
Doggy Doggs 2%,https://imperator-server.onrender.com/storage-proxy/gift_assets/models/Doggy_Doggs_2.tgs
Shuffle 2%,https://imperator-server.onrender.com/storage-proxy/gift_assets/models/Shuffle_2.tgs
April 20th 2%,https://imperator-server.onrender.com/storage-proxy/gift_assets/models/April_20th_2.tgs
P.I.M.P. 1%,https://imperator-server.onrender.com/storage-proxy/gift_assets/models/P.I.M.P.tgs
Hop Corn 3%,https://imperator-server.onrender.com/storage-proxy/gift_assets/models/Hop_Corn_3.tgs
Golden Nugs 1%,https://imperator-server.onrender.com/storage-proxy/gift_assets/models/Golden_Nugs_1.tgs
Boiling Hot 2%,https://imperator-server.onrender.com/storage-proxy/gift_assets/models/Boiling_Hot_2.tgs
Gummies 3%,https://imperator-server.onrender.com/storage-proxy/gift_assets/models/Gummies_3.tgs
Take It Easy 2%,https://imperator-server.onrender.com/storage-proxy/gift_assets/models/Take_It_Easy_2.tgs
Aviators 2%,https://imperator-server.onrender.com/storage-proxy/gift_assets/models/Aviators_2.tgs
Purple Smoke 2.5%,https://imperator-server.onrender.com/storage-proxy/gift_assets/models/Purple_Smoke_2.tgs
Smokefest 3%,https://imperator-server.onrender.com/storage-proxy/gift_assets/models/Smokefest_3.tgs
Muffins 2%,https://imperator-server.onrender.com/storage-proxy/gift_assets/models/Muffins_2.tgs
Snoopcoins 3%,https://imperator-server.onrender.com/storage-proxy/gift_assets/models/Snoopcoins_3.tgs
Fish Hat 2%,https://imperator-server.onrender.com/storage-proxy/gift_assets/models/Fish_Hat_2.tgs
Spicy Onion 3%,https://imperator-server.onrender.com/storage-proxy/gift_assets/models/Spicy_Onion_3.tgs
Candy Shop 2%,https://imperator-server.onrender.com/storage-proxy/gift_assets/models/Candy_Shop_2.tgs
Serious Dude 2.5%,https://imperator-server.onrender.com/storage-proxy/gift_assets/models/Serious_Dude_2.tgs
Doll Buttons 1.5%,https://imperator-server.onrender.com/storage-proxy/gift_assets/models/Doll_Buttons_1.tgs
Dogg’s Loot 3%,https://imperator-server.onrender.com/storage-proxy/gift_assets/models/Doggs_Loot_3.tgs
Rastafari 2.5%,https://imperator-server.onrender.com/storage-proxy/gift_assets/models/Rastafari_2.tgs
Lollipops 3%,https://imperator-server.onrender.com/storage-proxy/gift_assets/models/Lollipops_3.tgs
Choco Doggs 3%,https://imperator-server.onrender.com/storage-proxy/gift_assets/models/Choco_Doggs_3.tgs
Baggy Bag 2%,https://imperator-server.onrender.com/storage-proxy/gift_assets/models/Baggy_Bag_2.tgs
Snoop S 1.5%,https://imperator-server.onrender.com/storage-proxy/gift_assets/models/Snoop_S_1.tgs
Crook To Cook 2.5%,https://imperator-server.onrender.com/storage-proxy/gift_assets/models/Crook_To_Cook_2.tgs
Cookie Dude 0.5%,https://imperator-server.onrender.com/storage-proxy/gift_assets/models/Cookie_Dude_0.tgs
Happy Herbs 0.5%,https://imperator-server.onrender.com/storage-proxy/gift_assets/models/Happy_Herbs_0.tgs
West Toast 2%,https://imperator-server.onrender.com/storage-proxy/gift_assets/models/West_Toast_2.tgs
Gin and Juice 3%,https://imperator-server.onrender.com/storage-proxy/gift_assets/models/Gin_and_Juice_3.tgs
Bark & Tag 2.5%,https://imperator-server.onrender.com/storage-proxy/gift_assets/models/Bark__Tag_2.tgs
Lemon Pepper 3.5%,https://imperator-server.onrender.com/storage-proxy/gift_assets/models/Lemon_Pepper_3.tgs
Walk Of Fame 2%,https://imperator-server.onrender.com/storage-proxy/gift_assets/models/Walk_Of_Fame_2.tgs
Dogg Treats 3%,https://imperator-server.onrender.com/storage-proxy/gift_assets/models/Dogg_Treats_3.tgs
Platinum 8 2%,https://imperator-server.onrender.com/storage-proxy/gift_assets/models/Platinum_8_2.tgs
Platinum Drip 3%,https://imperator-server.onrender.com/storage-proxy/gift_assets/models/Platinum_Drip_3.tgs
Missionary 0.5%,https://imperator-server.onrender.com/storage-proxy/gift_assets/models/Missionary_0.tgs
Gin & Jewels 0.5%,https://imperator-server.onrender.com/storage-proxy/gift_assets/models/Gin__Jewels_0.tgs
Snoop Life 0.5%,https://imperator-server.onrender.com/storage-proxy/gift_assets/models/Snoop_Life_0.tgs
Money Bag 2%,https://imperator-server.onrender.com/storage-proxy/gift_assets/models/Money_Bag_2.tgs
Darkness 1%,https://imperator-server.onrender.com/storage-proxy/gift_assets/models/Darkness_1.tgs
Stack Pack 1.5%,https://imperator-server.onrender.com/storage-proxy/gift_assets/models/Stack_Pack_1.tgs
The Last Meal 1%,https://imperator-server.onrender.com/storage-proxy/gift_assets/models/The_Last_Meal_1.tgs
Cashback 0.5%,https://imperator-server.onrender.com/storage-proxy/gift_assets/models/Cashback_0.tgs
Blind Bag 1%,https://imperator-server.onrender.com/storage-proxy/gift_assets/models/Blind_Bag_1.tgs
Amazon 2.5%,https://imperator-server.onrender.com/storage-proxy/gift_assets/models/Amazon_2.tgs
Full Tint 2.5%,https://imperator-server.onrender.com/storage-proxy/gift_assets/models/Full_Tint_2.tgs
Inception 2%,https://imperator-server.onrender.com/storage-proxy/gift_assets/models/Inception_2.tgs
Day-Date 2.5%,https://imperator-server.onrender.com/storage-proxy/gift_assets/models/Day-Date_2.tgs
Cherry Time 1.5%,https://imperator-server.onrender.com/storage-proxy/gift_assets/models/Cherry_Time_1.tgs
Tachymeter 2.5%,https://imperator-server.onrender.com/storage-proxy/gift_assets/models/Tachymeter_2.tgs
Memory Flash 1.5%,https://imperator-server.onrender.com/storage-proxy/gift_assets/models/Memory_Flash_1.tgs
Blue Daytona 2.5%,https://imperator-server.onrender.com/storage-proxy/gift_assets/models/Blue_Daytona_2.tgs
Outer Space 2%,https://imperator-server.onrender.com/storage-proxy/gift_assets/models/Outer_Space_2.tgs
Diamond Ring 2.5%,https://imperator-server.onrender.com/storage-proxy/gift_assets/models/Diamond_Ring_2.tgs
The Original 3%,https://imperator-server.onrender.com/storage-proxy/gift_assets/models/The_Original_3.tgs
Sean Connery 1.5%,https://imperator-server.onrender.com/storage-proxy/gift_assets/models/Sean_Connery_1.tgs
Dr. Strange 1.5%,https://imperator-server.onrender.com/storage-proxy/gift_assets/models/Dr._Strange_1.tgs
Gameboy 2.5%,https://imperator-server.onrender.com/storage-proxy/gift_assets/models/Gameboy_2.tgs
Bruce Wayne 2%,https://imperator-server.onrender.com/storage-proxy/gift_assets/models/Bruce_Wayne_2.tgs
Pot of Gold 1.5%,https://imperator-server.onrender.com/storage-proxy/gift_assets/models/Pot_of_Gold_1.tgs
Chromatic 2%,https://imperator-server.onrender.com/storage-proxy/gift_assets/models/Chromatic_2.tgs
Spacewalk 1.5%,https://imperator-server.onrender.com/storage-proxy/gift_assets/models/Spacewalk_1.tgs
El Dorado 2%,https://imperator-server.onrender.com/storage-proxy/gift_assets/models/El_Dorado_2.tgs
Sputnik 1.5%,https://imperator-server.onrender.com/storage-proxy/gift_assets/models/Sputnik_1.tgs
Helicopter 2%,https://imperator-server.onrender.com/storage-proxy/gift_assets/models/Helicopter_2.tgs
Asteroid 1.5%,https://imperator-server.onrender.com/storage-proxy/gift_assets/models/Asteroid_1.tgs
Ball Pit 2%,https://imperator-server.onrender.com/storage-proxy/gift_assets/models/Ball_Pit_2.tgs
Infinite Loop 2%,https://imperator-server.onrender.com/storage-proxy/gift_assets/models/Infinite_Loop_2.tgs
Rockefeller 2%,https://imperator-server.onrender.com/storage-proxy/gift_assets/models/Rockefeller_2.tgs
Copper Clock 2%,https://imperator-server.onrender.com/storage-proxy/gift_assets/models/Copper_Clock_2.tgs
Salvador 1.5%,https://imperator-server.onrender.com/storage-proxy/gift_assets/models/Salvador_1.tgs
Bronze Age 2.5%,https://imperator-server.onrender.com/storage-proxy/gift_assets/models/Bronze_Age_2.tgs
Blue Bezel 3%,https://imperator-server.onrender.com/storage-proxy/gift_assets/models/Blue_Bezel_3.tgs
Xenowatch 1.5%,https://imperator-server.onrender.com/storage-proxy/gift_assets/models/Xenowatch_1.tgs
DeLorean 1.5%,https://imperator-server.onrender.com/storage-proxy/gift_assets/models/DeLorean_1.tgs
Intergalactic 1.5%,https://imperator-server.onrender.com/storage-proxy/gift_assets/models/Intergalactic_1.tgs
Patrician 2.5%,https://imperator-server.onrender.com/storage-proxy/gift_assets/models/Patrician_2.tgs
Zenith 2.5%,https://imperator-server.onrender.com/storage-proxy/gift_assets/models/Zenith_2.tgs
Galactic Year 2%,https://imperator-server.onrender.com/storage-proxy/gift_assets/models/Galactic_Year_2.tgs
Top Gun 2%,https://imperator-server.onrender.com/storage-proxy/gift_assets/models/Top_Gun_2.tgs
Pip-Boy 2.5%,https://imperator-server.onrender.com/storage-proxy/gift_assets/models/Pip-Boy_2.tgs
Iced Out 1.5%,https://imperator-server.onrender.com/storage-proxy/gift_assets/models/Iced_Out_1.tgs
Sovereign 2%,https://imperator-server.onrender.com/storage-proxy/gift_assets/models/Sovereign_2.tgs
Pink Cycle 1.5%,https://imperator-server.onrender.com/storage-proxy/gift_assets/models/Pink_Cycle_1.tgs
Platinum 2%,https://imperator-server.onrender.com/storage-proxy/gift_assets/models/Platinum_2.tgs
Timeless 2%,https://imperator-server.onrender.com/storage-proxy/gift_assets/models/Timeless_2.tgs
Patriot 2%,https://imperator-server.onrender.com/storage-proxy/gift_assets/models/Patriot_2.tgs
Gold Band 3%,https://imperator-server.onrender.com/storage-proxy/gift_assets/models/Gold_Band_3.tgs
Day Trader 1.5%,https://imperator-server.onrender.com/storage-proxy/gift_assets/models/Day_Trader_1.tgs
Cupid Clock 1.5%,https://imperator-server.onrender.com/storage-proxy/gift_assets/models/Cupid_Clock_1.tgs
Secret Agent 1.5%,https://imperator-server.onrender.com/storage-proxy/gift_assets/models/Secret_Agent_1.tgs
Royal Purple 3%,https://imperator-server.onrender.com/storage-proxy/gift_assets/models/Royal_Purple_3.tgs
The Grid 1.5%,https://imperator-server.onrender.com/storage-proxy/gift_assets/models/The_Grid_1.tgs
Future Watch 1.5%,https://imperator-server.onrender.com/storage-proxy/gift_assets/models/Future_Watch_1.tgs
Vivid Sky 2%,https://imperator-server.onrender.com/storage-proxy/gift_assets/models/Vivid_Sky_2.tgs
Funky Stitch 0.5%,https://imperator-server.onrender.com/storage-proxy/gift_assets/models/Funky_Stitch_0.tgs
Dalmatian 1.1%,https://imperator-server.onrender.com/storage-proxy/gift_assets/models/Dalmatian_1.tgs
Shiny Pearl 1.1%,https://imperator-server.onrender.com/storage-proxy/gift_assets/models/Shiny_Pearl_1.tgs
Verdant 2%,https://imperator-server.onrender.com/storage-proxy/gift_assets/models/Verdant_2.tgs
Health Wish 0.8%,https://imperator-server.onrender.com/storage-proxy/gift_assets/models/Health_Wish_0.tgs
Clover 2%,https://imperator-server.onrender.com/storage-proxy/gift_assets/models/Clover_2.tgs
Tinky Winky 1.1%,https://imperator-server.onrender.com/storage-proxy/gift_assets/models/Tinky_Winky_1.tgs
Mono Patch 0.5%,https://imperator-server.onrender.com/storage-proxy/gift_assets/models/Mono_Patch_0.tgs
Lavender 2%,https://imperator-server.onrender.com/storage-proxy/gift_assets/models/Lavender_2.tgs
Crystal View 1.1%,https://imperator-server.onrender.com/storage-proxy/gift_assets/models/Crystal_View_1.tgs
Yang 2%,https://imperator-server.onrender.com/storage-proxy/gift_assets/models/Yang_2.tgs
Dipsy 1%,https://imperator-server.onrender.com/storage-proxy/gift_assets/models/Dipsy_1.tgs
Ocean 2%,https://imperator-server.onrender.com/storage-proxy/gift_assets/models/Ocean_2.tgs
Money Wish 0.8%,https://imperator-server.onrender.com/storage-proxy/gift_assets/models/Money_Wish_0.tgs
Twilight 2%,https://imperator-server.onrender.com/storage-proxy/gift_assets/models/Twilight_2.tgs
Orchid 2%,https://imperator-server.onrender.com/storage-proxy/gift_assets/models/Orchid_2.tgs
Laa-Laa-Lag 1%,https://imperator-server.onrender.com/storage-proxy/gift_assets/models/Laa-Laa-Lag_1.tgs
Argentum 2%,https://imperator-server.onrender.com/storage-proxy/gift_assets/models/Argentum_2.tgs
Grayscale 2%,https://imperator-server.onrender.com/storage-proxy/gift_assets/models/Grayscale_2.tgs
Winter 2%,https://imperator-server.onrender.com/storage-proxy/gift_assets/models/Winter_2.tgs
Yin 2%,https://imperator-server.onrender.com/storage-proxy/gift_assets/models/Yin_2.tgs
Tropic Wave 1.1%,https://imperator-server.onrender.com/storage-proxy/gift_assets/models/Tropic_Wave_1.tgs
Holo Shell 1.1%,https://imperator-server.onrender.com/storage-proxy/gift_assets/models/Holo_Shell_1.tgs
Spectrum 1.1%,https://imperator-server.onrender.com/storage-proxy/gift_assets/models/Spectrum_1.tgs
Gold Rush 2%,https://imperator-server.onrender.com/storage-proxy/gift_assets/models/Gold_Rush_2.tgs
R2D2 0.3%,https://imperator-server.onrender.com/storage-proxy/gift_assets/models/R2D2_0.tgs
Pearl White 2%,https://imperator-server.onrender.com/storage-proxy/gift_assets/models/Pearl_White_2.tgs
Melon Pop 2%,https://imperator-server.onrender.com/storage-proxy/gift_assets/models/Melon_Pop_2.tgs
Mecha Fight 0.3%,https://imperator-server.onrender.com/storage-proxy/gift_assets/models/Mecha_Fight_0.tgs
Error-Po 1%,https://imperator-server.onrender.com/storage-proxy/gift_assets/models/Error-Po_1.tgs
Nokia 3310 0.3%,https://imperator-server.onrender.com/storage-proxy/gift_assets/models/Nokia_3310_0.tgs
Shadow 2%,https://imperator-server.onrender.com/storage-proxy/gift_assets/models/Shadow_2.tgs
Malachite 2%,https://imperator-server.onrender.com/storage-proxy/gift_assets/models/Malachite_2.tgs
Wild Hunt 1.1%,https://imperator-server.onrender.com/storage-proxy/gift_assets/models/Wild_Hunt_1.tgs
Cherry Milk 2%,https://imperator-server.onrender.com/storage-proxy/gift_assets/models/Cherry_Milk_2.tgs
Grape 2%,https://imperator-server.onrender.com/storage-proxy/gift_assets/models/Grape_2.tgs
Wooden Dog 0.5%,https://imperator-server.onrender.com/storage-proxy/gift_assets/models/Wooden_Dog_0.tgs
Neon Mirage 1.1%,https://imperator-server.onrender.com/storage-proxy/gift_assets/models/Neon_Mirage_1.tgs
Ruby Glaze 1.1%,https://imperator-server.onrender.com/storage-proxy/gift_assets/models/Ruby_Glaze_1.tgs
Purple 2%,https://imperator-server.onrender.com/storage-proxy/gift_assets/models/Purple_2.tgs
Peach 2%,https://imperator-server.onrender.com/storage-proxy/gift_assets/models/Peach_2.tgs
Birthday 0.3%,https://imperator-server.onrender.com/storage-proxy/gift_assets/models/Birthday_0.tgs
Furby 0.3%,https://imperator-server.onrender.com/storage-proxy/gift_assets/models/Furby_0.tgs
Dino Egg 1.1%,https://imperator-server.onrender.com/storage-proxy/gift_assets/models/Dino_Egg_1.tgs
Lime Shock 2%,https://imperator-server.onrender.com/storage-proxy/gift_assets/models/Lime_Shock_2.tgs
Lush Stripe 1.1%,https://imperator-server.onrender.com/storage-proxy/gift_assets/models/Lush_Stripe_1.tgs
Pastel Thread 0.5%,https://imperator-server.onrender.com/storage-proxy/gift_assets/models/Pastel_Thread_0.tgs
Alien Attack 0.3%,https://imperator-server.onrender.com/storage-proxy/gift_assets/models/Alien_Attack_0.tgs
Strawberry 1.1%,https://imperator-server.onrender.com/storage-proxy/gift_assets/models/Strawberry_1.tgs
Green Candy 1.1%,https://imperator-server.onrender.com/storage-proxy/gift_assets/models/Green_Candy_1.tgs
Underdog 0.3%,https://imperator-server.onrender.com/storage-proxy/gift_assets/models/Underdog_0.tgs
Classic Blue 0.5%,https://imperator-server.onrender.com/storage-proxy/gift_assets/models/Classic_Blue_0.tgs
Wish Granted 0.8%,https://imperator-server.onrender.com/storage-proxy/gift_assets/models/Wish_Granted_0.tgs
Sapphire 1.1%,https://imperator-server.onrender.com/storage-proxy/gift_assets/models/Sapphire_1.tgs
Inferno 2%,https://imperator-server.onrender.com/storage-proxy/gift_assets/models/Inferno_2.tgs
Lucky Wish 0.8%,https://imperator-server.onrender.com/storage-proxy/gift_assets/models/Lucky_Wish_0.tgs
Icy Zebra 1.1%,https://imperator-server.onrender.com/storage-proxy/gift_assets/models/Icy_Zebra_1.tgs
Love Wish 0.8%,https://imperator-server.onrender.com/storage-proxy/gift_assets/models/Love_Wish_0.tgs
Game Boy 0.3%,https://imperator-server.onrender.com/storage-proxy/gift_assets/models/Game_Boy_0.tgs
Amber 2%,https://imperator-server.onrender.com/storage-proxy/gift_assets/models/Amber_2.tgs
Citrus Ice 2%,https://imperator-server.onrender.com/storage-proxy/gift_assets/models/Citrus_Ice_2.tgs
BMO 0.5%,https://imperator-server.onrender.com/storage-proxy/gift_assets/models/BMO_0.tgs
Lime Chip 1.1%,https://imperator-server.onrender.com/storage-proxy/gift_assets/models/Lime_Chip_1.tgs
Egg Catch 0.3%,https://imperator-server.onrender.com/storage-proxy/gift_assets/models/Egg_Catch_0.tgs
Golden Sun 1.1%,https://imperator-server.onrender.com/storage-proxy/gift_assets/models/Golden_Sun_1.tgs
Bunny Grid 0.5%,https://imperator-server.onrender.com/storage-proxy/gift_assets/models/Bunny_Grid_0.tgs
Water Rings 0.3%,https://imperator-server.onrender.com/storage-proxy/gift_assets/models/Water_Rings_0.tgs
Pepe Feels 0.3%,https://imperator-server.onrender.com/storage-proxy/gift_assets/models/Pepe_Feels_0.tgs
Diamond Ton 0.3%,https://imperator-server.onrender.com/storage-proxy/gift_assets/models/Diamond_Ton_0.tgs
Toxic Glitch 0.3%,https://imperator-server.onrender.com/storage-proxy/gift_assets/models/Toxic_Glitch_0.tgs
Bondi Blue 1.1%,https://imperator-server.onrender.com/storage-proxy/gift_assets/models/Bondi_Blue_1.tgs
Doom 0.3%,https://imperator-server.onrender.com/storage-proxy/gift_assets/models/Doom_0.tgs
Heartbeat 0.3%,https://imperator-server.onrender.com/storage-proxy/gift_assets/models/Heartbeat_0.tgs
Yellow 0.5%,https://imperator-server.onrender.com/storage-proxy/gift_assets/models/Yellow_0.tgs
Puck Man 0.3%,https://imperator-server.onrender.com/storage-proxy/gift_assets/models/Puck_Man_0.tgs
The Demon 0.3%,https://imperator-server.onrender.com/storage-proxy/gift_assets/models/The_Demon_0.tgs
Stone Kitty 0.5%,https://imperator-server.onrender.com/storage-proxy/gift_assets/models/Stone_Kitty_0.tgs
Seraph 0.3%,https://imperator-server.onrender.com/storage-proxy/gift_assets/models/Seraph_0.tgs
Lazy Egg 0.3%,https://imperator-server.onrender.com/storage-proxy/gift_assets/models/Lazy_Egg_0.tgs
Pixel Bunny 0.5%,https://imperator-server.onrender.com/storage-proxy/gift_assets/models/Pixel_Bunny_0.tgs
Poo Byte 0.3%,https://imperator-server.onrender.com/storage-proxy/gift_assets/models/Poo_Byte_0.tgs
Pixel Pink 0.5%,https://imperator-server.onrender.com/storage-proxy/gift_assets/models/Pixel_Pink_0.tgs
Portal 0.3%,https://imperator-server.onrender.com/storage-proxy/gift_assets/models/Portal_0.tgs
Nyan Cat 0.3%,https://imperator-server.onrender.com/storage-proxy/gift_assets/models/Nyan_Cat_0.tgs
Cookbook 3.5%,https://imperator-server.onrender.com/storage-proxy/gift_assets/models/Cookbook_3.tgs
Voodoo 2.5%,https://imperator-server.onrender.com/storage-proxy/gift_assets/models/Voodoo_2.tgs
Divine Comedy 2.5%,https://imperator-server.onrender.com/storage-proxy/gift_assets/models/Divine_Comedy_2.tgs
Crazy Book 2%,https://imperator-server.onrender.com/storage-proxy/gift_assets/models/Crazy_Book_2.tgs
Chemistry 3%,https://imperator-server.onrender.com/storage-proxy/gift_assets/models/Chemistry_3.tgs
Ice Nine 3%,https://imperator-server.onrender.com/storage-proxy/gift_assets/models/Ice_Nine_3.tgs
Tiny Kingdom 2%,https://imperator-server.onrender.com/storage-proxy/gift_assets/models/Tiny_Kingdom_2.tgs
Geometry 3.5%,https://imperator-server.onrender.com/storage-proxy/gift_assets/models/Geometry_3.tgs
Alphabet 3.5%,https://imperator-server.onrender.com/storage-proxy/gift_assets/models/Alphabet_3.tgs
Crystal Tome 2%,https://imperator-server.onrender.com/storage-proxy/gift_assets/models/Crystal_Tome_2.tgs
Shakespeare 3%,https://imperator-server.onrender.com/storage-proxy/gift_assets/models/Shakespeare_3.tgs
Hitchhiker 1.5%,https://imperator-server.onrender.com/storage-proxy/gift_assets/models/Hitchhiker_1.tgs
Mystique 2%,https://imperator-server.onrender.com/storage-proxy/gift_assets/models/Mystique_2.tgs
Metro 1.5%,https://imperator-server.onrender.com/storage-proxy/gift_assets/models/Metro_1.tgs
Big Brother 2%,https://imperator-server.onrender.com/storage-proxy/gift_assets/models/Big_Brother_2.tgs
Pirate Tales 2.5%,https://imperator-server.onrender.com/storage-proxy/gift_assets/models/Pirate_Tales_2.tgs
Clay Tablets 3%,https://imperator-server.onrender.com/storage-proxy/gift_assets/models/Clay_Tablets_3.tgs
Animator 2.5%,https://imperator-server.onrender.com/storage-proxy/gift_assets/models/Animator_2.tgs
Love Story 2.5%,https://imperator-server.onrender.com/storage-proxy/gift_assets/models/Love_Story_2.tgs
Unfinished 2%,https://imperator-server.onrender.com/storage-proxy/gift_assets/models/Unfinished_2.tgs
Paleontology 3.5%,https://imperator-server.onrender.com/storage-proxy/gift_assets/models/Paleontology_3.tgs
Monster Book 1%,https://imperator-server.onrender.com/storage-proxy/gift_assets/models/Monster_Book_1.tgs
Ulysses 2%,https://imperator-server.onrender.com/storage-proxy/gift_assets/models/Ulysses_2.tgs
Herbarium 3.5%,https://imperator-server.onrender.com/storage-proxy/gift_assets/models/Herbarium_3.tgs
Fairy Tales 1%,https://imperator-server.onrender.com/storage-proxy/gift_assets/models/Fairy_Tales_1.tgs
Journal 1 0.5%,https://imperator-server.onrender.com/storage-proxy/gift_assets/models/Journal_1_0.tgs
Rocket Science 2%,https://imperator-server.onrender.com/storage-proxy/gift_assets/models/Rocket_Science_2.tgs
Burn Book 2%,https://imperator-server.onrender.com/storage-proxy/gift_assets/models/Burn_Book_2.tgs
Liberty Scroll 1.5%,https://imperator-server.onrender.com/storage-proxy/gift_assets/models/Liberty_Scroll_1.tgs
Lord of Flies 2%,https://imperator-server.onrender.com/storage-proxy/gift_assets/models/Lord_of_Flies_2.tgs
Academic 3.5%,https://imperator-server.onrender.com/storage-proxy/gift_assets/models/Academic_3.tgs
Anatomy 2.5%,https://imperator-server.onrender.com/storage-proxy/gift_assets/models/Anatomy_2.tgs
Astrology 1.5%,https://imperator-server.onrender.com/storage-proxy/gift_assets/models/Astrology_1.tgs
Secret Chapter 2%,https://imperator-server.onrender.com/storage-proxy/gift_assets/models/Secret_Chapter_2.tgs
Unipedia 2.5%,https://imperator-server.onrender.com/storage-proxy/gift_assets/models/Unipedia_2.tgs
Animal Friends 3.5%,https://imperator-server.onrender.com/storage-proxy/gift_assets/models/Animal_Friends_3.tgs
Wisdom Scroll 1.5%,https://imperator-server.onrender.com/storage-proxy/gift_assets/models/Wisdom_Scroll_1.tgs
Dragon Age 1%,https://imperator-server.onrender.com/storage-proxy/gift_assets/models/Dragon_Age_1.tgs
Songbook 2%,https://imperator-server.onrender.com/storage-proxy/gift_assets/models/Songbook_2.tgs
E-Reader 1.5%,https://imperator-server.onrender.com/storage-proxy/gift_assets/models/E-Reader_1.tgs
Secret Files 2.5%,https://imperator-server.onrender.com/storage-proxy/gift_assets/models/Secret_Files_2.tgs
Lovecraft 1%,https://imperator-server.onrender.com/storage-proxy/gift_assets/models/Lovecraft_1.tgs
Billy Milligan 1.5%,https://imperator-server.onrender.com/storage-proxy/gift_assets/models/Billy_Milligan_1.tgs
Fahrenheit 451 1%,https://imperator-server.onrender.com/storage-proxy/gift_assets/models/Fahrenheit_451_1.tgs
Evidence 0.5%,https://imperator-server.onrender.com/storage-proxy/gift_assets/models/Evidence_0.tgs
Token Vault 0.2%,https://imperator-server.onrender.com/storage-proxy/gift_assets/models/Token_Vault_0.tgs
Rebel Dog 0.5%,https://imperator-server.onrender.com/storage-proxy/gift_assets/models/Rebel_Dog_0.tgs
Froges 1%,https://imperator-server.onrender.com/storage-proxy/gift_assets/models/Froges_1.tgs
Kamasutra 0.5%,https://imperator-server.onrender.com/storage-proxy/gift_assets/models/Kamasutra_0.tgs
Death Note 0.1%,https://imperator-server.onrender.com/storage-proxy/gift_assets/models/Death_Note_0.tgs
Tom’s Diary 0.5%,https://imperator-server.onrender.com/storage-proxy/gift_assets/models/Toms_Diary_0.tgs
Huntsman 1.5%,https://imperator-server.onrender.com/storage-proxy/gift_assets/models/Huntsman_1.tgs
Blood Veil 2%,https://imperator-server.onrender.com/storage-proxy/gift_assets/models/Blood_Veil_2.tgs
Maestro 3%,https://imperator-server.onrender.com/storage-proxy/gift_assets/models/Maestro_3.tgs
Bloodline 3%,https://imperator-server.onrender.com/storage-proxy/gift_assets/models/Bloodline_3.tgs
Dreamwave 3%,https://imperator-server.onrender.com/storage-proxy/gift_assets/models/Dreamwave_3.tgs
Victorian Era 3%,https://imperator-server.onrender.com/storage-proxy/gift_assets/models/Victorian_Era_3.tgs
Golden Ratio 3%,https://imperator-server.onrender.com/storage-proxy/gift_assets/models/Golden_Ratio_3.tgs
Low Rider 2%,https://imperator-server.onrender.com/storage-proxy/gift_assets/models/Low_Rider_2.tgs
Clockwork 2%,https://imperator-server.onrender.com/storage-proxy/gift_assets/models/Clockwork_2.tgs
Purple Rain 3%,https://imperator-server.onrender.com/storage-proxy/gift_assets/models/Purple_Rain_3.tgs
Graphite 3%,https://imperator-server.onrender.com/storage-proxy/gift_assets/models/Graphite_3.tgs
Scrooge 2%,https://imperator-server.onrender.com/storage-proxy/gift_assets/models/Scrooge_2.tgs
Willy Wonka 2%,https://imperator-server.onrender.com/storage-proxy/gift_assets/models/Willy_Wonka_2.tgs
Crosswalk 2%,https://imperator-server.onrender.com/storage-proxy/gift_assets/models/Crosswalk_2.tgs
Chronos 1.2%,https://imperator-server.onrender.com/storage-proxy/gift_assets/models/Chronos_1.tgs
Green Stars 0.5%,https://imperator-server.onrender.com/storage-proxy/gift_assets/models/Green_Stars_0.tgs
Atlantis 0.5%,https://imperator-server.onrender.com/storage-proxy/gift_assets/models/Atlantis_0.tgs
Witch Doctor 1%,https://imperator-server.onrender.com/storage-proxy/gift_assets/models/Witch_Doctor_1.tgs
Burned Brass 2%,https://imperator-server.onrender.com/storage-proxy/gift_assets/models/Burned_Brass_2.tgs
Blake 1.5%,https://imperator-server.onrender.com/storage-proxy/gift_assets/models/Blake_1.tgs
Alien Invasion 0.5%,https://imperator-server.onrender.com/storage-proxy/gift_assets/models/Alien_Invasion_0.tgs
Performer 1%,https://imperator-server.onrender.com/storage-proxy/gift_assets/models/Performer_1.tgs
White Windsor 3%,https://imperator-server.onrender.com/storage-proxy/gift_assets/models/White_Windsor_3.tgs
Glam Safari 1%,https://imperator-server.onrender.com/storage-proxy/gift_assets/models/Glam_Safari_1.tgs
Charlie 2%,https://imperator-server.onrender.com/storage-proxy/gift_assets/models/Charlie_2.tgs
Cardinal 3%,https://imperator-server.onrender.com/storage-proxy/gift_assets/models/Cardinal_3.tgs
Limoncello 2%,https://imperator-server.onrender.com/storage-proxy/gift_assets/models/Limoncello_2.tgs
Alabaster 3%,https://imperator-server.onrender.com/storage-proxy/gift_assets/models/Alabaster_3.tgs
Black Raven 3%,https://imperator-server.onrender.com/storage-proxy/gift_assets/models/Black_Raven_3.tgs
Snowstorm 0.5%,https://imperator-server.onrender.com/storage-proxy/gift_assets/models/Snowstorm_0.tgs
Pink Bunny 1%,https://imperator-server.onrender.com/storage-proxy/gift_assets/models/Pink_Bunny_1.tgs
Starlight 3%,https://imperator-server.onrender.com/storage-proxy/gift_assets/models/Starlight_3.tgs
Grandmaster 3%,https://imperator-server.onrender.com/storage-proxy/gift_assets/models/Grandmaster_3.tgs
Submarine 1%,https://imperator-server.onrender.com/storage-proxy/gift_assets/models/Submarine_1.tgs
Lincoln 2%,https://imperator-server.onrender.com/storage-proxy/gift_assets/models/Lincoln_2.tgs
Polygon 0.3%,https://imperator-server.onrender.com/storage-proxy/gift_assets/models/Polygon_0.tgs
Maroon 3%,https://imperator-server.onrender.com/storage-proxy/gift_assets/models/Maroon_3.tgs
Mad Hatter 1%,https://imperator-server.onrender.com/storage-proxy/gift_assets/models/Mad_Hatter_1.tgs
Celestial 1%,https://imperator-server.onrender.com/storage-proxy/gift_assets/models/Celestial_1.tgs
Bubble Top 0.5%,https://imperator-server.onrender.com/storage-proxy/gift_assets/models/Bubble_Top_0.tgs
Bull Baron 1.5%,https://imperator-server.onrender.com/storage-proxy/gift_assets/models/Bull_Baron_1.tgs
Dairy Dandy 1%,https://imperator-server.onrender.com/storage-proxy/gift_assets/models/Dairy_Dandy_1.tgs
Abracadabra 0.5%,https://imperator-server.onrender.com/storage-proxy/gift_assets/models/Abracadabra_0.tgs
Antiquity 1%,https://imperator-server.onrender.com/storage-proxy/gift_assets/models/Antiquity_1.tgs
Uncle Sam 1.5%,https://imperator-server.onrender.com/storage-proxy/gift_assets/models/Uncle_Sam_1.tgs
Sceleritas Fel 0.5%,https://imperator-server.onrender.com/storage-proxy/gift_assets/models/Sceleritas_Fel_0.tgs
Pickle Jar 0.5%,https://imperator-server.onrender.com/storage-proxy/gift_assets/models/Pickle_Jar_0.tgs
Blackjack 1%,https://imperator-server.onrender.com/storage-proxy/gift_assets/models/Blackjack_1.tgs
Is It Cake? 0.5%,https://imperator-server.onrender.com/storage-proxy/gift_assets/models/Is_It_Cake_0.tgs
Megawatt 0.3%,https://imperator-server.onrender.com/storage-proxy/gift_assets/models/Megawatt_0.tgs
Tree Stump 0.5%,https://imperator-server.onrender.com/storage-proxy/gift_assets/models/Tree_Stump_0.tgs
Hat Toss 0.5%,https://imperator-server.onrender.com/storage-proxy/gift_assets/models/Hat_Toss_0.tgs
Lucifer 0.3%,https://imperator-server.onrender.com/storage-proxy/gift_assets/models/Lucifer_0.tgs
Leprechaun 1.5%,https://imperator-server.onrender.com/storage-proxy/gift_assets/models/Leprechaun_1.tgs
Mr. Whiskers 0.5%,https://imperator-server.onrender.com/storage-proxy/gift_assets/models/Mr._Whiskers_0.tgs
Pixel Perfect 0.2%,https://imperator-server.onrender.com/storage-proxy/gift_assets/models/Pixel_Perfect_0.tgs
Hippie 0.5%,https://imperator-server.onrender.com/storage-proxy/gift_assets/models/Hippie_0.tgs
Edison 0.5%,https://imperator-server.onrender.com/storage-proxy/gift_assets/models/Edison_0.tgs
Hypnosis 0.3%,https://imperator-server.onrender.com/storage-proxy/gift_assets/models/Hypnosis_0.tgs
Brainiac 0.5%,https://imperator-server.onrender.com/storage-proxy/gift_assets/models/Brainiac_0.tgs
Romantic 0.5%,https://imperator-server.onrender.com/storage-proxy/gift_assets/models/Romantic_0.tgs
Solar System 0.3%,https://imperator-server.onrender.com/storage-proxy/gift_assets/models/Solar_System_0.tgs
Constable 0.3%,https://imperator-server.onrender.com/storage-proxy/gift_assets/models/Constable_0.tgs
Grey Gatsby 0.3%,https://imperator-server.onrender.com/storage-proxy/gift_assets/models/Grey_Gatsby_0.tgs
Nurse 1.8%,https://imperator-server.onrender.com/storage-proxy/gift_assets/models/Nurse_1.tgs
Red Velvet 2.2%,https://imperator-server.onrender.com/storage-proxy/gift_assets/models/Red_Velvet_2.tgs
Watermelon 1.5%,https://imperator-server.onrender.com/storage-proxy/gift_assets/models/Watermelon_1.tgs
Tiger 1%,https://imperator-server.onrender.com/storage-proxy/gift_assets/models/Tiger_1.tgs
Bumblebear 1.2%,https://imperator-server.onrender.com/storage-proxy/gift_assets/models/Bumblebear_1.tgs
Graduate 1.5%,https://imperator-server.onrender.com/storage-proxy/gift_assets/models/Graduate_1.tgs
Macchiato 1.5%,https://imperator-server.onrender.com/storage-proxy/gift_assets/models/Macchiato_1.tgs
Pineapple 2.2%,https://imperator-server.onrender.com/storage-proxy/gift_assets/models/Pineapple_2.tgs
Skittles 2%,https://imperator-server.onrender.com/storage-proxy/gift_assets/models/Skittles_2.tgs
Wizard 1.5%,https://imperator-server.onrender.com/storage-proxy/gift_assets/models/Wizard_1.tgs
Lapis Lazuli 0.8%,https://imperator-server.onrender.com/storage-proxy/gift_assets/models/Lapis_Lazuli_0.tgs
Viola Pansy 2%,https://imperator-server.onrender.com/storage-proxy/gift_assets/models/Viola_Pansy_2.tgs
Deadpool 0.5%,https://imperator-server.onrender.com/storage-proxy/gift_assets/models/Deadpool_0.tgs
Circus Bear 2%,https://imperator-server.onrender.com/storage-proxy/gift_assets/models/Circus_Bear_2.tgs
El Rojo 2%,https://imperator-server.onrender.com/storage-proxy/gift_assets/models/El_Rojo_2.tgs
Polar Bear 2%,https://imperator-server.onrender.com/storage-proxy/gift_assets/models/Polar_Bear_2.tgs
Blueprint 0.5%,https://imperator-server.onrender.com/storage-proxy/gift_assets/models/Blueprint_0.tgs
Polygon 1.5%,https://imperator-server.onrender.com/storage-proxy/gift_assets/models/Polygon_1.tgs
Cuddle 1.3%,https://imperator-server.onrender.com/storage-proxy/gift_assets/models/Cuddle_1.tgs
Bearly Visible 1.2%,https://imperator-server.onrender.com/storage-proxy/gift_assets/models/Bearly_Visible_1.tgs
Pajamas 1.5%,https://imperator-server.onrender.com/storage-proxy/gift_assets/models/Pajamas_1.tgs
Winnie 1%,https://imperator-server.onrender.com/storage-proxy/gift_assets/models/Winnie_1.tgs
Coral Reef 2.2%,https://imperator-server.onrender.com/storage-proxy/gift_assets/models/Coral_Reef_2.tgs
Night Cub 2%,https://imperator-server.onrender.com/storage-proxy/gift_assets/models/Night_Cub_2.tgs
Cherry 2.2%,https://imperator-server.onrender.com/storage-proxy/gift_assets/models/Cherry_2.tgs
Fazbear 1%,https://imperator-server.onrender.com/storage-proxy/gift_assets/models/Fazbear_1.tgs
Tricolor 1.3%,https://imperator-server.onrender.com/storage-proxy/gift_assets/models/Tricolor_1.tgs
Contractor 1.5%,https://imperator-server.onrender.com/storage-proxy/gift_assets/models/Contractor_1.tgs
Panda 1.5%,https://imperator-server.onrender.com/storage-proxy/gift_assets/models/Panda_1.tgs
Matrix 0.5%,https://imperator-server.onrender.com/storage-proxy/gift_assets/models/Matrix_0.tgs
Citrus 2%,https://imperator-server.onrender.com/storage-proxy/gift_assets/models/Citrus_2.tgs
Peanut 2.2%,https://imperator-server.onrender.com/storage-proxy/gift_assets/models/Peanut_2.tgs
Blueberry 2%,https://imperator-server.onrender.com/storage-proxy/gift_assets/models/Blueberry_2.tgs
Carrot 2.2%,https://imperator-server.onrender.com/storage-proxy/gift_assets/models/Carrot_2.tgs
Color Switch 1.5%,https://imperator-server.onrender.com/storage-proxy/gift_assets/models/Color_Switch_1.tgs
Little Pepe 1.3%,https://imperator-server.onrender.com/storage-proxy/gift_assets/models/Little_Pepe_1.tgs
Pooh 1%,https://imperator-server.onrender.com/storage-proxy/gift_assets/models/Pooh_1.tgs
Pink Cactus 2.2%,https://imperator-server.onrender.com/storage-proxy/gift_assets/models/Pink_Cactus_2.tgs
Zebra 1.5%,https://imperator-server.onrender.com/storage-proxy/gift_assets/models/Zebra_1.tgs
Blue Dandy 2.2%,https://imperator-server.onrender.com/storage-proxy/gift_assets/models/Blue_Dandy_2.tgs
Copper 0.8%,https://imperator-server.onrender.com/storage-proxy/gift_assets/models/Copper_0.tgs
Cozy Boy 1.5%,https://imperator-server.onrender.com/storage-proxy/gift_assets/models/Cozy_Boy_1.tgs
Pink Doodle 2%,https://imperator-server.onrender.com/storage-proxy/gift_assets/models/Pink_Doodle_2.tgs
Noir Et Rose 2%,https://imperator-server.onrender.com/storage-proxy/gift_assets/models/Noir_Et_Rose_2.tgs
Cotton 2%,https://imperator-server.onrender.com/storage-proxy/gift_assets/models/Cotton_2.tgs
Ursa Major 0.5%,https://imperator-server.onrender.com/storage-proxy/gift_assets/models/Ursa_Major_0.tgs
Angel 1%,https://imperator-server.onrender.com/storage-proxy/gift_assets/models/Angel_1.tgs
Froggo 1.5%,https://imperator-server.onrender.com/storage-proxy/gift_assets/models/Froggo_1.tgs
Malibu 2.2%,https://imperator-server.onrender.com/storage-proxy/gift_assets/models/Malibu_2.tgs
Dragon Ruby 0.8%,https://imperator-server.onrender.com/storage-proxy/gift_assets/models/Dragon_Ruby_0.tgs
Panda Cow 1.5%,https://imperator-server.onrender.com/storage-proxy/gift_assets/models/Panda_Cow_1.tgs
Lunaris 0.5%,https://imperator-server.onrender.com/storage-proxy/gift_assets/models/Lunaris_0.tgs
Toady Bear 1.5%,https://imperator-server.onrender.com/storage-proxy/gift_assets/models/Toady_Bear_1.tgs
Matroskin 1.5%,https://imperator-server.onrender.com/storage-proxy/gift_assets/models/Matroskin_1.tgs
Kumamon 1%,https://imperator-server.onrender.com/storage-proxy/gift_assets/models/Kumamon_1.tgs
Teddy-800 1.2%,https://imperator-server.onrender.com/storage-proxy/gift_assets/models/Teddy-800_1.tgs
Purple Heart 2%,https://imperator-server.onrender.com/storage-proxy/gift_assets/models/Purple_Heart_2.tgs
Wall Street 0.8%,https://imperator-server.onrender.com/storage-proxy/gift_assets/models/Wall_Street_0.tgs
Checkmate 1.2%,https://imperator-server.onrender.com/storage-proxy/gift_assets/models/Checkmate_1.tgs
Chocolate 0.8%,https://imperator-server.onrender.com/storage-proxy/gift_assets/models/Chocolate_0.tgs
Golden Cub 0.4%,https://imperator-server.onrender.com/storage-proxy/gift_assets/models/Golden_Cub_0.tgs
Rilakkuma 1%,https://imperator-server.onrender.com/storage-proxy/gift_assets/models/Rilakkuma_1.tgs
Alter Ego 1.3%,https://imperator-server.onrender.com/storage-proxy/gift_assets/models/Alter_Ego_1.tgs
Dark Knight 0.5%,https://imperator-server.onrender.com/storage-proxy/gift_assets/models/Dark_Knight_0.tgs
The Devil 1%,https://imperator-server.onrender.com/storage-proxy/gift_assets/models/The_Devil_1.tgs
Silver Luxe 2%,https://imperator-server.onrender.com/storage-proxy/gift_assets/models/Silver_Luxe_2.tgs
Feline Fury 2%,https://imperator-server.onrender.com/storage-proxy/gift_assets/models/Feline_Fury_2.tgs
Mystic Mark 2%,https://imperator-server.onrender.com/storage-proxy/gift_assets/models/Mystic_Mark_2.tgs
Cold-Hearted 2.6%,https://imperator-server.onrender.com/storage-proxy/gift_assets/models/Cold-Hearted_2.tgs
Violet Shadow 2.6%,https://imperator-server.onrender.com/storage-proxy/gift_assets/models/Violet_Shadow_2.tgs
Pink Twilight 2.6%,https://imperator-server.onrender.com/storage-proxy/gift_assets/models/Pink_Twilight_2.tgs
Sweet Wrap 2%,https://imperator-server.onrender.com/storage-proxy/gift_assets/models/Sweet_Wrap_2.tgs
Abyss Heart 2.6%,https://imperator-server.onrender.com/storage-proxy/gift_assets/models/Abyss_Heart_2.tgs
Heartworm 2.6%,https://imperator-server.onrender.com/storage-proxy/gift_assets/models/Heartworm_2.tgs
Mended Love 2.6%,https://imperator-server.onrender.com/storage-proxy/gift_assets/models/Mended_Love_2.tgs
Valentine 2.6%,https://imperator-server.onrender.com/storage-proxy/gift_assets/models/Valentine_2.tgs
Undead Beat 2.6%,https://imperator-server.onrender.com/storage-proxy/gift_assets/models/Undead_Beat_2.tgs
Tattoo 2%,https://imperator-server.onrender.com/storage-proxy/gift_assets/models/Tattoo_2.tgs
Blue Whisper 2.6%,https://imperator-server.onrender.com/storage-proxy/gift_assets/models/Blue_Whisper_2.tgs
Meadow 2.6%,https://imperator-server.onrender.com/storage-proxy/gift_assets/models/Meadow_2.tgs
Lovesick 2.6%,https://imperator-server.onrender.com/storage-proxy/gift_assets/models/Lovesick_2.tgs
Magic Kiss 1%,https://imperator-server.onrender.com/storage-proxy/gift_assets/models/Magic_Kiss_1.tgs
Empty Silent 2.6%,https://imperator-server.onrender.com/storage-proxy/gift_assets/models/Empty_Silent_2.tgs
Sweetheart 2%,https://imperator-server.onrender.com/storage-proxy/gift_assets/models/Sweetheart_2.tgs
Toxic Love 2%,https://imperator-server.onrender.com/storage-proxy/gift_assets/models/Toxic_Love_2.tgs
Zap Core 1%,https://imperator-server.onrender.com/storage-proxy/gift_assets/models/Zap_Core_1.tgs
Love Bomb 1%,https://imperator-server.onrender.com/storage-proxy/gift_assets/models/Love_Bomb_1.tgs
Blood Stains 2.6%,https://imperator-server.onrender.com/storage-proxy/gift_assets/models/Blood_Stains_2.tgs
Colorful Beats 2.6%,https://imperator-server.onrender.com/storage-proxy/gift_assets/models/Colorful_Beats_2.tgs
Stardust 0.6%,https://imperator-server.onrender.com/storage-proxy/gift_assets/models/Stardust_0.tgs
Grey Ember 2.6%,https://imperator-server.onrender.com/storage-proxy/gift_assets/models/Grey_Ember_2.tgs
Fire and Ice 2%,https://imperator-server.onrender.com/storage-proxy/gift_assets/models/Fire_and_Ice_2.tgs
Orange Blaze 2.6%,https://imperator-server.onrender.com/storage-proxy/gift_assets/models/Orange_Blaze_2.tgs
Goldie 1%,https://imperator-server.onrender.com/storage-proxy/gift_assets/models/Goldie_1.tgs
PXL PNK 0.6%,https://imperator-server.onrender.com/storage-proxy/gift_assets/models/PXL_PNK_0.tgs
Purple Haze 2.6%,https://imperator-server.onrender.com/storage-proxy/gift_assets/models/Purple_Haze_2.tgs
Jack-o-Love 0.6%,https://imperator-server.onrender.com/storage-proxy/gift_assets/models/Jack-o-Love_0.tgs
Vampie 2%,https://imperator-server.onrender.com/storage-proxy/gift_assets/models/Vampie_2.tgs
Bandaged 2.6%,https://imperator-server.onrender.com/storage-proxy/gift_assets/models/Bandaged_2.tgs
Bloodvine 2%,https://imperator-server.onrender.com/storage-proxy/gift_assets/models/Bloodvine_2.tgs
Crime Scene 2.6%,https://imperator-server.onrender.com/storage-proxy/gift_assets/models/Crime_Scene_2.tgs
Jinx 0.6%,https://imperator-server.onrender.com/storage-proxy/gift_assets/models/Jinx_0.tgs
Comic Book 0.6%,https://imperator-server.onrender.com/storage-proxy/gift_assets/models/Comic_Book_0.tgs
Patchwork 2.6%,https://imperator-server.onrender.com/storage-proxy/gift_assets/models/Patchwork_2.tgs
Bejeweled 2.6%,https://imperator-server.onrender.com/storage-proxy/gift_assets/models/Bejeweled_2.tgs
Patched Up 2.6%,https://imperator-server.onrender.com/storage-proxy/gift_assets/models/Patched_Up_2.tgs
Faded Relic 2.6%,https://imperator-server.onrender.com/storage-proxy/gift_assets/models/Faded_Relic_2.tgs
Sandy Red 2.6%,https://imperator-server.onrender.com/storage-proxy/gift_assets/models/Sandy_Red_2.tgs
Cozy Season 1%,https://imperator-server.onrender.com/storage-proxy/gift_assets/models/Cozy_Season_1.tgs
Iron Pulse 1%,https://imperator-server.onrender.com/storage-proxy/gift_assets/models/Iron_Pulse_1.tgs
A. Pereira 4%,https://imperator-server.onrender.com/storage-proxy/gift_assets/models/A.tgs
Classic Red 4%,https://imperator-server.onrender.com/storage-proxy/gift_assets/models/Classic_Red_4.tgs
I. Adesanya 4%,https://imperator-server.onrender.com/storage-proxy/gift_assets/models/I.tgs
Classic Blue 4%,https://imperator-server.onrender.com/storage-proxy/gift_assets/models/Classic_Blue_4.tgs
C. Oliveira 4%,https://imperator-server.onrender.com/storage-proxy/gift_assets/models/C.tgs
UFC 25 Blue 4%,https://imperator-server.onrender.com/storage-proxy/gift_assets/models/UFC_25_Blue_4.tgs
Gold Chimaev 0.5%,https://imperator-server.onrender.com/storage-proxy/gift_assets/models/Gold_Chimaev_0.tgs
Keychain Blue 2%,https://imperator-server.onrender.com/storage-proxy/gift_assets/models/Keychain_Blue_2.tgs
Keychain Red 2%,https://imperator-server.onrender.com/storage-proxy/gift_assets/models/Keychain_Red_2.tgs
UFC BMF 1.5%,https://imperator-server.onrender.com/storage-proxy/gift_assets/models/UFC_BMF_1.tgs
J. Jones 4%,https://imperator-server.onrender.com/storage-proxy/gift_assets/models/J.tgs
UFC Octagon 3%,https://imperator-server.onrender.com/storage-proxy/gift_assets/models/UFC_Octagon_3.tgs
S. O’Malley 4%,https://imperator-server.onrender.com/storage-proxy/gift_assets/models/S.tgs
UFC Classic 1%,https://imperator-server.onrender.com/storage-proxy/gift_assets/models/UFC_Classic_1.tgs
Gold Jones 0.5%,https://imperator-server.onrender.com/storage-proxy/gift_assets/models/Gold_Jones_0.tgs
K. Chimaev 4%,https://imperator-server.onrender.com/storage-proxy/gift_assets/models/K.tgs
Gold UFC Octagon 1%,https://imperator-server.onrender.com/storage-proxy/gift_assets/models/Gold_UFC_Octagon_1.tgs
M. Dvalishvili 4%,https://imperator-server.onrender.com/storage-proxy/gift_assets/models/M.tgs
Level Up 3%,https://imperator-server.onrender.com/storage-proxy/gift_assets/models/Level_Up_3.tgs
Gold O’Malley 0.5%,https://imperator-server.onrender.com/storage-proxy/gift_assets/models/Gold_OMalley_0.tgs
Prime Relic 1.5%,https://imperator-server.onrender.com/storage-proxy/gift_assets/models/Prime_Relic_1.tgs
Blue Glove Token 2%,https://imperator-server.onrender.com/storage-proxy/gift_assets/models/Blue_Glove_Token_2.tgs
Ult Fighting 0.5%,https://imperator-server.onrender.com/storage-proxy/gift_assets/models/Ult_Fighting_0.tgs
A. Pantoja 4%,https://imperator-server.onrender.com/storage-proxy/gift_assets/models/A.tgs
I. Topuria 4%,https://imperator-server.onrender.com/storage-proxy/gift_assets/models/I.tgs
A. Volkanovski 4%,https://imperator-server.onrender.com/storage-proxy/gift_assets/models/A.tgs
Gold Adesanya 0.5%,https://imperator-server.onrender.com/storage-proxy/gift_assets/models/Gold_Adesanya_0.tgs
Dumbbell 3%,https://imperator-server.onrender.com/storage-proxy/gift_assets/models/Dumbbell_3.tgs
Train Time 3%,https://imperator-server.onrender.com/storage-proxy/gift_assets/models/Train_Time_3.tgs
Gold Topuria 0.5%,https://imperator-server.onrender.com/storage-proxy/gift_assets/models/Gold_Topuria_0.tgs
UFC Keychain 1.5%,https://imperator-server.onrender.com/storage-proxy/gift_assets/models/UFC_Keychain_1.tgs
Combo Hit 3%,https://imperator-server.onrender.com/storage-proxy/gift_assets/models/Combo_Hit_3.tgs
UFC Legacy 2%,https://imperator-server.onrender.com/storage-proxy/gift_assets/models/UFC_Legacy_2.tgs
Red Glove Token 2%,https://imperator-server.onrender.com/storage-proxy/gift_assets/models/Red_Glove_Token_2.tgs
Fist Bump 3%,https://imperator-server.onrender.com/storage-proxy/gift_assets/models/Fist_Bump_3.tgs
UFC 30 Red 4%,https://imperator-server.onrender.com/storage-proxy/gift_assets/models/UFC_30_Red_4.tgs
UFC World 0.5%,https://imperator-server.onrender.com/storage-proxy/gift_assets/models/UFC_World_0.tgs
Gold Oliveira 0.5%,https://imperator-server.onrender.com/storage-proxy/gift_assets/models/Gold_Oliveira_0.tgs
UFC Love 1.5%,https://imperator-server.onrender.com/storage-proxy/gift_assets/models/UFC_Love_1.tgs
Gold Dvalishvili 0.5%,https://imperator-server.onrender.com/storage-proxy/gift_assets/models/Gold_Dvalishvili_0.tgs
Ultimate Ult 1%,https://imperator-server.onrender.com/storage-proxy/gift_assets/models/Ultimate_Ult_1.tgs
Gold Pereira 0.5%,https://imperator-server.onrender.com/storage-proxy/gift_assets/models/Gold_Pereira_0.tgs
Gold Volkanovski 0.5%,https://imperator-server.onrender.com/storage-proxy/gift_assets/models/Gold_Volkanovski_0.tgs
UFC Glove Token 1%,https://imperator-server.onrender.com/storage-proxy/gift_assets/models/UFC_Glove_Token_1.tgs
Gold Pantoja 0.5%,https://imperator-server.onrender.com/storage-proxy/gift_assets/models/Gold_Pantoja_0.tgs
Chess Set 1%,https://imperator-server.onrender.com/storage-proxy/gift_assets/models/Chess_Set_1.tgs
Summer 2.5%,https://imperator-server.onrender.com/storage-proxy/gift_assets/models/Summer_2.tgs
Polka Dots 2.5%,https://imperator-server.onrender.com/storage-proxy/gift_assets/models/Polka_Dots_2.tgs
Silver Blue 3%,https://imperator-server.onrender.com/storage-proxy/gift_assets/models/Silver_Blue_3.tgs
Art Deco 2.5%,https://imperator-server.onrender.com/storage-proxy/gift_assets/models/Art_Deco_2.tgs
Snow White 3%,https://imperator-server.onrender.com/storage-proxy/gift_assets/models/Snow_White_3.tgs
Resistance 1%,https://imperator-server.onrender.com/storage-proxy/gift_assets/models/Resistance_1.tgs
Clockwork 1%,https://imperator-server.onrender.com/storage-proxy/gift_assets/models/Clockwork_1.tgs
Christmas 3%,https://imperator-server.onrender.com/storage-proxy/gift_assets/models/Christmas_3.tgs
Clear Case 2.5%,https://imperator-server.onrender.com/storage-proxy/gift_assets/models/Clear_Case_2.tgs
Cherry 2%,https://imperator-server.onrender.com/storage-proxy/gift_assets/models/Cherry_2.tgs
Pizza 1%,https://imperator-server.onrender.com/storage-proxy/gift_assets/models/Pizza_1.tgs
Knitting Kit 2%,https://imperator-server.onrender.com/storage-proxy/gift_assets/models/Knitting_Kit_2.tgs
Tiffany 2%,https://imperator-server.onrender.com/storage-proxy/gift_assets/models/Tiffany_2.tgs
Prestige 3%,https://imperator-server.onrender.com/storage-proxy/gift_assets/models/Prestige_3.tgs
Outline 3%,https://imperator-server.onrender.com/storage-proxy/gift_assets/models/Outline_3.tgs
Gold Dust 3%,https://imperator-server.onrender.com/storage-proxy/gift_assets/models/Gold_Dust_3.tgs
Molten Core 1%,https://imperator-server.onrender.com/storage-proxy/gift_assets/models/Molten_Core_1.tgs
Golden Bear 1%,https://imperator-server.onrender.com/storage-proxy/gift_assets/models/Golden_Bear_1.tgs
Redshift 3%,https://imperator-server.onrender.com/storage-proxy/gift_assets/models/Redshift_3.tgs
Blue Suede 3%,https://imperator-server.onrender.com/storage-proxy/gift_assets/models/Blue_Suede_3.tgs
Kiss Emoji 1.5%,https://imperator-server.onrender.com/storage-proxy/gift_assets/models/Kiss_Emoji_1.tgs
First Aid 2%,https://imperator-server.onrender.com/storage-proxy/gift_assets/models/First_Aid_2.tgs
Flash Tattoo 2%,https://imperator-server.onrender.com/storage-proxy/gift_assets/models/Flash_Tattoo_2.tgs
Green Apple 3%,https://imperator-server.onrender.com/storage-proxy/gift_assets/models/Green_Apple_3.tgs
Gothic 1.5%,https://imperator-server.onrender.com/storage-proxy/gift_assets/models/Gothic_1.tgs
Red Velvet 3%,https://imperator-server.onrender.com/storage-proxy/gift_assets/models/Red_Velvet_3.tgs
Kitten 1%,https://imperator-server.onrender.com/storage-proxy/gift_assets/models/Kitten_1.tgs
Hollywood 2%,https://imperator-server.onrender.com/storage-proxy/gift_assets/models/Hollywood_2.tgs
Top Brass 2.5%,https://imperator-server.onrender.com/storage-proxy/gift_assets/models/Top_Brass_2.tgs
Fuse Box 1.5%,https://imperator-server.onrender.com/storage-proxy/gift_assets/models/Fuse_Box_1.tgs
Crime Scene 2%,https://imperator-server.onrender.com/storage-proxy/gift_assets/models/Crime_Scene_2.tgs
Vibrant 2.5%,https://imperator-server.onrender.com/storage-proxy/gift_assets/models/Vibrant_2.tgs
Tartan 2.5%,https://imperator-server.onrender.com/storage-proxy/gift_assets/models/Tartan_2.tgs
White Gold 3%,https://imperator-server.onrender.com/storage-proxy/gift_assets/models/White_Gold_3.tgs
Snow Queen 1.5%,https://imperator-server.onrender.com/storage-proxy/gift_assets/models/Snow_Queen_1.tgs
Froggie 1%,https://imperator-server.onrender.com/storage-proxy/gift_assets/models/Froggie_1.tgs
Moonlight 2.5%,https://imperator-server.onrender.com/storage-proxy/gift_assets/models/Moonlight_2.tgs
Nikola Tesla 1.5%,https://imperator-server.onrender.com/storage-proxy/gift_assets/models/Nikola_Tesla_1.tgs
Inbox 1%,https://imperator-server.onrender.com/storage-proxy/gift_assets/models/Inbox_1.tgs
Choco Mint 3%,https://imperator-server.onrender.com/storage-proxy/gift_assets/models/Choco_Mint_3.tgs
Hitman 0.5%,https://imperator-server.onrender.com/storage-proxy/gift_assets/models/Hitman_0.tgs
Traveler 1%,https://imperator-server.onrender.com/storage-proxy/gift_assets/models/Traveler_1.tgs
Toncoin 0.5%,https://imperator-server.onrender.com/storage-proxy/gift_assets/models/Toncoin_0.tgs
Minnie 0.5%,https://imperator-server.onrender.com/storage-proxy/gift_assets/models/Minnie_0.tgs
Iceman 2.5%,https://imperator-server.onrender.com/storage-proxy/gift_assets/models/Iceman_2.tgs
Royal 1%,https://imperator-server.onrender.com/storage-proxy/gift_assets/models/Royal_1.tgs
Taiyaki 2%,https://imperator-server.onrender.com/storage-proxy/gift_assets/models/Taiyaki_2.tgs
Pumpkin Spice 3%,https://imperator-server.onrender.com/storage-proxy/gift_assets/models/Pumpkin_Spice_3.tgs
Dark Sparkle 2.5%,https://imperator-server.onrender.com/storage-proxy/gift_assets/models/Dark_Sparkle_2.tgs
Berry Shake 3%,https://imperator-server.onrender.com/storage-proxy/gift_assets/models/Berry_Shake_3.tgs
Birthday 3%,https://imperator-server.onrender.com/storage-proxy/gift_assets/models/Birthday_3.tgs
Unicone 3%,https://imperator-server.onrender.com/storage-proxy/gift_assets/models/Unicone_3.tgs
Disco Funk 3%,https://imperator-server.onrender.com/storage-proxy/gift_assets/models/Disco_Funk_3.tgs
Red Dragon 0.5%,https://imperator-server.onrender.com/storage-proxy/gift_assets/models/Red_Dragon_0.tgs
Love Glazed 1.5%,https://imperator-server.onrender.com/storage-proxy/gift_assets/models/Love_Glazed_1.tgs
Sushi 2.5%,https://imperator-server.onrender.com/storage-proxy/gift_assets/models/Sushi_2.tgs
Bite Me 2%,https://imperator-server.onrender.com/storage-proxy/gift_assets/models/Bite_Me_2.tgs
Tralashark 0.5%,https://imperator-server.onrender.com/storage-proxy/gift_assets/models/Tralashark_0.tgs
Ube Cream 2%,https://imperator-server.onrender.com/storage-proxy/gift_assets/models/Ube_Cream_2.tgs
Circus 3%,https://imperator-server.onrender.com/storage-proxy/gift_assets/models/Circus_3.tgs
Bumblebee 1.5%,https://imperator-server.onrender.com/storage-proxy/gift_assets/models/Bumblebee_1.tgs
Dreamland 3%,https://imperator-server.onrender.com/storage-proxy/gift_assets/models/Dreamland_3.tgs
Choco Cone 2%,https://imperator-server.onrender.com/storage-proxy/gift_assets/models/Choco_Cone_2.tgs
Cherry On Top 3%,https://imperator-server.onrender.com/storage-proxy/gift_assets/models/Cherry_On_Top_3.tgs
Punk Rock 1%,https://imperator-server.onrender.com/storage-proxy/gift_assets/models/Punk_Rock_1.tgs
Pine Cone 3%,https://imperator-server.onrender.com/storage-proxy/gift_assets/models/Pine_Cone_3.tgs
Chilly Bones 2%,https://imperator-server.onrender.com/storage-proxy/gift_assets/models/Chilly_Bones_2.tgs
Viceroy 1.5%,https://imperator-server.onrender.com/storage-proxy/gift_assets/models/Viceroy_1.tgs
Raspberry 1.5%,https://imperator-server.onrender.com/storage-proxy/gift_assets/models/Raspberry_1.tgs
Vintage Bunny 2%,https://imperator-server.onrender.com/storage-proxy/gift_assets/models/Vintage_Bunny_2.tgs
Stay Chill 2%,https://imperator-server.onrender.com/storage-proxy/gift_assets/models/Stay_Chill_2.tgs
Rock Solid 1.5%,https://imperator-server.onrender.com/storage-proxy/gift_assets/models/Rock_Solid_1.tgs
Champion Cup 2%,https://imperator-server.onrender.com/storage-proxy/gift_assets/models/Champion_Cup_2.tgs
Crystal 1.5%,https://imperator-server.onrender.com/storage-proxy/gift_assets/models/Crystal_1.tgs
Vanilla 2%,https://imperator-server.onrender.com/storage-proxy/gift_assets/models/Vanilla_2.tgs
Star Buddy 2%,https://imperator-server.onrender.com/storage-proxy/gift_assets/models/Star_Buddy_2.tgs
Sundae Drive 1.5%,https://imperator-server.onrender.com/storage-proxy/gift_assets/models/Sundae_Drive_1.tgs
Gummy Bear 2%,https://imperator-server.onrender.com/storage-proxy/gift_assets/models/Gummy_Bear_2.tgs
Bamboo Ice 3%,https://imperator-server.onrender.com/storage-proxy/gift_assets/models/Bamboo_Ice_3.tgs
Cold Paws 2.5%,https://imperator-server.onrender.com/storage-proxy/gift_assets/models/Cold_Paws_2.tgs
Gelato Rose 2%,https://imperator-server.onrender.com/storage-proxy/gift_assets/models/Gelato_Rose_2.tgs
Porcelain 2%,https://imperator-server.onrender.com/storage-proxy/gift_assets/models/Porcelain_2.tgs
Scoopzilla 2%,https://imperator-server.onrender.com/storage-proxy/gift_assets/models/Scoopzilla_2.tgs
Cavendish 2%,https://imperator-server.onrender.com/storage-proxy/gift_assets/models/Cavendish_2.tgs
Mega Scoop 1.5%,https://imperator-server.onrender.com/storage-proxy/gift_assets/models/Mega_Scoop_1.tgs
Classic 3%,https://imperator-server.onrender.com/storage-proxy/gift_assets/models/Classic_3.tgs
Vanilla Brick 2%,https://imperator-server.onrender.com/storage-proxy/gift_assets/models/Vanilla_Brick_2.tgs
Wafflesaurus 2%,https://imperator-server.onrender.com/storage-proxy/gift_assets/models/Wafflesaurus_2.tgs
Queen’s Gambit 2%,https://imperator-server.onrender.com/storage-proxy/gift_assets/models/Queens_Gambit_2.tgs
Frappuccino 1%,https://imperator-server.onrender.com/storage-proxy/gift_assets/models/Frappuccino_1.tgs
Gold Leaf 0.5%,https://imperator-server.onrender.com/storage-proxy/gift_assets/models/Gold_Leaf_0.tgs
Dunk Master 3%,https://imperator-server.onrender.com/storage-proxy/gift_assets/models/Dunk_Master_3.tgs
Sharpshooter 3%,https://imperator-server.onrender.com/storage-proxy/gift_assets/models/Sharpshooter_3.tgs
Radiant Order 3%,https://imperator-server.onrender.com/storage-proxy/gift_assets/models/Radiant_Order_3.tgs
Heroic Honor 3%,https://imperator-server.onrender.com/storage-proxy/gift_assets/models/Heroic_Honor_3.tgs
Lifesaver 3%,https://imperator-server.onrender.com/storage-proxy/gift_assets/models/Lifesaver_3.tgs
Golden Puck 3%,https://imperator-server.onrender.com/storage-proxy/gift_assets/models/Golden_Puck_3.tgs
Great Athlete 3%,https://imperator-server.onrender.com/storage-proxy/gift_assets/models/Great_Athlete_3.tgs
Pathfinder 3%,https://imperator-server.onrender.com/storage-proxy/gift_assets/models/Pathfinder_3.tgs
Veteran 3%,https://imperator-server.onrender.com/storage-proxy/gift_assets/models/Veteran_3.tgs
Genius 3%,https://imperator-server.onrender.com/storage-proxy/gift_assets/models/Genius_3.tgs
Glory Goal 3%,https://imperator-server.onrender.com/storage-proxy/gift_assets/models/Glory_Goal_3.tgs
Dealmaker 3%,https://imperator-server.onrender.com/storage-proxy/gift_assets/models/Dealmaker_3.tgs
Brewmaster 2%,https://imperator-server.onrender.com/storage-proxy/gift_assets/models/Brewmaster_2.tgs
Ton Titan 2%,https://imperator-server.onrender.com/storage-proxy/gift_assets/models/Ton_Titan_2.tgs
Sweet Reward 3%,https://imperator-server.onrender.com/storage-proxy/gift_assets/models/Sweet_Reward_3.tgs
Finish Line 3%,https://imperator-server.onrender.com/storage-proxy/gift_assets/models/Finish_Line_3.tgs
Bronze 3%,https://imperator-server.onrender.com/storage-proxy/gift_assets/models/Bronze_3.tgs
Master Of Luck 0.5%,https://imperator-server.onrender.com/storage-proxy/gift_assets/models/Master_Of_Luck_0.tgs
Crystal Trophy 3%,https://imperator-server.onrender.com/storage-proxy/gift_assets/models/Crystal_Trophy_3.tgs
Rebel Award 3%,https://imperator-server.onrender.com/storage-proxy/gift_assets/models/Rebel_Award_3.tgs
Illuminatus 1%,https://imperator-server.onrender.com/storage-proxy/gift_assets/models/Illuminatus_1.tgs
Nice Try 3%,https://imperator-server.onrender.com/storage-proxy/gift_assets/models/Nice_Try_3.tgs
Crown Jewel 2.5%,https://imperator-server.onrender.com/storage-proxy/gift_assets/models/Crown_Jewel_2.tgs
Candy King 3%,https://imperator-server.onrender.com/storage-proxy/gift_assets/models/Candy_King_3.tgs
Eternal Glory 1.5%,https://imperator-server.onrender.com/storage-proxy/gift_assets/models/Eternal_Glory_1.tgs
Crown of Grace 1.5%,https://imperator-server.onrender.com/storage-proxy/gift_assets/models/Crown_of_Grace_1.tgs
Starbound 3%,https://imperator-server.onrender.com/storage-proxy/gift_assets/models/Starbound_3.tgs
Racing Champ 3%,https://imperator-server.onrender.com/storage-proxy/gift_assets/models/Racing_Champ_3.tgs
Viking 2.5%,https://imperator-server.onrender.com/storage-proxy/gift_assets/models/Viking_2.tgs
Grandmaster 1.5%,https://imperator-server.onrender.com/storage-proxy/gift_assets/models/Grandmaster_1.tgs
High Roller 0.5%,https://imperator-server.onrender.com/storage-proxy/gift_assets/models/High_Roller_0.tgs
Master Gamer 0.5%,https://imperator-server.onrender.com/storage-proxy/gift_assets/models/Master_Gamer_0.tgs
Top Swimmer 3%,https://imperator-server.onrender.com/storage-proxy/gift_assets/models/Top_Swimmer_3.tgs
Gold 1%,https://imperator-server.onrender.com/storage-proxy/gift_assets/models/Gold_1.tgs
Princess 2.5%,https://imperator-server.onrender.com/storage-proxy/gift_assets/models/Princess_2.tgs
Telecrafter 1.5%,https://imperator-server.onrender.com/storage-proxy/gift_assets/models/Telecrafter_1.tgs
Heartbreaker 0.5%,https://imperator-server.onrender.com/storage-proxy/gift_assets/models/Heartbreaker_0.tgs
Inventor 3%,https://imperator-server.onrender.com/storage-proxy/gift_assets/models/Inventor_3.tgs
Gem Holder 0.5%,https://imperator-server.onrender.com/storage-proxy/gift_assets/models/Gem_Holder_0.tgs
Aegis 0.2%,https://imperator-server.onrender.com/storage-proxy/gift_assets/models/Aegis_0.tgs
Heart of Steel 1.5%,https://imperator-server.onrender.com/storage-proxy/gift_assets/models/Heart_of_Steel_1.tgs
First Finisher 0.2%,https://imperator-server.onrender.com/storage-proxy/gift_assets/models/First_Finisher_0.tgs
Noble Prize 0.2%,https://imperator-server.onrender.com/storage-proxy/gift_assets/models/Noble_Prize_0.tgs
King Troll 0.2%,https://imperator-server.onrender.com/storage-proxy/gift_assets/models/King_Troll_0.tgs
Crypto Whale 0.5%,https://imperator-server.onrender.com/storage-proxy/gift_assets/models/Crypto_Whale_0.tgs
The Founder 0.2%,https://imperator-server.onrender.com/storage-proxy/gift_assets/models/The_Founder_0.tgs
Foundry 2%,https://imperator-server.onrender.com/storage-proxy/gift_assets/models/Foundry_2.tgs
Blue Ghoul 3%,https://imperator-server.onrender.com/storage-proxy/gift_assets/models/Blue_Ghoul_3.tgs
Sunset Orange 2%,https://imperator-server.onrender.com/storage-proxy/gift_assets/models/Sunset_Orange_2.tgs
Rainbow Road 1%,https://imperator-server.onrender.com/storage-proxy/gift_assets/models/Rainbow_Road_1.tgs
Red Devil 4%,https://imperator-server.onrender.com/storage-proxy/gift_assets/models/Red_Devil_4.tgs
Centurion 1%,https://imperator-server.onrender.com/storage-proxy/gift_assets/models/Centurion_1.tgs
Mellow Yellow 2%,https://imperator-server.onrender.com/storage-proxy/gift_assets/models/Mellow_Yellow_2.tgs
Stained Glass 3%,https://imperator-server.onrender.com/storage-proxy/gift_assets/models/Stained_Glass_3.tgs
Gray Matter 1%,https://imperator-server.onrender.com/storage-proxy/gift_assets/models/Gray_Matter_1.tgs
Mirror Finish 3%,https://imperator-server.onrender.com/storage-proxy/gift_assets/models/Mirror_Finish_3.tgs
Subtle Purple 3%,https://imperator-server.onrender.com/storage-proxy/gift_assets/models/Subtle_Purple_3.tgs
Blue Hue 3%,https://imperator-server.onrender.com/storage-proxy/gift_assets/models/Blue_Hue_3.tgs
Aquaviolet 3%,https://imperator-server.onrender.com/storage-proxy/gift_assets/models/Aquaviolet_3.tgs
Premium Blend 4%,https://imperator-server.onrender.com/storage-proxy/gift_assets/models/Premium_Blend_4.tgs
Pickle Rick 2%,https://imperator-server.onrender.com/storage-proxy/gift_assets/models/Pickle_Rick_2.tgs
Saturation 3%,https://imperator-server.onrender.com/storage-proxy/gift_assets/models/Saturation_3.tgs
Purple Haze 2%,https://imperator-server.onrender.com/storage-proxy/gift_assets/models/Purple_Haze_2.tgs
Pink Ghost 3%,https://imperator-server.onrender.com/storage-proxy/gift_assets/models/Pink_Ghost_3.tgs
Pink Panther 2%,https://imperator-server.onrender.com/storage-proxy/gift_assets/models/Pink_Panther_2.tgs
Psychonaut 0.5%,https://imperator-server.onrender.com/storage-proxy/gift_assets/models/Psychonaut_0.tgs
Pink Plume 0.5%,https://imperator-server.onrender.com/storage-proxy/gift_assets/models/Pink_Plume_0.tgs
Purple Patron 3%,https://imperator-server.onrender.com/storage-proxy/gift_assets/models/Purple_Patron_3.tgs
Green Goblin 2%,https://imperator-server.onrender.com/storage-proxy/gift_assets/models/Green_Goblin_2.tgs
Long Draw 2%,https://imperator-server.onrender.com/storage-proxy/gift_assets/models/Long_Draw_2.tgs
Super Swirls 0.3%,https://imperator-server.onrender.com/storage-proxy/gift_assets/models/Super_Swirls_0.tgs
Oil Baron 0.5%,https://imperator-server.onrender.com/storage-proxy/gift_assets/models/Oil_Baron_0.tgs
Pink Tint 3%,https://imperator-server.onrender.com/storage-proxy/gift_assets/models/Pink_Tint_3.tgs
Dark Clouds 1%,https://imperator-server.onrender.com/storage-proxy/gift_assets/models/Dark_Clouds_1.tgs
Secret Santa 2%,https://imperator-server.onrender.com/storage-proxy/gift_assets/models/Secret_Santa_2.tgs
Cool Blue 2%,https://imperator-server.onrender.com/storage-proxy/gift_assets/models/Cool_Blue_2.tgs
Green Gas 2%,https://imperator-server.onrender.com/storage-proxy/gift_assets/models/Green_Gas_2.tgs
Rose Wrapper 3%,https://imperator-server.onrender.com/storage-proxy/gift_assets/models/Rose_Wrapper_3.tgs
Thermal 1%,https://imperator-server.onrender.com/storage-proxy/gift_assets/models/Thermal_1.tgs
El Classico 0.3%,https://imperator-server.onrender.com/storage-proxy/gift_assets/models/El_Classico_0.tgs
Black Plume 2%,https://imperator-server.onrender.com/storage-proxy/gift_assets/models/Black_Plume_2.tgs
Silver Bullet 2%,https://imperator-server.onrender.com/storage-proxy/gift_assets/models/Silver_Bullet_2.tgs
Rudolph 3%,https://imperator-server.onrender.com/storage-proxy/gift_assets/models/Rudolph_3.tgs
Ashtray 1%,https://imperator-server.onrender.com/storage-proxy/gift_assets/models/Ashtray_1.tgs
Golden Hour 2%,https://imperator-server.onrender.com/storage-proxy/gift_assets/models/Golden_Hour_2.tgs
Cobalt 2%,https://imperator-server.onrender.com/storage-proxy/gift_assets/models/Cobalt_2.tgs
The Gentleman 1%,https://imperator-server.onrender.com/storage-proxy/gift_assets/models/The_Gentleman_1.tgs
Jazz Cigarette 0.5%,https://imperator-server.onrender.com/storage-proxy/gift_assets/models/Jazz_Cigarette_0.tgs
Ice Cold 0.3%,https://imperator-server.onrender.com/storage-proxy/gift_assets/models/Ice_Cold_0.tgs
High Tide 1.5%,https://imperator-server.onrender.com/storage-proxy/gift_assets/models/High_Tide_1.tgs
Silver Fox 1%,https://imperator-server.onrender.com/storage-proxy/gift_assets/models/Silver_Fox_1.tgs
Seeing Red 2%,https://imperator-server.onrender.com/storage-proxy/gift_assets/models/Seeing_Red_2.tgs
Warm Glow 2%,https://imperator-server.onrender.com/storage-proxy/gift_assets/models/Warm_Glow_2.tgs
Vaporwave 3%,https://imperator-server.onrender.com/storage-proxy/gift_assets/models/Vaporwave_3.tgs
Spectral Smoke 0.3%,https://imperator-server.onrender.com/storage-proxy/gift_assets/models/Spectral_Smoke_0.tgs
Pearl Puff 2%,https://imperator-server.onrender.com/storage-proxy/gift_assets/models/Pearl_Puff_2.tgs
Saturn V 0.3%,https://imperator-server.onrender.com/storage-proxy/gift_assets/models/Saturn_V_0.tgs
The Shocker 0.3%,https://imperator-server.onrender.com/storage-proxy/gift_assets/models/The_Shocker_0.tgs
Short Fuse 0.3%,https://imperator-server.onrender.com/storage-proxy/gift_assets/models/Short_Fuse_0.tgs
Far Out 0.4%,https://imperator-server.onrender.com/storage-proxy/gift_assets/models/Far_Out_0.tgs
Bumblebee 2%,https://imperator-server.onrender.com/storage-proxy/gift_assets/models/Bumblebee_2.tgs
Dark Side 3.5%,https://imperator-server.onrender.com/storage-proxy/gift_assets/models/Dark_Side_3.tgs
Royal Gold 3.5%,https://imperator-server.onrender.com/storage-proxy/gift_assets/models/Royal_Gold_3.tgs
Textile 3.5%,https://imperator-server.onrender.com/storage-proxy/gift_assets/models/Textile_3.tgs
Revenge 1.5%,https://imperator-server.onrender.com/storage-proxy/gift_assets/models/Revenge_1.tgs
Aqua Gem 3.5%,https://imperator-server.onrender.com/storage-proxy/gift_assets/models/Aqua_Gem_3.tgs
Blue Abyss 2.5%,https://imperator-server.onrender.com/storage-proxy/gift_assets/models/Blue_Abyss_2.tgs
Toxicity 1%,https://imperator-server.onrender.com/storage-proxy/gift_assets/models/Toxicity_1.tgs
Tan Gent 3.5%,https://imperator-server.onrender.com/storage-proxy/gift_assets/models/Tan_Gent_3.tgs
Shrek 1%,https://imperator-server.onrender.com/storage-proxy/gift_assets/models/Shrek_1.tgs
Chromed Out 2%,https://imperator-server.onrender.com/storage-proxy/gift_assets/models/Chromed_Out_2.tgs
Gingerbread 1%,https://imperator-server.onrender.com/storage-proxy/gift_assets/models/Gingerbread_1.tgs
Vendetta 2%,https://imperator-server.onrender.com/storage-proxy/gift_assets/models/Vendetta_2.tgs
Redemption 1%,https://imperator-server.onrender.com/storage-proxy/gift_assets/models/Redemption_1.tgs
Rebel Spirit 3.5%,https://imperator-server.onrender.com/storage-proxy/gift_assets/models/Rebel_Spirit_3.tgs
Cold-Blooded 3.5%,https://imperator-server.onrender.com/storage-proxy/gift_assets/models/Cold-Blooded_3.tgs
Pink Needle 1.5%,https://imperator-server.onrender.com/storage-proxy/gift_assets/models/Pink_Needle_1.tgs
Vengeance 3.5%,https://imperator-server.onrender.com/storage-proxy/gift_assets/models/Vengeance_3.tgs
Layer One 1%,https://imperator-server.onrender.com/storage-proxy/gift_assets/models/Layer_One_1.tgs
Low Gravity 1.5%,https://imperator-server.onrender.com/storage-proxy/gift_assets/models/Low_Gravity_1.tgs
Emo Curse 2%,https://imperator-server.onrender.com/storage-proxy/gift_assets/models/Emo_Curse_2.tgs
Far Galaxy 2.5%,https://imperator-server.onrender.com/storage-proxy/gift_assets/models/Far_Galaxy_2.tgs
En Passant 2%,https://imperator-server.onrender.com/storage-proxy/gift_assets/models/En_Passant_2.tgs
Concept Art 1%,https://imperator-server.onrender.com/storage-proxy/gift_assets/models/Concept_Art_1.tgs
Disco Doll 0.4%,https://imperator-server.onrender.com/storage-proxy/gift_assets/models/Disco_Doll_0.tgs
Malachite 3.5%,https://imperator-server.onrender.com/storage-proxy/gift_assets/models/Malachite_3.tgs
Painful Love 3.5%,https://imperator-server.onrender.com/storage-proxy/gift_assets/models/Painful_Love_3.tgs
Starry Night 2%,https://imperator-server.onrender.com/storage-proxy/gift_assets/models/Starry_Night_2.tgs
Jellousy 0.5%,https://imperator-server.onrender.com/storage-proxy/gift_assets/models/Jellousy_0.tgs
Terminator 2%,https://imperator-server.onrender.com/storage-proxy/gift_assets/models/Terminator_2.tgs
Pain Train 2.5%,https://imperator-server.onrender.com/storage-proxy/gift_assets/models/Pain_Train_2.tgs
Mocha Man 2.5%,https://imperator-server.onrender.com/storage-proxy/gift_assets/models/Mocha_Man_2.tgs
Pure Hatred 3.5%,https://imperator-server.onrender.com/storage-proxy/gift_assets/models/Pure_Hatred_3.tgs
Red Checker 3%,https://imperator-server.onrender.com/storage-proxy/gift_assets/models/Red_Checker_3.tgs
Horror Movie 3.5%,https://imperator-server.onrender.com/storage-proxy/gift_assets/models/Horror_Movie_3.tgs
Ice Block 0.6%,https://imperator-server.onrender.com/storage-proxy/gift_assets/models/Ice_Block_0.tgs
Magma Ooze 0.5%,https://imperator-server.onrender.com/storage-proxy/gift_assets/models/Magma_Ooze_0.tgs
Fingerprint 2%,https://imperator-server.onrender.com/storage-proxy/gift_assets/models/Fingerprint_2.tgs
Bubbles 1%,https://imperator-server.onrender.com/storage-proxy/gift_assets/models/Bubbles_1.tgs
Medium Rare 1%,https://imperator-server.onrender.com/storage-proxy/gift_assets/models/Medium_Rare_1.tgs
Clear Water 1.5%,https://imperator-server.onrender.com/storage-proxy/gift_assets/models/Clear_Water_1.tgs
Electrician 3.5%,https://imperator-server.onrender.com/storage-proxy/gift_assets/models/Electrician_3.tgs
Broken Hope 0.6%,https://imperator-server.onrender.com/storage-proxy/gift_assets/models/Broken_Hope_0.tgs
Bitten Lip 2.5%,https://imperator-server.onrender.com/storage-proxy/gift_assets/models/Bitten_Lip_2.tgs
Birthday Cake 1%,https://imperator-server.onrender.com/storage-proxy/gift_assets/models/Birthday_Cake_1.tgs
Scribble Stab 0.4%,https://imperator-server.onrender.com/storage-proxy/gift_assets/models/Scribble_Stab_0.tgs
Salad Spell 1%,https://imperator-server.onrender.com/storage-proxy/gift_assets/models/Salad_Spell_1.tgs
Cruella 0.5%,https://imperator-server.onrender.com/storage-proxy/gift_assets/models/Cruella_0.tgs
Undead 3%,https://imperator-server.onrender.com/storage-proxy/gift_assets/models/Undead_3.tgs
Four-Twenty 1.5%,https://imperator-server.onrender.com/storage-proxy/gift_assets/models/Four-Twenty_1.tgs
Dogg 2%,https://imperator-server.onrender.com/storage-proxy/gift_assets/models/Dogg_2.tgs
Organic Height 2%,https://imperator-server.onrender.com/storage-proxy/gift_assets/models/Organic_Height_2.tgs
Obsidian 1%,https://imperator-server.onrender.com/storage-proxy/gift_assets/models/Obsidian_1.tgs
Ruby 2%,https://imperator-server.onrender.com/storage-proxy/gift_assets/models/Ruby_2.tgs
Sugar Daddy 2.5%,https://imperator-server.onrender.com/storage-proxy/gift_assets/models/Sugar_Daddy_2.tgs
The Hard Way 2.5%,https://imperator-server.onrender.com/storage-proxy/gift_assets/models/The_Hard_Way_2.tgs
Groupie Luv 2.5%,https://imperator-server.onrender.com/storage-proxy/gift_assets/models/Groupie_Luv_2.tgs
Big Fan 2%,https://imperator-server.onrender.com/storage-proxy/gift_assets/models/Big_Fan_2.tgs
Tru Tank Doggs 2.5%,https://imperator-server.onrender.com/storage-proxy/gift_assets/models/Tru_Tank_Doggs_2.tgs
Duality 3%,https://imperator-server.onrender.com/storage-proxy/gift_assets/models/Duality_3.tgs
Wild Power 2.5%,https://imperator-server.onrender.com/storage-proxy/gift_assets/models/Wild_Power_2.tgs
Still D.R.E. 2%,https://imperator-server.onrender.com/storage-proxy/gift_assets/models/Still_D.R.E.tgs
Woofee 2.5%,https://imperator-server.onrender.com/storage-proxy/gift_assets/models/Woofee_2.tgs
Signature 2.5%,https://imperator-server.onrender.com/storage-proxy/gift_assets/models/Signature_2.tgs
Green Slime 3%,https://imperator-server.onrender.com/storage-proxy/gift_assets/models/Green_Slime_3.tgs
Bow Wizzle 2.5%,https://imperator-server.onrender.com/storage-proxy/gift_assets/models/Bow_Wizzle_2.tgs
God Bless 2.5%,https://imperator-server.onrender.com/storage-proxy/gift_assets/models/God_Bless_2.tgs
Masterpiece 2.5%,https://imperator-server.onrender.com/storage-proxy/gift_assets/models/Masterpiece_2.tgs
DeVille 1.5%,https://imperator-server.onrender.com/storage-proxy/gift_assets/models/DeVille_1.tgs
Chill Out 2.5%,https://imperator-server.onrender.com/storage-proxy/gift_assets/models/Chill_Out_2.tgs
Legacy 2.5%,https://imperator-server.onrender.com/storage-proxy/gift_assets/models/Legacy_2.tgs
Gospel Vibe 0.5%,https://imperator-server.onrender.com/storage-proxy/gift_assets/models/Gospel_Vibe_0.tgs
Swag Droid 3%,https://imperator-server.onrender.com/storage-proxy/gift_assets/models/Swag_Droid_3.tgs
Gold Ruby 3%,https://imperator-server.onrender.com/storage-proxy/gift_assets/models/Gold_Ruby_3.tgs
Paisley 3%,https://imperator-server.onrender.com/storage-proxy/gift_assets/models/Paisley_3.tgs
Bible Of Love 1.5%,https://imperator-server.onrender.com/storage-proxy/gift_assets/models/Bible_Of_Love_1.tgs
Chow Wow 2.5%,https://imperator-server.onrender.com/storage-proxy/gift_assets/models/Chow_Wow_2.tgs
Legal Crime 2%,https://imperator-server.onrender.com/storage-proxy/gift_assets/models/Legal_Crime_2.tgs
Yap Yap 2.5%,https://imperator-server.onrender.com/storage-proxy/gift_assets/models/Yap_Yap_2.tgs
Yippie Yo 2%,https://imperator-server.onrender.com/storage-proxy/gift_assets/models/Yippie_Yo_2.tgs
Shadow Flex 2%,https://imperator-server.onrender.com/storage-proxy/gift_assets/models/Shadow_Flex_2.tgs
Doggystyle 2.5%,https://imperator-server.onrender.com/storage-proxy/gift_assets/models/Doggystyle_2.tgs
Barcs A Locks 2.5%,https://imperator-server.onrender.com/storage-proxy/gift_assets/models/Barcs_A_Locks_2.tgs
Sugar Bone 1%,https://imperator-server.onrender.com/storage-proxy/gift_assets/models/Sugar_Bone_1.tgs
Snoopy 0.5%,https://imperator-server.onrender.com/storage-proxy/gift_assets/models/Snoopy_0.tgs
All In 2%,https://imperator-server.onrender.com/storage-proxy/gift_assets/models/All_In_2.tgs
Real Dog 1.5%,https://imperator-server.onrender.com/storage-proxy/gift_assets/models/Real_Dog_1.tgs
Double Cup 2%,https://imperator-server.onrender.com/storage-proxy/gift_assets/models/Double_Cup_2.tgs
Champion 0.5%,https://imperator-server.onrender.com/storage-proxy/gift_assets/models/Champion_0.tgs
Gin and Juice 1%,https://imperator-server.onrender.com/storage-proxy/gift_assets/models/Gin_and_Juice_1.tgs
Doggfather 1.5%,https://imperator-server.onrender.com/storage-proxy/gift_assets/models/Doggfather_1.tgs
Cheeky Puppy 1%,https://imperator-server.onrender.com/storage-proxy/gift_assets/models/Cheeky_Puppy_1.tgs
Most Wanted 1.5%,https://imperator-server.onrender.com/storage-proxy/gift_assets/models/Most_Wanted_1.tgs
Drop It 2%,https://imperator-server.onrender.com/storage-proxy/gift_assets/models/Drop_It_2.tgs
Fresh Smoke 1%,https://imperator-server.onrender.com/storage-proxy/gift_assets/models/Fresh_Smoke_1.tgs
Two Sweet! 3%,https://imperator-server.onrender.com/storage-proxy/gift_assets/models/Two_Sweet_3.tgs
Six Senses 3%,https://imperator-server.onrender.com/storage-proxy/gift_assets/models/Six_Senses_3.tgs
Minion 2.5%,https://imperator-server.onrender.com/storage-proxy/gift_assets/models/Minion_2.tgs
Cloud Nine 3%,https://imperator-server.onrender.com/storage-proxy/gift_assets/models/Cloud_Nine_3.tgs
Circus 1%,https://imperator-server.onrender.com/storage-proxy/gift_assets/models/Circus_1.tgs
Bag End 2%,https://imperator-server.onrender.com/storage-proxy/gift_assets/models/Bag_End_2.tgs
Arizona 2.5%,https://imperator-server.onrender.com/storage-proxy/gift_assets/models/Arizona_2.tgs
Cherry Top 3%,https://imperator-server.onrender.com/storage-proxy/gift_assets/models/Cherry_Top_3.tgs
Rising Dead 3%,https://imperator-server.onrender.com/storage-proxy/gift_assets/models/Rising_Dead_3.tgs
Cream Scream 2%,https://imperator-server.onrender.com/storage-proxy/gift_assets/models/Cream_Scream_2.tgs
Wasteland 2.5%,https://imperator-server.onrender.com/storage-proxy/gift_assets/models/Wasteland_2.tgs
Ogre Snack 1%,https://imperator-server.onrender.com/storage-proxy/gift_assets/models/Ogre_Snack_1.tgs
High Five 3%,https://imperator-server.onrender.com/storage-proxy/gift_assets/models/High_Five_3.tgs
Poopy Pie 1.5%,https://imperator-server.onrender.com/storage-proxy/gift_assets/models/Poopy_Pie_1.tgs
Jolly Roger 2.5%,https://imperator-server.onrender.com/storage-proxy/gift_assets/models/Jolly_Roger_2.tgs
Unicorn 2.5%,https://imperator-server.onrender.com/storage-proxy/gift_assets/models/Unicorn_2.tgs
Starfish 1%,https://imperator-server.onrender.com/storage-proxy/gift_assets/models/Starfish_1.tgs
Triple Treat 3%,https://imperator-server.onrender.com/storage-proxy/gift_assets/models/Triple_Treat_3.tgs
Spiritwood 2.5%,https://imperator-server.onrender.com/storage-proxy/gift_assets/models/Spiritwood_2.tgs
Paradise 2.5%,https://imperator-server.onrender.com/storage-proxy/gift_assets/models/Paradise_2.tgs
Sweetheart 1.5%,https://imperator-server.onrender.com/storage-proxy/gift_assets/models/Sweetheart_1.tgs
Half-Life 2%,https://imperator-server.onrender.com/storage-proxy/gift_assets/models/Half-Life_2.tgs
Sugar Daddy 1%,https://imperator-server.onrender.com/storage-proxy/gift_assets/models/Sugar_Daddy_1.tgs
Sponge Duck 2.5%,https://imperator-server.onrender.com/storage-proxy/gift_assets/models/Sponge_Duck_2.tgs
Bitter Sweet 2.5%,https://imperator-server.onrender.com/storage-proxy/gift_assets/models/Bitter_Sweet_2.tgs
Zero Sugar 3%,https://imperator-server.onrender.com/storage-proxy/gift_assets/models/Zero_Sugar_3.tgs
Trump Cake 1%,https://imperator-server.onrender.com/storage-proxy/gift_assets/models/Trump_Cake_1.tgs
March Eight 3%,https://imperator-server.onrender.com/storage-proxy/gift_assets/models/March_Eight_3.tgs
Gummy Bears 1.5%,https://imperator-server.onrender.com/storage-proxy/gift_assets/models/Gummy_Bears_1.tgs
Heaven Seven 3%,https://imperator-server.onrender.com/storage-proxy/gift_assets/models/Heaven_Seven_3.tgs
Fantastic Four 3%,https://imperator-server.onrender.com/storage-proxy/gift_assets/models/Fantastic_Four_3.tgs
Blueberry Hill 3%,https://imperator-server.onrender.com/storage-proxy/gift_assets/models/Blueberry_Hill_3.tgs
Tarot Cards 1.5%,https://imperator-server.onrender.com/storage-proxy/gift_assets/models/Tarot_Cards_1.tgs
Maneki Neko 1.5%,https://imperator-server.onrender.com/storage-proxy/gift_assets/models/Maneki_Neko_1.tgs
Trippy 1.5%,https://imperator-server.onrender.com/storage-proxy/gift_assets/models/Trippy_1.tgs
Demoman 1.5%,https://imperator-server.onrender.com/storage-proxy/gift_assets/models/Demoman_1.tgs
Hellspawn 1.5%,https://imperator-server.onrender.com/storage-proxy/gift_assets/models/Hellspawn_1.tgs
First Bite 3%,https://imperator-server.onrender.com/storage-proxy/gift_assets/models/First_Bite_3.tgs
Hawaii 2.5%,https://imperator-server.onrender.com/storage-proxy/gift_assets/models/Hawaii_2.tgs
Biohazard 2%,https://imperator-server.onrender.com/storage-proxy/gift_assets/models/Biohazard_2.tgs
Alien Slime 2%,https://imperator-server.onrender.com/storage-proxy/gift_assets/models/Alien_Slime_2.tgs
Deep State 0.5%,https://imperator-server.onrender.com/storage-proxy/gift_assets/models/Deep_State_0.tgs
Toncoin 1%,https://imperator-server.onrender.com/storage-proxy/gift_assets/models/Toncoin_1.tgs
Resistance 0.5%,https://imperator-server.onrender.com/storage-proxy/gift_assets/models/Resistance_0.tgs
Fast Charge 1%,https://imperator-server.onrender.com/storage-proxy/gift_assets/models/Fast_Charge_1.tgs
Flamingo 2%,https://imperator-server.onrender.com/storage-proxy/gift_assets/models/Flamingo_2.tgs
Sunny Bunny 2%,https://imperator-server.onrender.com/storage-proxy/gift_assets/models/Sunny_Bunny_2.tgs
Winter Tea 0.9%,https://imperator-server.onrender.com/storage-proxy/gift_assets/models/Winter_Tea_0.tgs
Dragee 2%,https://imperator-server.onrender.com/storage-proxy/gift_assets/models/Dragee_2.tgs
Rowan Berry 1%,https://imperator-server.onrender.com/storage-proxy/gift_assets/models/Rowan_Berry_1.tgs
Mojito 2%,https://imperator-server.onrender.com/storage-proxy/gift_assets/models/Mojito_2.tgs
Gingerbread 0.7%,https://imperator-server.onrender.com/storage-proxy/gift_assets/models/Gingerbread_0.tgs
Halloween 0.9%,https://imperator-server.onrender.com/storage-proxy/gift_assets/models/Halloween_0.tgs
Cold Night 2%,https://imperator-server.onrender.com/storage-proxy/gift_assets/models/Cold_Night_2.tgs
Hearth 2%,https://imperator-server.onrender.com/storage-proxy/gift_assets/models/Hearth_2.tgs
Princess Day 2%,https://imperator-server.onrender.com/storage-proxy/gift_assets/models/Princess_Day_2.tgs
Festivity 2%,https://imperator-server.onrender.com/storage-proxy/gift_assets/models/Festivity_2.tgs
Night Bell 2%,https://imperator-server.onrender.com/storage-proxy/gift_assets/models/Night_Bell_2.tgs
Hellfire 0.3%,https://imperator-server.onrender.com/storage-proxy/gift_assets/models/Hellfire_0.tgs
Coloring Book 2%,https://imperator-server.onrender.com/storage-proxy/gift_assets/models/Coloring_Book_2.tgs
Holly Leaves 0.7%,https://imperator-server.onrender.com/storage-proxy/gift_assets/models/Holly_Leaves_0.tgs
Snowball 2%,https://imperator-server.onrender.com/storage-proxy/gift_assets/models/Snowball_2.tgs
Mouse 0.5%,https://imperator-server.onrender.com/storage-proxy/gift_assets/models/Mouse_0.tgs
Cheesecake 2%,https://imperator-server.onrender.com/storage-proxy/gift_assets/models/Cheesecake_2.tgs
Chocolate 2%,https://imperator-server.onrender.com/storage-proxy/gift_assets/models/Chocolate_2.tgs
Glimmer 2%,https://imperator-server.onrender.com/storage-proxy/gift_assets/models/Glimmer_2.tgs
Cotton Candy 2%,https://imperator-server.onrender.com/storage-proxy/gift_assets/models/Cotton_Candy_2.tgs
Tinsel 2%,https://imperator-server.onrender.com/storage-proxy/gift_assets/models/Tinsel_2.tgs
Seashell 0.3%,https://imperator-server.onrender.com/storage-proxy/gift_assets/models/Seashell_0.tgs
Negative 2%,https://imperator-server.onrender.com/storage-proxy/gift_assets/models/Negative_2.tgs
Barbie Core 2%,https://imperator-server.onrender.com/storage-proxy/gift_assets/models/Barbie_Core_2.tgs
Snowman 0.5%,https://imperator-server.onrender.com/storage-proxy/gift_assets/models/Snowman_0.tgs
Old Movie 2%,https://imperator-server.onrender.com/storage-proxy/gift_assets/models/Old_Movie_2.tgs
Bubble Gum 2%,https://imperator-server.onrender.com/storage-proxy/gift_assets/models/Bubble_Gum_2.tgs
Confetti 2%,https://imperator-server.onrender.com/storage-proxy/gift_assets/models/Confetti_2.tgs
Frosty 2%,https://imperator-server.onrender.com/storage-proxy/gift_assets/models/Frosty_2.tgs
Ornament 0.9%,https://imperator-server.onrender.com/storage-proxy/gift_assets/models/Ornament_0.tgs
Fluffy 0.5%,https://imperator-server.onrender.com/storage-proxy/gift_assets/models/Fluffy_0.tgs
Butterfly 0.9%,https://imperator-server.onrender.com/storage-proxy/gift_assets/models/Butterfly_0.tgs
Sprinkles 2%,https://imperator-server.onrender.com/storage-proxy/gift_assets/models/Sprinkles_2.tgs
Mulled Wine 2%,https://imperator-server.onrender.com/storage-proxy/gift_assets/models/Mulled_Wine_2.tgs
Golden Bough 1%,https://imperator-server.onrender.com/storage-proxy/gift_assets/models/Golden_Bough_1.tgs
Celebration 2%,https://imperator-server.onrender.com/storage-proxy/gift_assets/models/Celebration_2.tgs
Raspberry 2%,https://imperator-server.onrender.com/storage-proxy/gift_assets/models/Raspberry_2.tgs
Berry Yogurt 2%,https://imperator-server.onrender.com/storage-proxy/gift_assets/models/Berry_Yogurt_2.tgs
Fireworks 0.3%,https://imperator-server.onrender.com/storage-proxy/gift_assets/models/Fireworks_0.tgs
Pine Bloom 2%,https://imperator-server.onrender.com/storage-proxy/gift_assets/models/Pine_Bloom_2.tgs
Lemon Cake 2%,https://imperator-server.onrender.com/storage-proxy/gift_assets/models/Lemon_Cake_2.tgs
Spirit 2%,https://imperator-server.onrender.com/storage-proxy/gift_assets/models/Spirit_2.tgs
Everbright 2%,https://imperator-server.onrender.com/storage-proxy/gift_assets/models/Everbright_2.tgs
Unicorn 2%,https://imperator-server.onrender.com/storage-proxy/gift_assets/models/Unicorn_2.tgs
Love Smoke 0.3%,https://imperator-server.onrender.com/storage-proxy/gift_assets/models/Love_Smoke_0.tgs
Aquamarine 2%,https://imperator-server.onrender.com/storage-proxy/gift_assets/models/Aquamarine_2.tgs
Crossbones 0.3%,https://imperator-server.onrender.com/storage-proxy/gift_assets/models/Crossbones_0.tgs
Honey Dew 2%,https://imperator-server.onrender.com/storage-proxy/gift_assets/models/Honey_Dew_2.tgs
Wonderland 0.5%,https://imperator-server.onrender.com/storage-proxy/gift_assets/models/Wonderland_0.tgs
Berry Meadow 0.3%,https://imperator-server.onrender.com/storage-proxy/gift_assets/models/Berry_Meadow_0.tgs
Harmony 2%,https://imperator-server.onrender.com/storage-proxy/gift_assets/models/Harmony_2.tgs
Moon Cat 0.5%,https://imperator-server.onrender.com/storage-proxy/gift_assets/models/Moon_Cat_0.tgs
Heart Bell 0.9%,https://imperator-server.onrender.com/storage-proxy/gift_assets/models/Heart_Bell_0.tgs
Noel Twist 2%,https://imperator-server.onrender.com/storage-proxy/gift_assets/models/Noel_Twist_2.tgs
Happy Santa 0.9%,https://imperator-server.onrender.com/storage-proxy/gift_assets/models/Happy_Santa_0.tgs
Candles 0.3%,https://imperator-server.onrender.com/storage-proxy/gift_assets/models/Candles_0.tgs
Black Kitty 0.3%,https://imperator-server.onrender.com/storage-proxy/gift_assets/models/Black_Kitty_0.tgs
Telegram 0.3%,https://imperator-server.onrender.com/storage-proxy/gift_assets/models/Telegram_0.tgs
Neon Sign 0.3%,https://imperator-server.onrender.com/storage-proxy/gift_assets/models/Neon_Sign_0.tgs
Spider Web 0.5%,https://imperator-server.onrender.com/storage-proxy/gift_assets/models/Spider_Web_0.tgs
Witch Hazel 1.5%,https://imperator-server.onrender.com/storage-proxy/gift_assets/models/Witch_Hazel_1.tgs
Incense 1.5%,https://imperator-server.onrender.com/storage-proxy/gift_assets/models/Incense_1.tgs
Mine Time 0.5%,https://imperator-server.onrender.com/storage-proxy/gift_assets/models/Mine_Time_0.tgs
Pink Pixie 1.5%,https://imperator-server.onrender.com/storage-proxy/gift_assets/models/Pink_Pixie_1.tgs
Maleficar 1.5%,https://imperator-server.onrender.com/storage-proxy/gift_assets/models/Maleficar_1.tgs
Guava 1.5%,https://imperator-server.onrender.com/storage-proxy/gift_assets/models/Guava_1.tgs
Techno 1%,https://imperator-server.onrender.com/storage-proxy/gift_assets/models/Techno_1.tgs
Little Wizard 1.5%,https://imperator-server.onrender.com/storage-proxy/gift_assets/models/Little_Wizard_1.tgs
Sorcière 0.5%,https://imperator-server.onrender.com/storage-proxy/gift_assets/models/Sorcière_0.tgs
Beetroot 1.5%,https://imperator-server.onrender.com/storage-proxy/gift_assets/models/Beetroot_1.tgs
Color Spray 1.5%,https://imperator-server.onrender.com/storage-proxy/gift_assets/models/Color_Spray_1.tgs
Striped 1%,https://imperator-server.onrender.com/storage-proxy/gift_assets/models/Striped_1.tgs
Vintage 1.5%,https://imperator-server.onrender.com/storage-proxy/gift_assets/models/Vintage_1.tgs
Narnia 1.5%,https://imperator-server.onrender.com/storage-proxy/gift_assets/models/Narnia_1.tgs
Daphnaie 0.5%,https://imperator-server.onrender.com/storage-proxy/gift_assets/models/Daphnaie_0.tgs
Sand Cloak 1.5%,https://imperator-server.onrender.com/storage-proxy/gift_assets/models/Sand_Cloak_1.tgs
Morgana 1.5%,https://imperator-server.onrender.com/storage-proxy/gift_assets/models/Morgana_1.tgs
Manacost 1.5%,https://imperator-server.onrender.com/storage-proxy/gift_assets/models/Manacost_1.tgs
Hat Shot 0.5%,https://imperator-server.onrender.com/storage-proxy/gift_assets/models/Hat_Shot_0.tgs
Picasso 1.5%,https://imperator-server.onrender.com/storage-proxy/gift_assets/models/Picasso_1.tgs
Folklore 1.5%,https://imperator-server.onrender.com/storage-proxy/gift_assets/models/Folklore_1.tgs
Hallowed 1.5%,https://imperator-server.onrender.com/storage-proxy/gift_assets/models/Hallowed_1.tgs
Dragonfruit 1.5%,https://imperator-server.onrender.com/storage-proxy/gift_assets/models/Dragonfruit_1.tgs
Hobbit 1.5%,https://imperator-server.onrender.com/storage-proxy/gift_assets/models/Hobbit_1.tgs
Nebula Mist 1%,https://imperator-server.onrender.com/storage-proxy/gift_assets/models/Nebula_Mist_1.tgs
Ube Tea 1.5%,https://imperator-server.onrender.com/storage-proxy/gift_assets/models/Ube_Tea_1.tgs
Alchemy 0.5%,https://imperator-server.onrender.com/storage-proxy/gift_assets/models/Alchemy_0.tgs
Ectoplasm 1.5%,https://imperator-server.onrender.com/storage-proxy/gift_assets/models/Ectoplasm_1.tgs
Observer 0.5%,https://imperator-server.onrender.com/storage-proxy/gift_assets/models/Observer_0.tgs
Candelabra 0.5%,https://imperator-server.onrender.com/storage-proxy/gift_assets/models/Candelabra_0.tgs
Sorting Cat 0.5%,https://imperator-server.onrender.com/storage-proxy/gift_assets/models/Sorting_Cat_0.tgs
Cat’s Grasp 1.5%,https://imperator-server.onrender.com/storage-proxy/gift_assets/models/Cats_Grasp_1.tgs
Black Magic 0.5%,https://imperator-server.onrender.com/storage-proxy/gift_assets/models/Black_Magic_0.tgs
Old Ochre 1.5%,https://imperator-server.onrender.com/storage-proxy/gift_assets/models/Old_Ochre_1.tgs
Lorendale 1.5%,https://imperator-server.onrender.com/storage-proxy/gift_assets/models/Lorendale_1.tgs
Ultraviolet 0.5%,https://imperator-server.onrender.com/storage-proxy/gift_assets/models/Ultraviolet_0.tgs
Illusion 0.5%,https://imperator-server.onrender.com/storage-proxy/gift_assets/models/Illusion_0.tgs
Pyromancy 1.5%,https://imperator-server.onrender.com/storage-proxy/gift_assets/models/Pyromancy_1.tgs
Canvas 1%,https://imperator-server.onrender.com/storage-proxy/gift_assets/models/Canvas_1.tgs
Cthulhu 0.5%,https://imperator-server.onrender.com/storage-proxy/gift_assets/models/Cthulhu_0.tgs
Arts Major 0.5%,https://imperator-server.onrender.com/storage-proxy/gift_assets/models/Arts_Major_0.tgs
Morrigan 1.5%,https://imperator-server.onrender.com/storage-proxy/gift_assets/models/Morrigan_1.tgs
Hypnosis 1%,https://imperator-server.onrender.com/storage-proxy/gift_assets/models/Hypnosis_1.tgs
Baba Yaga 1.5%,https://imperator-server.onrender.com/storage-proxy/gift_assets/models/Baba_Yaga_1.tgs
Cone of Cold 0.5%,https://imperator-server.onrender.com/storage-proxy/gift_assets/models/Cone_of_Cold_0.tgs
Fae Touched 0.5%,https://imperator-server.onrender.com/storage-proxy/gift_assets/models/Fae_Touched_0.tgs
Blood Mage 1.5%,https://imperator-server.onrender.com/storage-proxy/gift_assets/models/Blood_Mage_1.tgs
Jumpscare 0.5%,https://imperator-server.onrender.com/storage-proxy/gift_assets/models/Jumpscare_0.tgs
Arctic 0.5%,https://imperator-server.onrender.com/storage-proxy/gift_assets/models/Arctic_0.tgs
Cherub 0.5%,https://imperator-server.onrender.com/storage-proxy/gift_assets/models/Cherub_0.tgs
Cat Familiar 0.5%,https://imperator-server.onrender.com/storage-proxy/gift_assets/models/Cat_Familiar_0.tgs
Junk Mage 1.5%,https://imperator-server.onrender.com/storage-proxy/gift_assets/models/Junk_Mage_1.tgs
Classic 1.5%,https://imperator-server.onrender.com/storage-proxy/gift_assets/models/Classic_1.tgs
Lemon Aid 1.5%,https://imperator-server.onrender.com/storage-proxy/gift_assets/models/Lemon_Aid_1.tgs
Young Witch 1.5%,https://imperator-server.onrender.com/storage-proxy/gift_assets/models/Young_Witch_1.tgs
Martian Night 1.5%,https://imperator-server.onrender.com/storage-proxy/gift_assets/models/Martian_Night_1.tgs
Wild Magic 1.5%,https://imperator-server.onrender.com/storage-proxy/gift_assets/models/Wild_Magic_1.tgs
Pinstripe 1%,https://imperator-server.onrender.com/storage-proxy/gift_assets/models/Pinstripe_1.tgs
Downtown 1%,https://imperator-server.onrender.com/storage-proxy/gift_assets/models/Downtown_1.tgs
Sneak Attack 0.5%,https://imperator-server.onrender.com/storage-proxy/gift_assets/models/Sneak_Attack_0.tgs
Aeromancy 1.5%,https://imperator-server.onrender.com/storage-proxy/gift_assets/models/Aeromancy_1.tgs
Orchard 1.5%,https://imperator-server.onrender.com/storage-proxy/gift_assets/models/Orchard_1.tgs
Spyglass 0.5%,https://imperator-server.onrender.com/storage-proxy/gift_assets/models/Spyglass_0.tgs
Ember Touch 1.5%,https://imperator-server.onrender.com/storage-proxy/gift_assets/models/Ember_Touch_1.tgs
Sylvester 0.5%,https://imperator-server.onrender.com/storage-proxy/gift_assets/models/Sylvester_0.tgs
Smoke Veil 1.5%,https://imperator-server.onrender.com/storage-proxy/gift_assets/models/Smoke_Veil_1.tgs
Dark Side 0.5%,https://imperator-server.onrender.com/storage-proxy/gift_assets/models/Dark_Side_0.tgs
Seaside 1.5%,https://imperator-server.onrender.com/storage-proxy/gift_assets/models/Seaside_1.tgs
Mad Wizard 1.5%,https://imperator-server.onrender.com/storage-proxy/gift_assets/models/Mad_Wizard_1.tgs
Hex Taxi 1%,https://imperator-server.onrender.com/storage-proxy/gift_assets/models/Hex_Taxi_1.tgs
Luminous 1.5%,https://imperator-server.onrender.com/storage-proxy/gift_assets/models/Luminous_1.tgs
Spellcaster 1.5%,https://imperator-server.onrender.com/storage-proxy/gift_assets/models/Spellcaster_1.tgs
Christmas 0.5%,https://imperator-server.onrender.com/storage-proxy/gift_assets/models/Christmas_0.tgs
Freyja 0.5%,https://imperator-server.onrender.com/storage-proxy/gift_assets/models/Freyja_0.tgs
Obi-Wan 0.5%,https://imperator-server.onrender.com/storage-proxy/gift_assets/models/Obi-Wan_0.tgs
Polka Dot 0.5%,https://imperator-server.onrender.com/storage-proxy/gift_assets/models/Polka_Dot_0.tgs
Radagast 0.5%,https://imperator-server.onrender.com/storage-proxy/gift_assets/models/Radagast_0.tgs
Hatroulette 0.5%,https://imperator-server.onrender.com/storage-proxy/gift_assets/models/Hatroulette_0.tgs
Mordor 0.5%,https://imperator-server.onrender.com/storage-proxy/gift_assets/models/Mordor_0.tgs
DJ Witch 0.5%,https://imperator-server.onrender.com/storage-proxy/gift_assets/models/DJ_Witch_0.tgs
Bat Swarm 0.5%,https://imperator-server.onrender.com/storage-proxy/gift_assets/models/Bat_Swarm_0.tgs
Ethereal 1.5%,https://imperator-server.onrender.com/storage-proxy/gift_assets/models/Ethereal_1.tgs
Patchwork 0.5%,https://imperator-server.onrender.com/storage-proxy/gift_assets/models/Patchwork_0.tgs
Confetti 0.5%,https://imperator-server.onrender.com/storage-proxy/gift_assets/models/Confetti_0.tgs
Green Flag 0.5%,https://imperator-server.onrender.com/storage-proxy/gift_assets/models/Green_Flag_0.tgs
Necromancy 0.5%,https://imperator-server.onrender.com/storage-proxy/gift_assets/models/Necromancy_0.tgs
Holiday 0.5%,https://imperator-server.onrender.com/storage-proxy/gift_assets/models/Holiday_0.tgs
Halftone 0.5%,https://imperator-server.onrender.com/storage-proxy/gift_assets/models/Halftone_0.tgs
Red Flag 0.5%,https://imperator-server.onrender.com/storage-proxy/gift_assets/models/Red_Flag_0.tgs
Merlin 0.5%,https://imperator-server.onrender.com/storage-proxy/gift_assets/models/Merlin_0.tgs
Banished 0.5%,https://imperator-server.onrender.com/storage-proxy/gift_assets/models/Banished_0.tgs
Darkvision 2.2%,https://imperator-server.onrender.com/storage-proxy/gift_assets/models/Darkvision_2.tgs
Fresh Lemon 2.2%,https://imperator-server.onrender.com/storage-proxy/gift_assets/models/Fresh_Lemon_2.tgs
Lime Treats 3%,https://imperator-server.onrender.com/storage-proxy/gift_assets/models/Lime_Treats_3.tgs
Toxic Grape 3%,https://imperator-server.onrender.com/storage-proxy/gift_assets/models/Toxic_Grape_3.tgs
Universe 1%,https://imperator-server.onrender.com/storage-proxy/gift_assets/models/Universe_1.tgs
Helltaker 3%,https://imperator-server.onrender.com/storage-proxy/gift_assets/models/Helltaker_3.tgs
Photo Negative 3%,https://imperator-server.onrender.com/storage-proxy/gift_assets/models/Photo_Negative_3.tgs
Abandoned 0.5%,https://imperator-server.onrender.com/storage-proxy/gift_assets/models/Abandoned_0.tgs
Light Show 1%,https://imperator-server.onrender.com/storage-proxy/gift_assets/models/Light_Show_1.tgs
Toxic Brew 0.5%,https://imperator-server.onrender.com/storage-proxy/gift_assets/models/Toxic_Brew_0.tgs
Cold Feet 3%,https://imperator-server.onrender.com/storage-proxy/gift_assets/models/Cold_Feet_3.tgs
Kindergarten 3%,https://imperator-server.onrender.com/storage-proxy/gift_assets/models/Kindergarten_3.tgs
Lavender 2.2%,https://imperator-server.onrender.com/storage-proxy/gift_assets/models/Lavender_2.tgs
Pink Ink 1.5%,https://imperator-server.onrender.com/storage-proxy/gift_assets/models/Pink_Ink_1.tgs
Nightmirror 2.2%,https://imperator-server.onrender.com/storage-proxy/gift_assets/models/Nightmirror_2.tgs
Translucent 1.5%,https://imperator-server.onrender.com/storage-proxy/gift_assets/models/Translucent_1.tgs
Pink Glitter 1.2%,https://imperator-server.onrender.com/storage-proxy/gift_assets/models/Pink_Glitter_1.tgs
Hot Winter 2.2%,https://imperator-server.onrender.com/storage-proxy/gift_assets/models/Hot_Winter_2.tgs
Arctic 1%,https://imperator-server.onrender.com/storage-proxy/gift_assets/models/Arctic_1.tgs
Fairy Tale 0.5%,https://imperator-server.onrender.com/storage-proxy/gift_assets/models/Fairy_Tale_0.tgs
Vintage 3%,https://imperator-server.onrender.com/storage-proxy/gift_assets/models/Vintage_3.tgs
Halloween 0.5%,https://imperator-server.onrender.com/storage-proxy/gift_assets/models/Halloween_0.tgs
Mint Stitches 3%,https://imperator-server.onrender.com/storage-proxy/gift_assets/models/Mint_Stitches_3.tgs
Banana Love 1%,https://imperator-server.onrender.com/storage-proxy/gift_assets/models/Banana_Love_1.tgs
Bada-Boom! 1%,https://imperator-server.onrender.com/storage-proxy/gift_assets/models/Bada-Boom_1.tgs
Frozen Moss 3%,https://imperator-server.onrender.com/storage-proxy/gift_assets/models/Frozen_Moss_3.tgs
Privet 1%,https://imperator-server.onrender.com/storage-proxy/gift_assets/models/Privet_1.tgs
Toffee 3%,https://imperator-server.onrender.com/storage-proxy/gift_assets/models/Toffee_3.tgs
Gemstone 0.8%,https://imperator-server.onrender.com/storage-proxy/gift_assets/models/Gemstone_0.tgs
Candy Shop 1.5%,https://imperator-server.onrender.com/storage-proxy/gift_assets/models/Candy_Shop_1.tgs
Bloody 3%,https://imperator-server.onrender.com/storage-proxy/gift_assets/models/Bloody_3.tgs
Shiny Peach 1%,https://imperator-server.onrender.com/storage-proxy/gift_assets/models/Shiny_Peach_1.tgs
Pink Faerie 3%,https://imperator-server.onrender.com/storage-proxy/gift_assets/models/Pink_Faerie_3.tgs
Orange Dusk 2.2%,https://imperator-server.onrender.com/storage-proxy/gift_assets/models/Orange_Dusk_2.tgs
Tangerine 3%,https://imperator-server.onrender.com/storage-proxy/gift_assets/models/Tangerine_3.tgs
Pixel Tools 1%,https://imperator-server.onrender.com/storage-proxy/gift_assets/models/Pixel_Tools_1.tgs
Caramel Fest 2.2%,https://imperator-server.onrender.com/storage-proxy/gift_assets/models/Caramel_Fest_2.tgs
Morgenstern 0.5%,https://imperator-server.onrender.com/storage-proxy/gift_assets/models/Morgenstern_0.tgs
Heaven 0.5%,https://imperator-server.onrender.com/storage-proxy/gift_assets/models/Heaven_0.tgs
Cowboy 0.5%,https://imperator-server.onrender.com/storage-proxy/gift_assets/models/Cowboy_0.tgs
Retro Disco 1%,https://imperator-server.onrender.com/storage-proxy/gift_assets/models/Retro_Disco_1.tgs
Radioactive 1%,https://imperator-server.onrender.com/storage-proxy/gift_assets/models/Radioactive_1.tgs
Outline 1.5%,https://imperator-server.onrender.com/storage-proxy/gift_assets/models/Outline_1.tgs
Old School 2.2%,https://imperator-server.onrender.com/storage-proxy/gift_assets/models/Old_School_2.tgs
Little Mouse 1%,https://imperator-server.onrender.com/storage-proxy/gift_assets/models/Little_Mouse_1.tgs
Electric Sock 1%,https://imperator-server.onrender.com/storage-proxy/gift_assets/models/Electric_Sock_1.tgs
Crypto Wallet 0.5%,https://imperator-server.onrender.com/storage-proxy/gift_assets/models/Crypto_Wallet_0.tgs
Boggy Glow 1%,https://imperator-server.onrender.com/storage-proxy/gift_assets/models/Boggy_Glow_1.tgs
Shinobi 0.7%,https://imperator-server.onrender.com/storage-proxy/gift_assets/models/Shinobi_0.tgs
Monster 0.5%,https://imperator-server.onrender.com/storage-proxy/gift_assets/models/Monster_0.tgs
Overdose 0.5%,https://imperator-server.onrender.com/storage-proxy/gift_assets/models/Overdose_0.tgs
Cash Balance 0.5%,https://imperator-server.onrender.com/storage-proxy/gift_assets/models/Cash_Balance_0.tgs
Swamp Party 1%,https://imperator-server.onrender.com/storage-proxy/gift_assets/models/Swamp_Party_1.tgs
Malevich 0.5%,https://imperator-server.onrender.com/storage-proxy/gift_assets/models/Malevich_0.tgs
Emo Love 1%,https://imperator-server.onrender.com/storage-proxy/gift_assets/models/Emo_Love_1.tgs
Shine On! 1%,https://imperator-server.onrender.com/storage-proxy/gift_assets/models/Shine_On_1.tgs
Fireplace 0.5%,https://imperator-server.onrender.com/storage-proxy/gift_assets/models/Fireplace_0.tgs